id,user_id,total,created_at
1,1,0.00,2024-01-01 00:00:00
2,2,0.00,2024-01-01 00:00:00
3,3,0.00,2024-01-01 00:00:00
4,4,0.00,2024-01-01 00:00:00
5,5,0.00,2024-01-01 00:00:00
6,6,0.00,2024-01-01 00:00:00
7,7,0.00,2024-01-01 00:00:00
8,8,0.00,2024-01-01 00:00:00
9,9,0.00,2024-01-01 00:00:00
10,10,0.00,2024-01-01 00:00:00
11,11,0.00,2024-01-01 00:00:00
12,12,0.00,2024-01-01 00:00:00
13,13,0.00,2024-01-01 00:00:00
14,14,0.00,2024-01-01 00:00:00
15,15,0.00,2024-01-01 00:00:00
16,16,0.00,2024-01-01 00:00:00
17,17,0.00,2024-01-01 00:00:00
18,18,0.00,2024-01-01 00:00:00
19,19,0.00,2024-01-01 00:00:00
20,20,0.00,2024-01-01 00:00:00
21,21,0.00,2024-01-01 00:00:00
22,22,0.00,2024-01-01 00:00:00
23,23,0.00,2024-01-01 00:00:00
24,24,0.00,2024-01-01 00:00:00
25,25,0.00,2024-01-01 00:00:00
26,26,0.00,2024-01-01 00:00:00
27,27,0.00,2024-01-01 00:00:00
28,28,0.00,2024-01-01 00:00:00
29,29,0.00,2024-01-01 00:00:00
30,30,0.00,2024-01-01 00:00:00
31,31,0.00,2024-01-01 00:00:00
32,32,0.00,2024-01-01 00:00:00
33,33,0.00,2024-01-01 00:00:00
34,34,0.00,2024-01-01 00:00:00
35,35,0.00,2024-01-01 00:00:00
36,36,0.00,2024-01-01 00:00:00
37,37,0.00,2024-01-01 00:00:00
38,38,0.00,2024-01-01 00:00:00
39,39,0.00,2024-01-01 00:00:00
40,40,0.00,2024-01-01 00:00:00
41,41,0.00,2024-01-01 00:00:00
42,42,0.00,2024-01-01 00:00:00
43,43,0.00,2024-01-01 00:00:00
44,44,0.00,2024-01-01 00:00:00
45,45,0.00,2024-01-01 00:00:00
46,46,0.00,2024-01-01 00:00:00
47,47,0.00,2024-01-01 00:00:00
48,48,0.00,2024-01-01 00:00:00
49,49,0.00,2024-01-01 00:00:00
50,50,0.00,2024-01-01 00:00:00
51,51,0.00,2024-01-01 00:00:00
52,52,0.00,2024-01-01 00:00:00
53,53,0.00,2024-01-01 00:00:00
54,54,0.00,2024-01-01 00:00:00
55,55,0.00,2024-01-01 00:00:00
56,56,0.00,2024-01-01 00:00:00
57,57,0.00,2024-01-01 00:00:00
58,58,0.00,2024-01-01 00:00:00
59,59,0.00,2024-01-01 00:00:00
60,60,0.00,2024-01-01 00:00:00
61,61,0.00,2024-01-01 00:00:00
62,62,0.00,2024-01-01 00:00:00
63,63,0.00,2024-01-01 00:00:00
64,64,0.00,2024-01-01 00:00:00
65,65,0.00,2024-01-01 00:00:00
66,66,0.00,2024-01-01 00:00:00
67,67,0.00,2024-01-01 00:00:00
68,68,0.00,2024-01-01 00:00:00
69,69,0.00,2024-01-01 00:00:00
70,70,0.00,2024-01-01 00:00:00
71,71,0.00,2024-01-01 00:00:00
72,72,0.00,2024-01-01 00:00:00
73,73,0.00,2024-01-01 00:00:00
74,74,0.00,2024-01-01 00:00:00
75,75,0.00,2024-01-01 00:00:00
76,76,0.00,2024-01-01 00:00:00
77,77,0.00,2024-01-01 00:00:00
78,78,0.00,2024-01-01 00:00:00
79,79,0.00,2024-01-01 00:00:00
80,80,0.00,2024-01-01 00:00:00
81,81,0.00,2024-01-01 00:00:00
82,82,0.00,2024-01-01 00:00:00
83,83,0.00,2024-01-01 00:00:00
84,84,0.00,2024-01-01 00:00:00
85,85,0.00,2024-01-01 00:00:00
86,86,0.00,2024-01-01 00:00:00
87,87,0.00,2024-01-01 00:00:00
88,88,0.00,2024-01-01 00:00:00
89,89,0.00,2024-01-01 00:00:00
90,90,0.00,2024-01-01 00:00:00
91,91,0.00,2024-01-01 00:00:00
92,92,0.00,2024-01-01 00:00:00
93,93,0.00,2024-01-01 00:00:00
94,94,0.00,2024-01-01 00:00:00
95,95,0.00,2024-01-01 00:00:00
96,96,0.00,2024-01-01 00:00:00
97,97,0.00,2024-01-01 00:00:00
98,98,0.00,2024-01-01 00:00:00
99,99,0.00,2024-01-01 00:00:00
100,100,0.00,2024-01-01 00:00:00
101,101,0.00,2024-01-01 00:00:00
102,102,0.00,2024-01-01 00:00:00
103,103,0.00,2024-01-01 00:00:00
104,104,0.00,2024-01-01 00:00:00
105,105,0.00,2024-01-01 00:00:00
106,106,0.00,2024-01-01 00:00:00
107,107,0.00,2024-01-01 00:00:00
108,108,0.00,2024-01-01 00:00:00
109,109,0.00,2024-01-01 00:00:00
110,110,0.00,2024-01-01 00:00:00
111,111,0.00,2024-01-01 00:00:00
112,112,0.00,2024-01-01 00:00:00
113,113,0.00,2024-01-01 00:00:00
114,114,0.00,2024-01-01 00:00:00
115,115,0.00,2024-01-01 00:00:00
116,116,0.00,2024-01-01 00:00:00
117,117,0.00,2024-01-01 00:00:00
118,118,0.00,2024-01-01 00:00:00
119,119,0.00,2024-01-01 00:00:00
120,120,0.00,2024-01-01 00:00:00
121,121,0.00,2024-01-01 00:00:00
122,122,0.00,2024-01-01 00:00:00
123,123,0.00,2024-01-01 00:00:00
124,124,0.00,2024-01-01 00:00:00
125,125,0.00,2024-01-01 00:00:00
126,126,0.00,2024-01-01 00:00:00
127,127,0.00,2024-01-01 00:00:00
128,128,0.00,2024-01-01 00:00:00
129,129,0.00,2024-01-01 00:00:00
130,130,0.00,2024-01-01 00:00:00
131,131,0.00,2024-01-01 00:00:00
132,132,0.00,2024-01-01 00:00:00
133,133,0.00,2024-01-01 00:00:00
134,134,0.00,2024-01-01 00:00:00
135,135,0.00,2024-01-01 00:00:00
136,136,0.00,2024-01-01 00:00:00
137,137,0.00,2024-01-01 00:00:00
138,138,0.00,2024-01-01 00:00:00
139,139,0.00,2024-01-01 00:00:00
140,140,0.00,2024-01-01 00:00:00
141,141,0.00,2024-01-01 00:00:00
142,142,0.00,2024-01-01 00:00:00
143,143,0.00,2024-01-01 00:00:00
144,144,0.00,2024-01-01 00:00:00
145,145,0.00,2024-01-01 00:00:00
146,146,0.00,2024-01-01 00:00:00
147,147,0.00,2024-01-01 00:00:00
148,148,0.00,2024-01-01 00:00:00
149,149,0.00,2024-01-01 00:00:00
150,150,0.00,2024-01-01 00:00:00
151,151,0.00,2024-01-01 00:00:00
152,152,0.00,2024-01-01 00:00:00
153,153,0.00,2024-01-01 00:00:00
154,154,0.00,2024-01-01 00:00:00
155,155,0.00,2024-01-01 00:00:00
156,156,0.00,2024-01-01 00:00:00
157,157,0.00,2024-01-01 00:00:00
158,158,0.00,2024-01-01 00:00:00
159,159,0.00,2024-01-01 00:00:00
160,160,0.00,2024-01-01 00:00:00
161,161,0.00,2024-01-01 00:00:00
162,162,0.00,2024-01-01 00:00:00
163,163,0.00,2024-01-01 00:00:00
164,164,0.00,2024-01-01 00:00:00
165,165,0.00,2024-01-01 00:00:00
166,166,0.00,2024-01-01 00:00:00
167,167,0.00,2024-01-01 00:00:00
168,168,0.00,2024-01-01 00:00:00
169,169,0.00,2024-01-01 00:00:00
170,170,0.00,2024-01-01 00:00:00
171,171,0.00,2024-01-01 00:00:00
172,172,0.00,2024-01-01 00:00:00
173,173,0.00,2024-01-01 00:00:00
174,174,0.00,2024-01-01 00:00:00
175,175,0.00,2024-01-01 00:00:00
176,176,0.00,2024-01-01 00:00:00
177,177,0.00,2024-01-01 00:00:00
178,178,0.00,2024-01-01 00:00:00
179,179,0.00,2024-01-01 00:00:00
180,180,0.00,2024-01-01 00:00:00
181,181,0.00,2024-01-01 00:00:00
182,182,0.00,2024-01-01 00:00:00
183,183,0.00,2024-01-01 00:00:00
184,184,0.00,2024-01-01 00:00:00
185,185,0.00,2024-01-01 00:00:00
186,186,0.00,2024-01-01 00:00:00
187,187,0.00,2024-01-01 00:00:00
188,188,0.00,2024-01-01 00:00:00
189,189,0.00,2024-01-01 00:00:00
190,190,0.00,2024-01-01 00:00:00
191,191,0.00,2024-01-01 00:00:00
192,192,0.00,2024-01-01 00:00:00
193,193,0.00,2024-01-01 00:00:00
194,194,0.00,2024-01-01 00:00:00
195,195,0.00,2024-01-01 00:00:00
196,196,0.00,2024-01-01 00:00:00
197,197,0.00,2024-01-01 00:00:00
198,198,0.00,2024-01-01 00:00:00
199,199,0.00,2024-01-01 00:00:00
200,200,0.00,2024-01-01 00:00:00
201,201,0.00,2024-01-01 00:00:00
202,202,0.00,2024-01-01 00:00:00
203,203,0.00,2024-01-01 00:00:00
204,204,0.00,2024-01-01 00:00:00
205,205,0.00,2024-01-01 00:00:00
206,206,0.00,2024-01-01 00:00:00
207,207,0.00,2024-01-01 00:00:00
208,208,0.00,2024-01-01 00:00:00
209,209,0.00,2024-01-01 00:00:00
210,210,0.00,2024-01-01 00:00:00
211,211,0.00,2024-01-01 00:00:00
212,212,0.00,2024-01-01 00:00:00
213,213,0.00,2024-01-01 00:00:00
214,214,0.00,2024-01-01 00:00:00
215,215,0.00,2024-01-01 00:00:00
216,216,0.00,2024-01-01 00:00:00
217,217,0.00,2024-01-01 00:00:00
218,218,0.00,2024-01-01 00:00:00
219,219,0.00,2024-01-01 00:00:00
220,220,0.00,2024-01-01 00:00:00
221,221,0.00,2024-01-01 00:00:00
222,222,0.00,2024-01-01 00:00:00
223,223,0.00,2024-01-01 00:00:00
224,224,0.00,2024-01-01 00:00:00
225,225,0.00,2024-01-01 00:00:00
226,226,0.00,2024-01-01 00:00:00
227,227,0.00,2024-01-01 00:00:00
228,228,0.00,2024-01-01 00:00:00
229,229,0.00,2024-01-01 00:00:00
230,230,0.00,2024-01-01 00:00:00
231,231,0.00,2024-01-01 00:00:00
232,232,0.00,2024-01-01 00:00:00
233,233,0.00,2024-01-01 00:00:00
234,234,0.00,2024-01-01 00:00:00
235,235,0.00,2024-01-01 00:00:00
236,236,0.00,2024-01-01 00:00:00
237,237,0.00,2024-01-01 00:00:00
238,238,0.00,2024-01-01 00:00:00
239,239,0.00,2024-01-01 00:00:00
240,240,0.00,2024-01-01 00:00:00
241,241,0.00,2024-01-01 00:00:00
242,242,0.00,2024-01-01 00:00:00
243,243,0.00,2024-01-01 00:00:00
244,244,0.00,2024-01-01 00:00:00
245,245,0.00,2024-01-01 00:00:00
246,246,0.00,2024-01-01 00:00:00
247,247,0.00,2024-01-01 00:00:00
248,248,0.00,2024-01-01 00:00:00
249,249,0.00,2024-01-01 00:00:00
250,250,0.00,2024-01-01 00:00:00
251,251,0.00,2024-01-01 00:00:00
252,252,0.00,2024-01-01 00:00:00
253,253,0.00,2024-01-01 00:00:00
254,254,0.00,2024-01-01 00:00:00
255,255,0.00,2024-01-01 00:00:00
256,256,0.00,2024-01-01 00:00:00
257,257,0.00,2024-01-01 00:00:00
258,258,0.00,2024-01-01 00:00:00
259,259,0.00,2024-01-01 00:00:00
260,260,0.00,2024-01-01 00:00:00
261,261,0.00,2024-01-01 00:00:00
262,262,0.00,2024-01-01 00:00:00
263,263,0.00,2024-01-01 00:00:00
264,264,0.00,2024-01-01 00:00:00
265,265,0.00,2024-01-01 00:00:00
266,266,0.00,2024-01-01 00:00:00
267,267,0.00,2024-01-01 00:00:00
268,268,0.00,2024-01-01 00:00:00
269,269,0.00,2024-01-01 00:00:00
270,270,0.00,2024-01-01 00:00:00
271,271,0.00,2024-01-01 00:00:00
272,272,0.00,2024-01-01 00:00:00
273,273,0.00,2024-01-01 00:00:00
274,274,0.00,2024-01-01 00:00:00
275,275,0.00,2024-01-01 00:00:00
276,276,0.00,2024-01-01 00:00:00
277,277,0.00,2024-01-01 00:00:00
278,278,0.00,2024-01-01 00:00:00
279,279,0.00,2024-01-01 00:00:00
280,280,0.00,2024-01-01 00:00:00
281,281,0.00,2024-01-01 00:00:00
282,282,0.00,2024-01-01 00:00:00
283,283,0.00,2024-01-01 00:00:00
284,284,0.00,2024-01-01 00:00:00
285,285,0.00,2024-01-01 00:00:00
286,286,0.00,2024-01-01 00:00:00
287,287,0.00,2024-01-01 00:00:00
288,288,0.00,2024-01-01 00:00:00
289,289,0.00,2024-01-01 00:00:00
290,290,0.00,2024-01-01 00:00:00
291,291,0.00,2024-01-01 00:00:00
292,292,0.00,2024-01-01 00:00:00
293,293,0.00,2024-01-01 00:00:00
294,294,0.00,2024-01-01 00:00:00
295,295,0.00,2024-01-01 00:00:00
296,296,0.00,2024-01-01 00:00:00
297,297,0.00,2024-01-01 00:00:00
298,298,0.00,2024-01-01 00:00:00
299,299,0.00,2024-01-01 00:00:00
300,300,0.00,2024-01-01 00:00:00
301,301,0.00,2024-01-01 00:00:00
302,302,0.00,2024-01-01 00:00:00
303,303,0.00,2024-01-01 00:00:00
304,304,0.00,2024-01-01 00:00:00
305,305,0.00,2024-01-01 00:00:00
306,306,0.00,2024-01-01 00:00:00
307,307,0.00,2024-01-01 00:00:00
308,308,0.00,2024-01-01 00:00:00
309,309,0.00,2024-01-01 00:00:00
310,310,0.00,2024-01-01 00:00:00
311,311,0.00,2024-01-01 00:00:00
312,312,0.00,2024-01-01 00:00:00
313,313,0.00,2024-01-01 00:00:00
314,314,0.00,2024-01-01 00:00:00
315,315,0.00,2024-01-01 00:00:00
316,316,0.00,2024-01-01 00:00:00
317,317,0.00,2024-01-01 00:00:00
318,318,0.00,2024-01-01 00:00:00
319,319,0.00,2024-01-01 00:00:00
320,320,0.00,2024-01-01 00:00:00
321,321,0.00,2024-01-01 00:00:00
322,322,0.00,2024-01-01 00:00:00
323,323,0.00,2024-01-01 00:00:00
324,324,0.00,2024-01-01 00:00:00
325,325,0.00,2024-01-01 00:00:00
326,326,0.00,2024-01-01 00:00:00
327,327,0.00,2024-01-01 00:00:00
328,328,0.00,2024-01-01 00:00:00
329,329,0.00,2024-01-01 00:00:00
330,330,0.00,2024-01-01 00:00:00
331,331,0.00,2024-01-01 00:00:00
332,332,0.00,2024-01-01 00:00:00
333,333,0.00,2024-01-01 00:00:00
334,334,0.00,2024-01-01 00:00:00
335,335,0.00,2024-01-01 00:00:00
336,336,0.00,2024-01-01 00:00:00
337,337,0.00,2024-01-01 00:00:00
338,338,0.00,2024-01-01 00:00:00
339,339,0.00,2024-01-01 00:00:00
340,340,0.00,2024-01-01 00:00:00
341,341,0.00,2024-01-01 00:00:00
342,342,0.00,2024-01-01 00:00:00
343,343,0.00,2024-01-01 00:00:00
344,344,0.00,2024-01-01 00:00:00
345,345,0.00,2024-01-01 00:00:00
346,346,0.00,2024-01-01 00:00:00
347,347,0.00,2024-01-01 00:00:00
348,348,0.00,2024-01-01 00:00:00
349,349,0.00,2024-01-01 00:00:00
350,350,0.00,2024-01-01 00:00:00
351,351,0.00,2024-01-01 00:00:00
352,352,0.00,2024-01-01 00:00:00
353,353,0.00,2024-01-01 00:00:00
354,354,0.00,2024-01-01 00:00:00
355,355,0.00,2024-01-01 00:00:00
356,356,0.00,2024-01-01 00:00:00
357,357,0.00,2024-01-01 00:00:00
358,358,0.00,2024-01-01 00:00:00
359,359,0.00,2024-01-01 00:00:00
360,360,0.00,2024-01-01 00:00:00
361,361,0.00,2024-01-01 00:00:00
362,362,0.00,2024-01-01 00:00:00
363,363,0.00,2024-01-01 00:00:00
364,364,0.00,2024-01-01 00:00:00
365,365,0.00,2024-01-01 00:00:00
366,366,0.00,2024-01-01 00:00:00
367,367,0.00,2024-01-01 00:00:00
368,368,0.00,2024-01-01 00:00:00
369,369,0.00,2024-01-01 00:00:00
370,370,0.00,2024-01-01 00:00:00
371,371,0.00,2024-01-01 00:00:00
372,372,0.00,2024-01-01 00:00:00
373,373,0.00,2024-01-01 00:00:00
374,374,0.00,2024-01-01 00:00:00
375,375,0.00,2024-01-01 00:00:00
376,376,0.00,2024-01-01 00:00:00
377,377,0.00,2024-01-01 00:00:00
378,378,0.00,2024-01-01 00:00:00
379,379,0.00,2024-01-01 00:00:00
380,380,0.00,2024-01-01 00:00:00
381,381,0.00,2024-01-01 00:00:00
382,382,0.00,2024-01-01 00:00:00
383,383,0.00,2024-01-01 00:00:00
384,384,0.00,2024-01-01 00:00:00
385,385,0.00,2024-01-01 00:00:00
386,386,0.00,2024-01-01 00:00:00
387,387,0.00,2024-01-01 00:00:00
388,388,0.00,2024-01-01 00:00:00
389,389,0.00,2024-01-01 00:00:00
390,390,0.00,2024-01-01 00:00:00
391,391,0.00,2024-01-01 00:00:00
392,392,0.00,2024-01-01 00:00:00
393,393,0.00,2024-01-01 00:00:00
394,394,0.00,2024-01-01 00:00:00
395,395,0.00,2024-01-01 00:00:00
396,396,0.00,2024-01-01 00:00:00
397,397,0.00,2024-01-01 00:00:00
398,398,0.00,2024-01-01 00:00:00
399,399,0.00,2024-01-01 00:00:00
400,400,0.00,2024-01-01 00:00:00
401,401,0.00,2024-01-01 00:00:00
402,402,0.00,2024-01-01 00:00:00
403,403,0.00,2024-01-01 00:00:00
404,404,0.00,2024-01-01 00:00:00
405,405,0.00,2024-01-01 00:00:00
406,406,0.00,2024-01-01 00:00:00
407,407,0.00,2024-01-01 00:00:00
408,408,0.00,2024-01-01 00:00:00
409,409,0.00,2024-01-01 00:00:00
410,410,0.00,2024-01-01 00:00:00
411,411,0.00,2024-01-01 00:00:00
412,412,0.00,2024-01-01 00:00:00
413,413,0.00,2024-01-01 00:00:00
414,414,0.00,2024-01-01 00:00:00
415,415,0.00,2024-01-01 00:00:00
416,416,0.00,2024-01-01 00:00:00
417,417,0.00,2024-01-01 00:00:00
418,418,0.00,2024-01-01 00:00:00
419,419,0.00,2024-01-01 00:00:00
420,420,0.00,2024-01-01 00:00:00
421,421,0.00,2024-01-01 00:00:00
422,422,0.00,2024-01-01 00:00:00
423,423,0.00,2024-01-01 00:00:00
424,424,0.00,2024-01-01 00:00:00
425,425,0.00,2024-01-01 00:00:00
426,426,0.00,2024-01-01 00:00:00
427,427,0.00,2024-01-01 00:00:00
428,428,0.00,2024-01-01 00:00:00
429,429,0.00,2024-01-01 00:00:00
430,430,0.00,2024-01-01 00:00:00
431,431,0.00,2024-01-01 00:00:00
432,432,0.00,2024-01-01 00:00:00
433,433,0.00,2024-01-01 00:00:00
434,434,0.00,2024-01-01 00:00:00
435,435,0.00,2024-01-01 00:00:00
436,436,0.00,2024-01-01 00:00:00
437,437,0.00,2024-01-01 00:00:00
438,438,0.00,2024-01-01 00:00:00
439,439,0.00,2024-01-01 00:00:00
440,440,0.00,2024-01-01 00:00:00
441,441,0.00,2024-01-01 00:00:00
442,442,0.00,2024-01-01 00:00:00
443,443,0.00,2024-01-01 00:00:00
444,444,0.00,2024-01-01 00:00:00
445,445,0.00,2024-01-01 00:00:00
446,446,0.00,2024-01-01 00:00:00
447,447,0.00,2024-01-01 00:00:00
448,448,0.00,2024-01-01 00:00:00
449,449,0.00,2024-01-01 00:00:00
450,450,0.00,2024-01-01 00:00:00
451,451,0.00,2024-01-01 00:00:00
452,452,0.00,2024-01-01 00:00:00
453,453,0.00,2024-01-01 00:00:00
454,454,0.00,2024-01-01 00:00:00
455,455,0.00,2024-01-01 00:00:00
456,456,0.00,2024-01-01 00:00:00
457,457,0.00,2024-01-01 00:00:00
458,458,0.00,2024-01-01 00:00:00
459,459,0.00,2024-01-01 00:00:00
460,460,0.00,2024-01-01 00:00:00
461,461,0.00,2024-01-01 00:00:00
462,462,0.00,2024-01-01 00:00:00
463,463,0.00,2024-01-01 00:00:00
464,464,0.00,2024-01-01 00:00:00
465,465,0.00,2024-01-01 00:00:00
466,466,0.00,2024-01-01 00:00:00
467,467,0.00,2024-01-01 00:00:00
468,468,0.00,2024-01-01 00:00:00
469,469,0.00,2024-01-01 00:00:00
470,470,0.00,2024-01-01 00:00:00
471,471,0.00,2024-01-01 00:00:00
472,472,0.00,2024-01-01 00:00:00
473,473,0.00,2024-01-01 00:00:00
474,474,0.00,2024-01-01 00:00:00
475,475,0.00,2024-01-01 00:00:00
476,476,0.00,2024-01-01 00:00:00
477,477,0.00,2024-01-01 00:00:00
478,478,0.00,2024-01-01 00:00:00
479,479,0.00,2024-01-01 00:00:00
480,480,0.00,2024-01-01 00:00:00
481,481,0.00,2024-01-01 00:00:00
482,482,0.00,2024-01-01 00:00:00
483,483,0.00,2024-01-01 00:00:00
484,484,0.00,2024-01-01 00:00:00
485,485,0.00,2024-01-01 00:00:00
486,486,0.00,2024-01-01 00:00:00
487,487,0.00,2024-01-01 00:00:00
488,488,0.00,2024-01-01 00:00:00
489,489,0.00,2024-01-01 00:00:00
490,490,0.00,2024-01-01 00:00:00
491,491,0.00,2024-01-01 00:00:00
492,492,0.00,2024-01-01 00:00:00
493,493,0.00,2024-01-01 00:00:00
494,494,0.00,2024-01-01 00:00:00
495,495,0.00,2024-01-01 00:00:00
496,496,0.00,2024-01-01 00:00:00
497,497,0.00,2024-01-01 00:00:00
498,498,0.00,2024-01-01 00:00:00
499,499,0.00,2024-01-01 00:00:00
500,500,0.00,2024-01-01 00:00:00
501,501,0.00,2024-01-01 00:00:00
502,502,0.00,2024-01-01 00:00:00
503,503,0.00,2024-01-01 00:00:00
504,504,0.00,2024-01-01 00:00:00
505,505,0.00,2024-01-01 00:00:00
506,506,0.00,2024-01-01 00:00:00
507,507,0.00,2024-01-01 00:00:00
508,508,0.00,2024-01-01 00:00:00
509,509,0.00,2024-01-01 00:00:00
510,510,0.00,2024-01-01 00:00:00
511,511,0.00,2024-01-01 00:00:00
512,512,0.00,2024-01-01 00:00:00
513,513,0.00,2024-01-01 00:00:00
514,514,0.00,2024-01-01 00:00:00
515,515,0.00,2024-01-01 00:00:00
516,516,0.00,2024-01-01 00:00:00
517,517,0.00,2024-01-01 00:00:00
518,518,0.00,2024-01-01 00:00:00
519,519,0.00,2024-01-01 00:00:00
520,520,0.00,2024-01-01 00:00:00
521,521,0.00,2024-01-01 00:00:00
522,522,0.00,2024-01-01 00:00:00
523,523,0.00,2024-01-01 00:00:00
524,524,0.00,2024-01-01 00:00:00
525,525,0.00,2024-01-01 00:00:00
526,526,0.00,2024-01-01 00:00:00
527,527,0.00,2024-01-01 00:00:00
528,528,0.00,2024-01-01 00:00:00
529,529,0.00,2024-01-01 00:00:00
530,530,0.00,2024-01-01 00:00:00
531,531,0.00,2024-01-01 00:00:00
532,532,0.00,2024-01-01 00:00:00
533,533,0.00,2024-01-01 00:00:00
534,534,0.00,2024-01-01 00:00:00
535,535,0.00,2024-01-01 00:00:00
536,536,0.00,2024-01-01 00:00:00
537,537,0.00,2024-01-01 00:00:00
538,538,0.00,2024-01-01 00:00:00
539,539,0.00,2024-01-01 00:00:00
540,540,0.00,2024-01-01 00:00:00
541,541,0.00,2024-01-01 00:00:00
542,542,0.00,2024-01-01 00:00:00
543,543,0.00,2024-01-01 00:00:00
544,544,0.00,2024-01-01 00:00:00
545,545,0.00,2024-01-01 00:00:00
546,546,0.00,2024-01-01 00:00:00
547,547,0.00,2024-01-01 00:00:00
548,548,0.00,2024-01-01 00:00:00
549,549,0.00,2024-01-01 00:00:00
550,550,0.00,2024-01-01 00:00:00
551,551,0.00,2024-01-01 00:00:00
552,552,0.00,2024-01-01 00:00:00
553,553,0.00,2024-01-01 00:00:00
554,554,0.00,2024-01-01 00:00:00
555,555,0.00,2024-01-01 00:00:00
556,556,0.00,2024-01-01 00:00:00
557,557,0.00,2024-01-01 00:00:00
558,558,0.00,2024-01-01 00:00:00
559,559,0.00,2024-01-01 00:00:00
560,560,0.00,2024-01-01 00:00:00
561,561,0.00,2024-01-01 00:00:00
562,562,0.00,2024-01-01 00:00:00
563,563,0.00,2024-01-01 00:00:00
564,564,0.00,2024-01-01 00:00:00
565,565,0.00,2024-01-01 00:00:00
566,566,0.00,2024-01-01 00:00:00
567,567,0.00,2024-01-01 00:00:00
568,568,0.00,2024-01-01 00:00:00
569,569,0.00,2024-01-01 00:00:00
570,570,0.00,2024-01-01 00:00:00
571,571,0.00,2024-01-01 00:00:00
572,572,0.00,2024-01-01 00:00:00
573,573,0.00,2024-01-01 00:00:00
574,574,0.00,2024-01-01 00:00:00
575,575,0.00,2024-01-01 00:00:00
576,576,0.00,2024-01-01 00:00:00
577,577,0.00,2024-01-01 00:00:00
578,578,0.00,2024-01-01 00:00:00
579,579,0.00,2024-01-01 00:00:00
580,580,0.00,2024-01-01 00:00:00
581,581,0.00,2024-01-01 00:00:00
582,582,0.00,2024-01-01 00:00:00
583,583,0.00,2024-01-01 00:00:00
584,584,0.00,2024-01-01 00:00:00
585,585,0.00,2024-01-01 00:00:00
586,586,0.00,2024-01-01 00:00:00
587,587,0.00,2024-01-01 00:00:00
588,588,0.00,2024-01-01 00:00:00
589,589,0.00,2024-01-01 00:00:00
590,590,0.00,2024-01-01 00:00:00
591,591,0.00,2024-01-01 00:00:00
592,592,0.00,2024-01-01 00:00:00
593,593,0.00,2024-01-01 00:00:00
594,594,0.00,2024-01-01 00:00:00
595,595,0.00,2024-01-01 00:00:00
596,596,0.00,2024-01-01 00:00:00
597,597,0.00,2024-01-01 00:00:00
598,598,0.00,2024-01-01 00:00:00
599,599,0.00,2024-01-01 00:00:00
600,600,0.00,2024-01-01 00:00:00
601,601,0.00,2024-01-01 00:00:00
602,602,0.00,2024-01-01 00:00:00
603,603,0.00,2024-01-01 00:00:00
604,604,0.00,2024-01-01 00:00:00
605,605,0.00,2024-01-01 00:00:00
606,606,0.00,2024-01-01 00:00:00
607,607,0.00,2024-01-01 00:00:00
608,608,0.00,2024-01-01 00:00:00
609,609,0.00,2024-01-01 00:00:00
610,610,0.00,2024-01-01 00:00:00
611,611,0.00,2024-01-01 00:00:00
612,612,0.00,2024-01-01 00:00:00
613,613,0.00,2024-01-01 00:00:00
614,614,0.00,2024-01-01 00:00:00
615,615,0.00,2024-01-01 00:00:00
616,616,0.00,2024-01-01 00:00:00
617,617,0.00,2024-01-01 00:00:00
618,618,0.00,2024-01-01 00:00:00
619,619,0.00,2024-01-01 00:00:00
620,620,0.00,2024-01-01 00:00:00
621,621,0.00,2024-01-01 00:00:00
622,622,0.00,2024-01-01 00:00:00
623,623,0.00,2024-01-01 00:00:00
624,624,0.00,2024-01-01 00:00:00
625,625,0.00,2024-01-01 00:00:00
626,626,0.00,2024-01-01 00:00:00
627,627,0.00,2024-01-01 00:00:00
628,628,0.00,2024-01-01 00:00:00
629,629,0.00,2024-01-01 00:00:00
630,630,0.00,2024-01-01 00:00:00
631,631,0.00,2024-01-01 00:00:00
632,632,0.00,2024-01-01 00:00:00
633,633,0.00,2024-01-01 00:00:00
634,634,0.00,2024-01-01 00:00:00
635,635,0.00,2024-01-01 00:00:00
636,636,0.00,2024-01-01 00:00:00
637,637,0.00,2024-01-01 00:00:00
638,638,0.00,2024-01-01 00:00:00
639,639,0.00,2024-01-01 00:00:00
640,640,0.00,2024-01-01 00:00:00
641,641,0.00,2024-01-01 00:00:00
642,642,0.00,2024-01-01 00:00:00
643,643,0.00,2024-01-01 00:00:00
644,644,0.00,2024-01-01 00:00:00
645,645,0.00,2024-01-01 00:00:00
646,646,0.00,2024-01-01 00:00:00
647,647,0.00,2024-01-01 00:00:00
648,648,0.00,2024-01-01 00:00:00
649,649,0.00,2024-01-01 00:00:00
650,650,0.00,2024-01-01 00:00:00
651,651,0.00,2024-01-01 00:00:00
652,652,0.00,2024-01-01 00:00:00
653,653,0.00,2024-01-01 00:00:00
654,654,0.00,2024-01-01 00:00:00
655,655,0.00,2024-01-01 00:00:00
656,656,0.00,2024-01-01 00:00:00
657,657,0.00,2024-01-01 00:00:00
658,658,0.00,2024-01-01 00:00:00
659,659,0.00,2024-01-01 00:00:00
660,660,0.00,2024-01-01 00:00:00
661,661,0.00,2024-01-01 00:00:00
662,662,0.00,2024-01-01 00:00:00
663,663,0.00,2024-01-01 00:00:00
664,664,0.00,2024-01-01 00:00:00
665,665,0.00,2024-01-01 00:00:00
666,666,0.00,2024-01-01 00:00:00
667,667,0.00,2024-01-01 00:00:00
668,668,0.00,2024-01-01 00:00:00
669,669,0.00,2024-01-01 00:00:00
670,670,0.00,2024-01-01 00:00:00
671,671,0.00,2024-01-01 00:00:00
672,672,0.00,2024-01-01 00:00:00
673,673,0.00,2024-01-01 00:00:00
674,674,0.00,2024-01-01 00:00:00
675,675,0.00,2024-01-01 00:00:00
676,676,0.00,2024-01-01 00:00:00
677,677,0.00,2024-01-01 00:00:00
678,678,0.00,2024-01-01 00:00:00
679,679,0.00,2024-01-01 00:00:00
680,680,0.00,2024-01-01 00:00:00
681,681,0.00,2024-01-01 00:00:00
682,682,0.00,2024-01-01 00:00:00
683,683,0.00,2024-01-01 00:00:00
684,684,0.00,2024-01-01 00:00:00
685,685,0.00,2024-01-01 00:00:00
686,686,0.00,2024-01-01 00:00:00
687,687,0.00,2024-01-01 00:00:00
688,688,0.00,2024-01-01 00:00:00
689,689,0.00,2024-01-01 00:00:00
690,690,0.00,2024-01-01 00:00:00
691,691,0.00,2024-01-01 00:00:00
692,692,0.00,2024-01-01 00:00:00
693,693,0.00,2024-01-01 00:00:00
694,694,0.00,2024-01-01 00:00:00
695,695,0.00,2024-01-01 00:00:00
696,696,0.00,2024-01-01 00:00:00
697,697,0.00,2024-01-01 00:00:00
698,698,0.00,2024-01-01 00:00:00
699,699,0.00,2024-01-01 00:00:00
700,700,0.00,2024-01-01 00:00:00
701,701,0.00,2024-01-01 00:00:00
702,702,0.00,2024-01-01 00:00:00
703,703,0.00,2024-01-01 00:00:00
704,704,0.00,2024-01-01 00:00:00
705,705,0.00,2024-01-01 00:00:00
706,706,0.00,2024-01-01 00:00:00
707,707,0.00,2024-01-01 00:00:00
708,708,0.00,2024-01-01 00:00:00
709,709,0.00,2024-01-01 00:00:00
710,710,0.00,2024-01-01 00:00:00
711,711,0.00,2024-01-01 00:00:00
712,712,0.00,2024-01-01 00:00:00
713,713,0.00,2024-01-01 00:00:00
714,714,0.00,2024-01-01 00:00:00
715,715,0.00,2024-01-01 00:00:00
716,716,0.00,2024-01-01 00:00:00
717,717,0.00,2024-01-01 00:00:00
718,718,0.00,2024-01-01 00:00:00
719,719,0.00,2024-01-01 00:00:00
720,720,0.00,2024-01-01 00:00:00
721,721,0.00,2024-01-01 00:00:00
722,722,0.00,2024-01-01 00:00:00
723,723,0.00,2024-01-01 00:00:00
724,724,0.00,2024-01-01 00:00:00
725,725,0.00,2024-01-01 00:00:00
726,726,0.00,2024-01-01 00:00:00
727,727,0.00,2024-01-01 00:00:00
728,728,0.00,2024-01-01 00:00:00
729,729,0.00,2024-01-01 00:00:00
730,730,0.00,2024-01-01 00:00:00
731,731,0.00,2024-01-01 00:00:00
732,732,0.00,2024-01-01 00:00:00
733,733,0.00,2024-01-01 00:00:00
734,734,0.00,2024-01-01 00:00:00
735,735,0.00,2024-01-01 00:00:00
736,736,0.00,2024-01-01 00:00:00
737,737,0.00,2024-01-01 00:00:00
738,738,0.00,2024-01-01 00:00:00
739,739,0.00,2024-01-01 00:00:00
740,740,0.00,2024-01-01 00:00:00
741,741,0.00,2024-01-01 00:00:00
742,742,0.00,2024-01-01 00:00:00
743,743,0.00,2024-01-01 00:00:00
744,744,0.00,2024-01-01 00:00:00
745,745,0.00,2024-01-01 00:00:00
746,746,0.00,2024-01-01 00:00:00
747,747,0.00,2024-01-01 00:00:00
748,748,0.00,2024-01-01 00:00:00
749,749,0.00,2024-01-01 00:00:00
750,750,0.00,2024-01-01 00:00:00
751,751,0.00,2024-01-01 00:00:00
752,752,0.00,2024-01-01 00:00:00
753,753,0.00,2024-01-01 00:00:00
754,754,0.00,2024-01-01 00:00:00
755,755,0.00,2024-01-01 00:00:00
756,756,0.00,2024-01-01 00:00:00
757,757,0.00,2024-01-01 00:00:00
758,758,0.00,2024-01-01 00:00:00
759,759,0.00,2024-01-01 00:00:00
760,760,0.00,2024-01-01 00:00:00
761,761,0.00,2024-01-01 00:00:00
762,762,0.00,2024-01-01 00:00:00
763,763,0.00,2024-01-01 00:00:00
764,764,0.00,2024-01-01 00:00:00
765,765,0.00,2024-01-01 00:00:00
766,766,0.00,2024-01-01 00:00:00
767,767,0.00,2024-01-01 00:00:00
768,768,0.00,2024-01-01 00:00:00
769,769,0.00,2024-01-01 00:00:00
770,770,0.00,2024-01-01 00:00:00
771,771,0.00,2024-01-01 00:00:00
772,772,0.00,2024-01-01 00:00:00
773,773,0.00,2024-01-01 00:00:00
774,774,0.00,2024-01-01 00:00:00
775,775,0.00,2024-01-01 00:00:00
776,776,0.00,2024-01-01 00:00:00
777,777,0.00,2024-01-01 00:00:00
778,778,0.00,2024-01-01 00:00:00
779,779,0.00,2024-01-01 00:00:00
780,780,0.00,2024-01-01 00:00:00
781,781,0.00,2024-01-01 00:00:00
782,782,0.00,2024-01-01 00:00:00
783,783,0.00,2024-01-01 00:00:00
784,784,0.00,2024-01-01 00:00:00
785,785,0.00,2024-01-01 00:00:00
786,786,0.00,2024-01-01 00:00:00
787,787,0.00,2024-01-01 00:00:00
788,788,0.00,2024-01-01 00:00:00
789,789,0.00,2024-01-01 00:00:00
790,790,0.00,2024-01-01 00:00:00
791,791,0.00,2024-01-01 00:00:00
792,792,0.00,2024-01-01 00:00:00
793,793,0.00,2024-01-01 00:00:00
794,794,0.00,2024-01-01 00:00:00
795,795,0.00,2024-01-01 00:00:00
796,796,0.00,2024-01-01 00:00:00
797,797,0.00,2024-01-01 00:00:00
798,798,0.00,2024-01-01 00:00:00
799,799,0.00,2024-01-01 00:00:00
800,800,0.00,2024-01-01 00:00:00
801,801,0.00,2024-01-01 00:00:00
802,802,0.00,2024-01-01 00:00:00
803,803,0.00,2024-01-01 00:00:00
804,804,0.00,2024-01-01 00:00:00
805,805,0.00,2024-01-01 00:00:00
806,806,0.00,2024-01-01 00:00:00
807,807,0.00,2024-01-01 00:00:00
808,808,0.00,2024-01-01 00:00:00
809,809,0.00,2024-01-01 00:00:00
810,810,0.00,2024-01-01 00:00:00
811,811,0.00,2024-01-01 00:00:00
812,812,0.00,2024-01-01 00:00:00
813,813,0.00,2024-01-01 00:00:00
814,814,0.00,2024-01-01 00:00:00
815,815,0.00,2024-01-01 00:00:00
816,816,0.00,2024-01-01 00:00:00
817,817,0.00,2024-01-01 00:00:00
818,818,0.00,2024-01-01 00:00:00
819,819,0.00,2024-01-01 00:00:00
820,820,0.00,2024-01-01 00:00:00
821,821,0.00,2024-01-01 00:00:00
822,822,0.00,2024-01-01 00:00:00
823,823,0.00,2024-01-01 00:00:00
824,824,0.00,2024-01-01 00:00:00
825,825,0.00,2024-01-01 00:00:00
826,826,0.00,2024-01-01 00:00:00
827,827,0.00,2024-01-01 00:00:00
828,828,0.00,2024-01-01 00:00:00
829,829,0.00,2024-01-01 00:00:00
830,830,0.00,2024-01-01 00:00:00
831,831,0.00,2024-01-01 00:00:00
832,832,0.00,2024-01-01 00:00:00
833,833,0.00,2024-01-01 00:00:00
834,834,0.00,2024-01-01 00:00:00
835,835,0.00,2024-01-01 00:00:00
836,836,0.00,2024-01-01 00:00:00
837,837,0.00,2024-01-01 00:00:00
838,838,0.00,2024-01-01 00:00:00
839,839,0.00,2024-01-01 00:00:00
840,840,0.00,2024-01-01 00:00:00
841,841,0.00,2024-01-01 00:00:00
842,842,0.00,2024-01-01 00:00:00
843,843,0.00,2024-01-01 00:00:00
844,844,0.00,2024-01-01 00:00:00
845,845,0.00,2024-01-01 00:00:00
846,846,0.00,2024-01-01 00:00:00
847,847,0.00,2024-01-01 00:00:00
848,848,0.00,2024-01-01 00:00:00
849,849,0.00,2024-01-01 00:00:00
850,850,0.00,2024-01-01 00:00:00
851,851,0.00,2024-01-01 00:00:00
852,852,0.00,2024-01-01 00:00:00
853,853,0.00,2024-01-01 00:00:00
854,854,0.00,2024-01-01 00:00:00
855,855,0.00,2024-01-01 00:00:00
856,856,0.00,2024-01-01 00:00:00
857,857,0.00,2024-01-01 00:00:00
858,858,0.00,2024-01-01 00:00:00
859,859,0.00,2024-01-01 00:00:00
860,860,0.00,2024-01-01 00:00:00
861,861,0.00,2024-01-01 00:00:00
862,862,0.00,2024-01-01 00:00:00
863,863,0.00,2024-01-01 00:00:00
864,864,0.00,2024-01-01 00:00:00
865,865,0.00,2024-01-01 00:00:00
866,866,0.00,2024-01-01 00:00:00
867,867,0.00,2024-01-01 00:00:00
868,868,0.00,2024-01-01 00:00:00
869,869,0.00,2024-01-01 00:00:00
870,870,0.00,2024-01-01 00:00:00
871,871,0.00,2024-01-01 00:00:00
872,872,0.00,2024-01-01 00:00:00
873,873,0.00,2024-01-01 00:00:00
874,874,0.00,2024-01-01 00:00:00
875,875,0.00,2024-01-01 00:00:00
876,876,0.00,2024-01-01 00:00:00
877,877,0.00,2024-01-01 00:00:00
878,878,0.00,2024-01-01 00:00:00
879,879,0.00,2024-01-01 00:00:00
880,880,0.00,2024-01-01 00:00:00
881,881,0.00,2024-01-01 00:00:00
882,882,0.00,2024-01-01 00:00:00
883,883,0.00,2024-01-01 00:00:00
884,884,0.00,2024-01-01 00:00:00
885,885,0.00,2024-01-01 00:00:00
886,886,0.00,2024-01-01 00:00:00
887,887,0.00,2024-01-01 00:00:00
888,888,0.00,2024-01-01 00:00:00
889,889,0.00,2024-01-01 00:00:00
890,890,0.00,2024-01-01 00:00:00
891,891,0.00,2024-01-01 00:00:00
892,892,0.00,2024-01-01 00:00:00
893,893,0.00,2024-01-01 00:00:00
894,894,0.00,2024-01-01 00:00:00
895,895,0.00,2024-01-01 00:00:00
896,896,0.00,2024-01-01 00:00:00
897,897,0.00,2024-01-01 00:00:00
898,898,0.00,2024-01-01 00:00:00
899,899,0.00,2024-01-01 00:00:00
900,900,0.00,2024-01-01 00:00:00
901,901,0.00,2024-01-01 00:00:00
902,902,0.00,2024-01-01 00:00:00
903,903,0.00,2024-01-01 00:00:00
904,904,0.00,2024-01-01 00:00:00
905,905,0.00,2024-01-01 00:00:00
906,906,0.00,2024-01-01 00:00:00
907,907,0.00,2024-01-01 00:00:00
908,908,0.00,2024-01-01 00:00:00
909,909,0.00,2024-01-01 00:00:00
910,910,0.00,2024-01-01 00:00:00
911,911,0.00,2024-01-01 00:00:00
912,912,0.00,2024-01-01 00:00:00
913,913,0.00,2024-01-01 00:00:00
914,914,0.00,2024-01-01 00:00:00
915,915,0.00,2024-01-01 00:00:00
916,916,0.00,2024-01-01 00:00:00
917,917,0.00,2024-01-01 00:00:00
918,918,0.00,2024-01-01 00:00:00
919,919,0.00,2024-01-01 00:00:00
920,920,0.00,2024-01-01 00:00:00
921,921,0.00,2024-01-01 00:00:00
922,922,0.00,2024-01-01 00:00:00
923,923,0.00,2024-01-01 00:00:00
924,924,0.00,2024-01-01 00:00:00
925,925,0.00,2024-01-01 00:00:00
926,926,0.00,2024-01-01 00:00:00
927,927,0.00,2024-01-01 00:00:00
928,928,0.00,2024-01-01 00:00:00
929,929,0.00,2024-01-01 00:00:00
930,930,0.00,2024-01-01 00:00:00
931,931,0.00,2024-01-01 00:00:00
932,932,0.00,2024-01-01 00:00:00
933,933,0.00,2024-01-01 00:00:00
934,934,0.00,2024-01-01 00:00:00
935,935,0.00,2024-01-01 00:00:00
936,936,0.00,2024-01-01 00:00:00
937,937,0.00,2024-01-01 00:00:00
938,938,0.00,2024-01-01 00:00:00
939,939,0.00,2024-01-01 00:00:00
940,940,0.00,2024-01-01 00:00:00
941,941,0.00,2024-01-01 00:00:00
942,942,0.00,2024-01-01 00:00:00
943,943,0.00,2024-01-01 00:00:00
944,944,0.00,2024-01-01 00:00:00
945,945,0.00,2024-01-01 00:00:00
946,946,0.00,2024-01-01 00:00:00
947,947,0.00,2024-01-01 00:00:00
948,948,0.00,2024-01-01 00:00:00
949,949,0.00,2024-01-01 00:00:00
950,950,0.00,2024-01-01 00:00:00
951,951,0.00,2024-01-01 00:00:00
952,952,0.00,2024-01-01 00:00:00
953,953,0.00,2024-01-01 00:00:00
954,954,0.00,2024-01-01 00:00:00
955,955,0.00,2024-01-01 00:00:00
956,956,0.00,2024-01-01 00:00:00
957,957,0.00,2024-01-01 00:00:00
958,958,0.00,2024-01-01 00:00:00
959,959,0.00,2024-01-01 00:00:00
960,960,0.00,2024-01-01 00:00:00
961,961,0.00,2024-01-01 00:00:00
962,962,0.00,2024-01-01 00:00:00
963,963,0.00,2024-01-01 00:00:00
964,964,0.00,2024-01-01 00:00:00
965,965,0.00,2024-01-01 00:00:00
966,966,0.00,2024-01-01 00:00:00
967,967,0.00,2024-01-01 00:00:00
968,968,0.00,2024-01-01 00:00:00
969,969,0.00,2024-01-01 00:00:00
970,970,0.00,2024-01-01 00:00:00
971,971,0.00,2024-01-01 00:00:00
972,972,0.00,2024-01-01 00:00:00
973,973,0.00,2024-01-01 00:00:00
974,974,0.00,2024-01-01 00:00:00
975,975,0.00,2024-01-01 00:00:00
976,976,0.00,2024-01-01 00:00:00
977,977,0.00,2024-01-01 00:00:00
978,978,0.00,2024-01-01 00:00:00
979,979,0.00,2024-01-01 00:00:00
980,980,0.00,2024-01-01 00:00:00
981,981,0.00,2024-01-01 00:00:00
982,982,0.00,2024-01-01 00:00:00
983,983,0.00,2024-01-01 00:00:00
984,984,0.00,2024-01-01 00:00:00
985,985,0.00,2024-01-01 00:00:00
986,986,0.00,2024-01-01 00:00:00
987,987,0.00,2024-01-01 00:00:00
988,988,0.00,2024-01-01 00:00:00
989,989,0.00,2024-01-01 00:00:00
990,990,0.00,2024-01-01 00:00:00
991,991,0.00,2024-01-01 00:00:00
992,992,0.00,2024-01-01 00:00:00
993,993,0.00,2024-01-01 00:00:00
994,994,0.00,2024-01-01 00:00:00
995,995,0.00,2024-01-01 00:00:00
996,996,0.00,2024-01-01 00:00:00
997,997,0.00,2024-01-01 00:00:00
998,998,0.00,2024-01-01 00:00:00
999,999,0.00,2024-01-01 00:00:00
1000,1000,0.00,2024-01-01 00:00:00
1001,1,0.00,2024-01-01 00:00:00
1002,2,0.00,2024-01-01 00:00:00
1003,3,0.00,2024-01-01 00:00:00
1004,4,0.00,2024-01-01 00:00:00
1005,5,0.00,2024-01-01 00:00:00
1006,6,0.00,2024-01-01 00:00:00
1007,7,0.00,2024-01-01 00:00:00
1008,8,0.00,2024-01-01 00:00:00
1009,9,0.00,2024-01-01 00:00:00
1010,10,0.00,2024-01-01 00:00:00
1011,11,0.00,2024-01-01 00:00:00
1012,12,0.00,2024-01-01 00:00:00
1013,13,0.00,2024-01-01 00:00:00
1014,14,0.00,2024-01-01 00:00:00
1015,15,0.00,2024-01-01 00:00:00
1016,16,0.00,2024-01-01 00:00:00
1017,17,0.00,2024-01-01 00:00:00
1018,18,0.00,2024-01-01 00:00:00
1019,19,0.00,2024-01-01 00:00:00
1020,20,0.00,2024-01-01 00:00:00
1021,21,0.00,2024-01-01 00:00:00
1022,22,0.00,2024-01-01 00:00:00
1023,23,0.00,2024-01-01 00:00:00
1024,24,0.00,2024-01-01 00:00:00
1025,25,0.00,2024-01-01 00:00:00
1026,26,0.00,2024-01-01 00:00:00
1027,27,0.00,2024-01-01 00:00:00
1028,28,0.00,2024-01-01 00:00:00
1029,29,0.00,2024-01-01 00:00:00
1030,30,0.00,2024-01-01 00:00:00
1031,31,0.00,2024-01-01 00:00:00
1032,32,0.00,2024-01-01 00:00:00
1033,33,0.00,2024-01-01 00:00:00
1034,34,0.00,2024-01-01 00:00:00
1035,35,0.00,2024-01-01 00:00:00
1036,36,0.00,2024-01-01 00:00:00
1037,37,0.00,2024-01-01 00:00:00
1038,38,0.00,2024-01-01 00:00:00
1039,39,0.00,2024-01-01 00:00:00
1040,40,0.00,2024-01-01 00:00:00
1041,41,0.00,2024-01-01 00:00:00
1042,42,0.00,2024-01-01 00:00:00
1043,43,0.00,2024-01-01 00:00:00
1044,44,0.00,2024-01-01 00:00:00
1045,45,0.00,2024-01-01 00:00:00
1046,46,0.00,2024-01-01 00:00:00
1047,47,0.00,2024-01-01 00:00:00
1048,48,0.00,2024-01-01 00:00:00
1049,49,0.00,2024-01-01 00:00:00
1050,50,0.00,2024-01-01 00:00:00
1051,51,0.00,2024-01-01 00:00:00
1052,52,0.00,2024-01-01 00:00:00
1053,53,0.00,2024-01-01 00:00:00
1054,54,0.00,2024-01-01 00:00:00
1055,55,0.00,2024-01-01 00:00:00
1056,56,0.00,2024-01-01 00:00:00
1057,57,0.00,2024-01-01 00:00:00
1058,58,0.00,2024-01-01 00:00:00
1059,59,0.00,2024-01-01 00:00:00
1060,60,0.00,2024-01-01 00:00:00
1061,61,0.00,2024-01-01 00:00:00
1062,62,0.00,2024-01-01 00:00:00
1063,63,0.00,2024-01-01 00:00:00
1064,64,0.00,2024-01-01 00:00:00
1065,65,0.00,2024-01-01 00:00:00
1066,66,0.00,2024-01-01 00:00:00
1067,67,0.00,2024-01-01 00:00:00
1068,68,0.00,2024-01-01 00:00:00
1069,69,0.00,2024-01-01 00:00:00
1070,70,0.00,2024-01-01 00:00:00
1071,71,0.00,2024-01-01 00:00:00
1072,72,0.00,2024-01-01 00:00:00
1073,73,0.00,2024-01-01 00:00:00
1074,74,0.00,2024-01-01 00:00:00
1075,75,0.00,2024-01-01 00:00:00
1076,76,0.00,2024-01-01 00:00:00
1077,77,0.00,2024-01-01 00:00:00
1078,78,0.00,2024-01-01 00:00:00
1079,79,0.00,2024-01-01 00:00:00
1080,80,0.00,2024-01-01 00:00:00
1081,81,0.00,2024-01-01 00:00:00
1082,82,0.00,2024-01-01 00:00:00
1083,83,0.00,2024-01-01 00:00:00
1084,84,0.00,2024-01-01 00:00:00
1085,85,0.00,2024-01-01 00:00:00
1086,86,0.00,2024-01-01 00:00:00
1087,87,0.00,2024-01-01 00:00:00
1088,88,0.00,2024-01-01 00:00:00
1089,89,0.00,2024-01-01 00:00:00
1090,90,0.00,2024-01-01 00:00:00
1091,91,0.00,2024-01-01 00:00:00
1092,92,0.00,2024-01-01 00:00:00
1093,93,0.00,2024-01-01 00:00:00
1094,94,0.00,2024-01-01 00:00:00
1095,95,0.00,2024-01-01 00:00:00
1096,96,0.00,2024-01-01 00:00:00
1097,97,0.00,2024-01-01 00:00:00
1098,98,0.00,2024-01-01 00:00:00
1099,99,0.00,2024-01-01 00:00:00
1100,100,0.00,2024-01-01 00:00:00
1101,101,0.00,2024-01-01 00:00:00
1102,102,0.00,2024-01-01 00:00:00
1103,103,0.00,2024-01-01 00:00:00
1104,104,0.00,2024-01-01 00:00:00
1105,105,0.00,2024-01-01 00:00:00
1106,106,0.00,2024-01-01 00:00:00
1107,107,0.00,2024-01-01 00:00:00
1108,108,0.00,2024-01-01 00:00:00
1109,109,0.00,2024-01-01 00:00:00
1110,110,0.00,2024-01-01 00:00:00
1111,111,0.00,2024-01-01 00:00:00
1112,112,0.00,2024-01-01 00:00:00
1113,113,0.00,2024-01-01 00:00:00
1114,114,0.00,2024-01-01 00:00:00
1115,115,0.00,2024-01-01 00:00:00
1116,116,0.00,2024-01-01 00:00:00
1117,117,0.00,2024-01-01 00:00:00
1118,118,0.00,2024-01-01 00:00:00
1119,119,0.00,2024-01-01 00:00:00
1120,120,0.00,2024-01-01 00:00:00
1121,121,0.00,2024-01-01 00:00:00
1122,122,0.00,2024-01-01 00:00:00
1123,123,0.00,2024-01-01 00:00:00
1124,124,0.00,2024-01-01 00:00:00
1125,125,0.00,2024-01-01 00:00:00
1126,126,0.00,2024-01-01 00:00:00
1127,127,0.00,2024-01-01 00:00:00
1128,128,0.00,2024-01-01 00:00:00
1129,129,0.00,2024-01-01 00:00:00
1130,130,0.00,2024-01-01 00:00:00
1131,131,0.00,2024-01-01 00:00:00
1132,132,0.00,2024-01-01 00:00:00
1133,133,0.00,2024-01-01 00:00:00
1134,134,0.00,2024-01-01 00:00:00
1135,135,0.00,2024-01-01 00:00:00
1136,136,0.00,2024-01-01 00:00:00
1137,137,0.00,2024-01-01 00:00:00
1138,138,0.00,2024-01-01 00:00:00
1139,139,0.00,2024-01-01 00:00:00
1140,140,0.00,2024-01-01 00:00:00
1141,141,0.00,2024-01-01 00:00:00
1142,142,0.00,2024-01-01 00:00:00
1143,143,0.00,2024-01-01 00:00:00
1144,144,0.00,2024-01-01 00:00:00
1145,145,0.00,2024-01-01 00:00:00
1146,146,0.00,2024-01-01 00:00:00
1147,147,0.00,2024-01-01 00:00:00
1148,148,0.00,2024-01-01 00:00:00
1149,149,0.00,2024-01-01 00:00:00
1150,150,0.00,2024-01-01 00:00:00
1151,151,0.00,2024-01-01 00:00:00
1152,152,0.00,2024-01-01 00:00:00
1153,153,0.00,2024-01-01 00:00:00
1154,154,0.00,2024-01-01 00:00:00
1155,155,0.00,2024-01-01 00:00:00
1156,156,0.00,2024-01-01 00:00:00
1157,157,0.00,2024-01-01 00:00:00
1158,158,0.00,2024-01-01 00:00:00
1159,159,0.00,2024-01-01 00:00:00
1160,160,0.00,2024-01-01 00:00:00
1161,161,0.00,2024-01-01 00:00:00
1162,162,0.00,2024-01-01 00:00:00
1163,163,0.00,2024-01-01 00:00:00
1164,164,0.00,2024-01-01 00:00:00
1165,165,0.00,2024-01-01 00:00:00
1166,166,0.00,2024-01-01 00:00:00
1167,167,0.00,2024-01-01 00:00:00
1168,168,0.00,2024-01-01 00:00:00
1169,169,0.00,2024-01-01 00:00:00
1170,170,0.00,2024-01-01 00:00:00
1171,171,0.00,2024-01-01 00:00:00
1172,172,0.00,2024-01-01 00:00:00
1173,173,0.00,2024-01-01 00:00:00
1174,174,0.00,2024-01-01 00:00:00
1175,175,0.00,2024-01-01 00:00:00
1176,176,0.00,2024-01-01 00:00:00
1177,177,0.00,2024-01-01 00:00:00
1178,178,0.00,2024-01-01 00:00:00
1179,179,0.00,2024-01-01 00:00:00
1180,180,0.00,2024-01-01 00:00:00
1181,181,0.00,2024-01-01 00:00:00
1182,182,0.00,2024-01-01 00:00:00
1183,183,0.00,2024-01-01 00:00:00
1184,184,0.00,2024-01-01 00:00:00
1185,185,0.00,2024-01-01 00:00:00
1186,186,0.00,2024-01-01 00:00:00
1187,187,0.00,2024-01-01 00:00:00
1188,188,0.00,2024-01-01 00:00:00
1189,189,0.00,2024-01-01 00:00:00
1190,190,0.00,2024-01-01 00:00:00
1191,191,0.00,2024-01-01 00:00:00
1192,192,0.00,2024-01-01 00:00:00
1193,193,0.00,2024-01-01 00:00:00
1194,194,0.00,2024-01-01 00:00:00
1195,195,0.00,2024-01-01 00:00:00
1196,196,0.00,2024-01-01 00:00:00
1197,197,0.00,2024-01-01 00:00:00
1198,198,0.00,2024-01-01 00:00:00
1199,199,0.00,2024-01-01 00:00:00
1200,200,0.00,2024-01-01 00:00:00
1201,201,0.00,2024-01-01 00:00:00
1202,202,0.00,2024-01-01 00:00:00
1203,203,0.00,2024-01-01 00:00:00
1204,204,0.00,2024-01-01 00:00:00
1205,205,0.00,2024-01-01 00:00:00
1206,206,0.00,2024-01-01 00:00:00
1207,207,0.00,2024-01-01 00:00:00
1208,208,0.00,2024-01-01 00:00:00
1209,209,0.00,2024-01-01 00:00:00
1210,210,0.00,2024-01-01 00:00:00
1211,211,0.00,2024-01-01 00:00:00
1212,212,0.00,2024-01-01 00:00:00
1213,213,0.00,2024-01-01 00:00:00
1214,214,0.00,2024-01-01 00:00:00
1215,215,0.00,2024-01-01 00:00:00
1216,216,0.00,2024-01-01 00:00:00
1217,217,0.00,2024-01-01 00:00:00
1218,218,0.00,2024-01-01 00:00:00
1219,219,0.00,2024-01-01 00:00:00
1220,220,0.00,2024-01-01 00:00:00
1221,221,0.00,2024-01-01 00:00:00
1222,222,0.00,2024-01-01 00:00:00
1223,223,0.00,2024-01-01 00:00:00
1224,224,0.00,2024-01-01 00:00:00
1225,225,0.00,2024-01-01 00:00:00
1226,226,0.00,2024-01-01 00:00:00
1227,227,0.00,2024-01-01 00:00:00
1228,228,0.00,2024-01-01 00:00:00
1229,229,0.00,2024-01-01 00:00:00
1230,230,0.00,2024-01-01 00:00:00
1231,231,0.00,2024-01-01 00:00:00
1232,232,0.00,2024-01-01 00:00:00
1233,233,0.00,2024-01-01 00:00:00
1234,234,0.00,2024-01-01 00:00:00
1235,235,0.00,2024-01-01 00:00:00
1236,236,0.00,2024-01-01 00:00:00
1237,237,0.00,2024-01-01 00:00:00
1238,238,0.00,2024-01-01 00:00:00
1239,239,0.00,2024-01-01 00:00:00
1240,240,0.00,2024-01-01 00:00:00
1241,241,0.00,2024-01-01 00:00:00
1242,242,0.00,2024-01-01 00:00:00
1243,243,0.00,2024-01-01 00:00:00
1244,244,0.00,2024-01-01 00:00:00
1245,245,0.00,2024-01-01 00:00:00
1246,246,0.00,2024-01-01 00:00:00
1247,247,0.00,2024-01-01 00:00:00
1248,248,0.00,2024-01-01 00:00:00
1249,249,0.00,2024-01-01 00:00:00
1250,250,0.00,2024-01-01 00:00:00
1251,251,0.00,2024-01-01 00:00:00
1252,252,0.00,2024-01-01 00:00:00
1253,253,0.00,2024-01-01 00:00:00
1254,254,0.00,2024-01-01 00:00:00
1255,255,0.00,2024-01-01 00:00:00
1256,256,0.00,2024-01-01 00:00:00
1257,257,0.00,2024-01-01 00:00:00
1258,258,0.00,2024-01-01 00:00:00
1259,259,0.00,2024-01-01 00:00:00
1260,260,0.00,2024-01-01 00:00:00
1261,261,0.00,2024-01-01 00:00:00
1262,262,0.00,2024-01-01 00:00:00
1263,263,0.00,2024-01-01 00:00:00
1264,264,0.00,2024-01-01 00:00:00
1265,265,0.00,2024-01-01 00:00:00
1266,266,0.00,2024-01-01 00:00:00
1267,267,0.00,2024-01-01 00:00:00
1268,268,0.00,2024-01-01 00:00:00
1269,269,0.00,2024-01-01 00:00:00
1270,270,0.00,2024-01-01 00:00:00
1271,271,0.00,2024-01-01 00:00:00
1272,272,0.00,2024-01-01 00:00:00
1273,273,0.00,2024-01-01 00:00:00
1274,274,0.00,2024-01-01 00:00:00
1275,275,0.00,2024-01-01 00:00:00
1276,276,0.00,2024-01-01 00:00:00
1277,277,0.00,2024-01-01 00:00:00
1278,278,0.00,2024-01-01 00:00:00
1279,279,0.00,2024-01-01 00:00:00
1280,280,0.00,2024-01-01 00:00:00
1281,281,0.00,2024-01-01 00:00:00
1282,282,0.00,2024-01-01 00:00:00
1283,283,0.00,2024-01-01 00:00:00
1284,284,0.00,2024-01-01 00:00:00
1285,285,0.00,2024-01-01 00:00:00
1286,286,0.00,2024-01-01 00:00:00
1287,287,0.00,2024-01-01 00:00:00
1288,288,0.00,2024-01-01 00:00:00
1289,289,0.00,2024-01-01 00:00:00
1290,290,0.00,2024-01-01 00:00:00
1291,291,0.00,2024-01-01 00:00:00
1292,292,0.00,2024-01-01 00:00:00
1293,293,0.00,2024-01-01 00:00:00
1294,294,0.00,2024-01-01 00:00:00
1295,295,0.00,2024-01-01 00:00:00
1296,296,0.00,2024-01-01 00:00:00
1297,297,0.00,2024-01-01 00:00:00
1298,298,0.00,2024-01-01 00:00:00
1299,299,0.00,2024-01-01 00:00:00
1300,300,0.00,2024-01-01 00:00:00
1301,301,0.00,2024-01-01 00:00:00
1302,302,0.00,2024-01-01 00:00:00
1303,303,0.00,2024-01-01 00:00:00
1304,304,0.00,2024-01-01 00:00:00
1305,305,0.00,2024-01-01 00:00:00
1306,306,0.00,2024-01-01 00:00:00
1307,307,0.00,2024-01-01 00:00:00
1308,308,0.00,2024-01-01 00:00:00
1309,309,0.00,2024-01-01 00:00:00
1310,310,0.00,2024-01-01 00:00:00
1311,311,0.00,2024-01-01 00:00:00
1312,312,0.00,2024-01-01 00:00:00
1313,313,0.00,2024-01-01 00:00:00
1314,314,0.00,2024-01-01 00:00:00
1315,315,0.00,2024-01-01 00:00:00
1316,316,0.00,2024-01-01 00:00:00
1317,317,0.00,2024-01-01 00:00:00
1318,318,0.00,2024-01-01 00:00:00
1319,319,0.00,2024-01-01 00:00:00
1320,320,0.00,2024-01-01 00:00:00
1321,321,0.00,2024-01-01 00:00:00
1322,322,0.00,2024-01-01 00:00:00
1323,323,0.00,2024-01-01 00:00:00
1324,324,0.00,2024-01-01 00:00:00
1325,325,0.00,2024-01-01 00:00:00
1326,326,0.00,2024-01-01 00:00:00
1327,327,0.00,2024-01-01 00:00:00
1328,328,0.00,2024-01-01 00:00:00
1329,329,0.00,2024-01-01 00:00:00
1330,330,0.00,2024-01-01 00:00:00
1331,331,0.00,2024-01-01 00:00:00
1332,332,0.00,2024-01-01 00:00:00
1333,333,0.00,2024-01-01 00:00:00
1334,334,0.00,2024-01-01 00:00:00
1335,335,0.00,2024-01-01 00:00:00
1336,336,0.00,2024-01-01 00:00:00
1337,337,0.00,2024-01-01 00:00:00
1338,338,0.00,2024-01-01 00:00:00
1339,339,0.00,2024-01-01 00:00:00
1340,340,0.00,2024-01-01 00:00:00
1341,341,0.00,2024-01-01 00:00:00
1342,342,0.00,2024-01-01 00:00:00
1343,343,0.00,2024-01-01 00:00:00
1344,344,0.00,2024-01-01 00:00:00
1345,345,0.00,2024-01-01 00:00:00
1346,346,0.00,2024-01-01 00:00:00
1347,347,0.00,2024-01-01 00:00:00
1348,348,0.00,2024-01-01 00:00:00
1349,349,0.00,2024-01-01 00:00:00
1350,350,0.00,2024-01-01 00:00:00
1351,351,0.00,2024-01-01 00:00:00
1352,352,0.00,2024-01-01 00:00:00
1353,353,0.00,2024-01-01 00:00:00
1354,354,0.00,2024-01-01 00:00:00
1355,355,0.00,2024-01-01 00:00:00
1356,356,0.00,2024-01-01 00:00:00
1357,357,0.00,2024-01-01 00:00:00
1358,358,0.00,2024-01-01 00:00:00
1359,359,0.00,2024-01-01 00:00:00
1360,360,0.00,2024-01-01 00:00:00
1361,361,0.00,2024-01-01 00:00:00
1362,362,0.00,2024-01-01 00:00:00
1363,363,0.00,2024-01-01 00:00:00
1364,364,0.00,2024-01-01 00:00:00
1365,365,0.00,2024-01-01 00:00:00
1366,366,0.00,2024-01-01 00:00:00
1367,367,0.00,2024-01-01 00:00:00
1368,368,0.00,2024-01-01 00:00:00
1369,369,0.00,2024-01-01 00:00:00
1370,370,0.00,2024-01-01 00:00:00
1371,371,0.00,2024-01-01 00:00:00
1372,372,0.00,2024-01-01 00:00:00
1373,373,0.00,2024-01-01 00:00:00
1374,374,0.00,2024-01-01 00:00:00
1375,375,0.00,2024-01-01 00:00:00
1376,376,0.00,2024-01-01 00:00:00
1377,377,0.00,2024-01-01 00:00:00
1378,378,0.00,2024-01-01 00:00:00
1379,379,0.00,2024-01-01 00:00:00
1380,380,0.00,2024-01-01 00:00:00
1381,381,0.00,2024-01-01 00:00:00
1382,382,0.00,2024-01-01 00:00:00
1383,383,0.00,2024-01-01 00:00:00
1384,384,0.00,2024-01-01 00:00:00
1385,385,0.00,2024-01-01 00:00:00
1386,386,0.00,2024-01-01 00:00:00
1387,387,0.00,2024-01-01 00:00:00
1388,388,0.00,2024-01-01 00:00:00
1389,389,0.00,2024-01-01 00:00:00
1390,390,0.00,2024-01-01 00:00:00
1391,391,0.00,2024-01-01 00:00:00
1392,392,0.00,2024-01-01 00:00:00
1393,393,0.00,2024-01-01 00:00:00
1394,394,0.00,2024-01-01 00:00:00
1395,395,0.00,2024-01-01 00:00:00
1396,396,0.00,2024-01-01 00:00:00
1397,397,0.00,2024-01-01 00:00:00
1398,398,0.00,2024-01-01 00:00:00
1399,399,0.00,2024-01-01 00:00:00
1400,400,0.00,2024-01-01 00:00:00
1401,401,0.00,2024-01-01 00:00:00
1402,402,0.00,2024-01-01 00:00:00
1403,403,0.00,2024-01-01 00:00:00
1404,404,0.00,2024-01-01 00:00:00
1405,405,0.00,2024-01-01 00:00:00
1406,406,0.00,2024-01-01 00:00:00
1407,407,0.00,2024-01-01 00:00:00
1408,408,0.00,2024-01-01 00:00:00
1409,409,0.00,2024-01-01 00:00:00
1410,410,0.00,2024-01-01 00:00:00
1411,411,0.00,2024-01-01 00:00:00
1412,412,0.00,2024-01-01 00:00:00
1413,413,0.00,2024-01-01 00:00:00
1414,414,0.00,2024-01-01 00:00:00
1415,415,0.00,2024-01-01 00:00:00
1416,416,0.00,2024-01-01 00:00:00
1417,417,0.00,2024-01-01 00:00:00
1418,418,0.00,2024-01-01 00:00:00
1419,419,0.00,2024-01-01 00:00:00
1420,420,0.00,2024-01-01 00:00:00
1421,421,0.00,2024-01-01 00:00:00
1422,422,0.00,2024-01-01 00:00:00
1423,423,0.00,2024-01-01 00:00:00
1424,424,0.00,2024-01-01 00:00:00
1425,425,0.00,2024-01-01 00:00:00
1426,426,0.00,2024-01-01 00:00:00
1427,427,0.00,2024-01-01 00:00:00
1428,428,0.00,2024-01-01 00:00:00
1429,429,0.00,2024-01-01 00:00:00
1430,430,0.00,2024-01-01 00:00:00
1431,431,0.00,2024-01-01 00:00:00
1432,432,0.00,2024-01-01 00:00:00
1433,433,0.00,2024-01-01 00:00:00
1434,434,0.00,2024-01-01 00:00:00
1435,435,0.00,2024-01-01 00:00:00
1436,436,0.00,2024-01-01 00:00:00
1437,437,0.00,2024-01-01 00:00:00
1438,438,0.00,2024-01-01 00:00:00
1439,439,0.00,2024-01-01 00:00:00
1440,440,0.00,2024-01-01 00:00:00
1441,441,0.00,2024-01-01 00:00:00
1442,442,0.00,2024-01-01 00:00:00
1443,443,0.00,2024-01-01 00:00:00
1444,444,0.00,2024-01-01 00:00:00
1445,445,0.00,2024-01-01 00:00:00
1446,446,0.00,2024-01-01 00:00:00
1447,447,0.00,2024-01-01 00:00:00
1448,448,0.00,2024-01-01 00:00:00
1449,449,0.00,2024-01-01 00:00:00
1450,450,0.00,2024-01-01 00:00:00
1451,451,0.00,2024-01-01 00:00:00
1452,452,0.00,2024-01-01 00:00:00
1453,453,0.00,2024-01-01 00:00:00
1454,454,0.00,2024-01-01 00:00:00
1455,455,0.00,2024-01-01 00:00:00
1456,456,0.00,2024-01-01 00:00:00
1457,457,0.00,2024-01-01 00:00:00
1458,458,0.00,2024-01-01 00:00:00
1459,459,0.00,2024-01-01 00:00:00
1460,460,0.00,2024-01-01 00:00:00
1461,461,0.00,2024-01-01 00:00:00
1462,462,0.00,2024-01-01 00:00:00
1463,463,0.00,2024-01-01 00:00:00
1464,464,0.00,2024-01-01 00:00:00
1465,465,0.00,2024-01-01 00:00:00
1466,466,0.00,2024-01-01 00:00:00
1467,467,0.00,2024-01-01 00:00:00
1468,468,0.00,2024-01-01 00:00:00
1469,469,0.00,2024-01-01 00:00:00
1470,470,0.00,2024-01-01 00:00:00
1471,471,0.00,2024-01-01 00:00:00
1472,472,0.00,2024-01-01 00:00:00
1473,473,0.00,2024-01-01 00:00:00
1474,474,0.00,2024-01-01 00:00:00
1475,475,0.00,2024-01-01 00:00:00
1476,476,0.00,2024-01-01 00:00:00
1477,477,0.00,2024-01-01 00:00:00
1478,478,0.00,2024-01-01 00:00:00
1479,479,0.00,2024-01-01 00:00:00
1480,480,0.00,2024-01-01 00:00:00
1481,481,0.00,2024-01-01 00:00:00
1482,482,0.00,2024-01-01 00:00:00
1483,483,0.00,2024-01-01 00:00:00
1484,484,0.00,2024-01-01 00:00:00
1485,485,0.00,2024-01-01 00:00:00
1486,486,0.00,2024-01-01 00:00:00
1487,487,0.00,2024-01-01 00:00:00
1488,488,0.00,2024-01-01 00:00:00
1489,489,0.00,2024-01-01 00:00:00
1490,490,0.00,2024-01-01 00:00:00
1491,491,0.00,2024-01-01 00:00:00
1492,492,0.00,2024-01-01 00:00:00
1493,493,0.00,2024-01-01 00:00:00
1494,494,0.00,2024-01-01 00:00:00
1495,495,0.00,2024-01-01 00:00:00
1496,496,0.00,2024-01-01 00:00:00
1497,497,0.00,2024-01-01 00:00:00
1498,498,0.00,2024-01-01 00:00:00
1499,499,0.00,2024-01-01 00:00:00
1500,500,0.00,2024-01-01 00:00:00
1501,501,0.00,2024-01-01 00:00:00
1502,502,0.00,2024-01-01 00:00:00
1503,503,0.00,2024-01-01 00:00:00
1504,504,0.00,2024-01-01 00:00:00
1505,505,0.00,2024-01-01 00:00:00
1506,506,0.00,2024-01-01 00:00:00
1507,507,0.00,2024-01-01 00:00:00
1508,508,0.00,2024-01-01 00:00:00
1509,509,0.00,2024-01-01 00:00:00
1510,510,0.00,2024-01-01 00:00:00
1511,511,0.00,2024-01-01 00:00:00
1512,512,0.00,2024-01-01 00:00:00
1513,513,0.00,2024-01-01 00:00:00
1514,514,0.00,2024-01-01 00:00:00
1515,515,0.00,2024-01-01 00:00:00
1516,516,0.00,2024-01-01 00:00:00
1517,517,0.00,2024-01-01 00:00:00
1518,518,0.00,2024-01-01 00:00:00
1519,519,0.00,2024-01-01 00:00:00
1520,520,0.00,2024-01-01 00:00:00
1521,521,0.00,2024-01-01 00:00:00
1522,522,0.00,2024-01-01 00:00:00
1523,523,0.00,2024-01-01 00:00:00
1524,524,0.00,2024-01-01 00:00:00
1525,525,0.00,2024-01-01 00:00:00
1526,526,0.00,2024-01-01 00:00:00
1527,527,0.00,2024-01-01 00:00:00
1528,528,0.00,2024-01-01 00:00:00
1529,529,0.00,2024-01-01 00:00:00
1530,530,0.00,2024-01-01 00:00:00
1531,531,0.00,2024-01-01 00:00:00
1532,532,0.00,2024-01-01 00:00:00
1533,533,0.00,2024-01-01 00:00:00
1534,534,0.00,2024-01-01 00:00:00
1535,535,0.00,2024-01-01 00:00:00
1536,536,0.00,2024-01-01 00:00:00
1537,537,0.00,2024-01-01 00:00:00
1538,538,0.00,2024-01-01 00:00:00
1539,539,0.00,2024-01-01 00:00:00
1540,540,0.00,2024-01-01 00:00:00
1541,541,0.00,2024-01-01 00:00:00
1542,542,0.00,2024-01-01 00:00:00
1543,543,0.00,2024-01-01 00:00:00
1544,544,0.00,2024-01-01 00:00:00
1545,545,0.00,2024-01-01 00:00:00
1546,546,0.00,2024-01-01 00:00:00
1547,547,0.00,2024-01-01 00:00:00
1548,548,0.00,2024-01-01 00:00:00
1549,549,0.00,2024-01-01 00:00:00
1550,550,0.00,2024-01-01 00:00:00
1551,551,0.00,2024-01-01 00:00:00
1552,552,0.00,2024-01-01 00:00:00
1553,553,0.00,2024-01-01 00:00:00
1554,554,0.00,2024-01-01 00:00:00
1555,555,0.00,2024-01-01 00:00:00
1556,556,0.00,2024-01-01 00:00:00
1557,557,0.00,2024-01-01 00:00:00
1558,558,0.00,2024-01-01 00:00:00
1559,559,0.00,2024-01-01 00:00:00
1560,560,0.00,2024-01-01 00:00:00
1561,561,0.00,2024-01-01 00:00:00
1562,562,0.00,2024-01-01 00:00:00
1563,563,0.00,2024-01-01 00:00:00
1564,564,0.00,2024-01-01 00:00:00
1565,565,0.00,2024-01-01 00:00:00
1566,566,0.00,2024-01-01 00:00:00
1567,567,0.00,2024-01-01 00:00:00
1568,568,0.00,2024-01-01 00:00:00
1569,569,0.00,2024-01-01 00:00:00
1570,570,0.00,2024-01-01 00:00:00
1571,571,0.00,2024-01-01 00:00:00
1572,572,0.00,2024-01-01 00:00:00
1573,573,0.00,2024-01-01 00:00:00
1574,574,0.00,2024-01-01 00:00:00
1575,575,0.00,2024-01-01 00:00:00
1576,576,0.00,2024-01-01 00:00:00
1577,577,0.00,2024-01-01 00:00:00
1578,578,0.00,2024-01-01 00:00:00
1579,579,0.00,2024-01-01 00:00:00
1580,580,0.00,2024-01-01 00:00:00
1581,581,0.00,2024-01-01 00:00:00
1582,582,0.00,2024-01-01 00:00:00
1583,583,0.00,2024-01-01 00:00:00
1584,584,0.00,2024-01-01 00:00:00
1585,585,0.00,2024-01-01 00:00:00
1586,586,0.00,2024-01-01 00:00:00
1587,587,0.00,2024-01-01 00:00:00
1588,588,0.00,2024-01-01 00:00:00
1589,589,0.00,2024-01-01 00:00:00
1590,590,0.00,2024-01-01 00:00:00
1591,591,0.00,2024-01-01 00:00:00
1592,592,0.00,2024-01-01 00:00:00
1593,593,0.00,2024-01-01 00:00:00
1594,594,0.00,2024-01-01 00:00:00
1595,595,0.00,2024-01-01 00:00:00
1596,596,0.00,2024-01-01 00:00:00
1597,597,0.00,2024-01-01 00:00:00
1598,598,0.00,2024-01-01 00:00:00
1599,599,0.00,2024-01-01 00:00:00
1600,600,0.00,2024-01-01 00:00:00
1601,601,0.00,2024-01-01 00:00:00
1602,602,0.00,2024-01-01 00:00:00
1603,603,0.00,2024-01-01 00:00:00
1604,604,0.00,2024-01-01 00:00:00
1605,605,0.00,2024-01-01 00:00:00
1606,606,0.00,2024-01-01 00:00:00
1607,607,0.00,2024-01-01 00:00:00
1608,608,0.00,2024-01-01 00:00:00
1609,609,0.00,2024-01-01 00:00:00
1610,610,0.00,2024-01-01 00:00:00
1611,611,0.00,2024-01-01 00:00:00
1612,612,0.00,2024-01-01 00:00:00
1613,613,0.00,2024-01-01 00:00:00
1614,614,0.00,2024-01-01 00:00:00
1615,615,0.00,2024-01-01 00:00:00
1616,616,0.00,2024-01-01 00:00:00
1617,617,0.00,2024-01-01 00:00:00
1618,618,0.00,2024-01-01 00:00:00
1619,619,0.00,2024-01-01 00:00:00
1620,620,0.00,2024-01-01 00:00:00
1621,621,0.00,2024-01-01 00:00:00
1622,622,0.00,2024-01-01 00:00:00
1623,623,0.00,2024-01-01 00:00:00
1624,624,0.00,2024-01-01 00:00:00
1625,625,0.00,2024-01-01 00:00:00
1626,626,0.00,2024-01-01 00:00:00
1627,627,0.00,2024-01-01 00:00:00
1628,628,0.00,2024-01-01 00:00:00
1629,629,0.00,2024-01-01 00:00:00
1630,630,0.00,2024-01-01 00:00:00
1631,631,0.00,2024-01-01 00:00:00
1632,632,0.00,2024-01-01 00:00:00
1633,633,0.00,2024-01-01 00:00:00
1634,634,0.00,2024-01-01 00:00:00
1635,635,0.00,2024-01-01 00:00:00
1636,636,0.00,2024-01-01 00:00:00
1637,637,0.00,2024-01-01 00:00:00
1638,638,0.00,2024-01-01 00:00:00
1639,639,0.00,2024-01-01 00:00:00
1640,640,0.00,2024-01-01 00:00:00
1641,641,0.00,2024-01-01 00:00:00
1642,642,0.00,2024-01-01 00:00:00
1643,643,0.00,2024-01-01 00:00:00
1644,644,0.00,2024-01-01 00:00:00
1645,645,0.00,2024-01-01 00:00:00
1646,646,0.00,2024-01-01 00:00:00
1647,647,0.00,2024-01-01 00:00:00
1648,648,0.00,2024-01-01 00:00:00
1649,649,0.00,2024-01-01 00:00:00
1650,650,0.00,2024-01-01 00:00:00
1651,651,0.00,2024-01-01 00:00:00
1652,652,0.00,2024-01-01 00:00:00
1653,653,0.00,2024-01-01 00:00:00
1654,654,0.00,2024-01-01 00:00:00
1655,655,0.00,2024-01-01 00:00:00
1656,656,0.00,2024-01-01 00:00:00
1657,657,0.00,2024-01-01 00:00:00
1658,658,0.00,2024-01-01 00:00:00
1659,659,0.00,2024-01-01 00:00:00
1660,660,0.00,2024-01-01 00:00:00
1661,661,0.00,2024-01-01 00:00:00
1662,662,0.00,2024-01-01 00:00:00
1663,663,0.00,2024-01-01 00:00:00
1664,664,0.00,2024-01-01 00:00:00
1665,665,0.00,2024-01-01 00:00:00
1666,666,0.00,2024-01-01 00:00:00
1667,667,0.00,2024-01-01 00:00:00
1668,668,0.00,2024-01-01 00:00:00
1669,669,0.00,2024-01-01 00:00:00
1670,670,0.00,2024-01-01 00:00:00
1671,671,0.00,2024-01-01 00:00:00
1672,672,0.00,2024-01-01 00:00:00
1673,673,0.00,2024-01-01 00:00:00
1674,674,0.00,2024-01-01 00:00:00
1675,675,0.00,2024-01-01 00:00:00
1676,676,0.00,2024-01-01 00:00:00
1677,677,0.00,2024-01-01 00:00:00
1678,678,0.00,2024-01-01 00:00:00
1679,679,0.00,2024-01-01 00:00:00
1680,680,0.00,2024-01-01 00:00:00
1681,681,0.00,2024-01-01 00:00:00
1682,682,0.00,2024-01-01 00:00:00
1683,683,0.00,2024-01-01 00:00:00
1684,684,0.00,2024-01-01 00:00:00
1685,685,0.00,2024-01-01 00:00:00
1686,686,0.00,2024-01-01 00:00:00
1687,687,0.00,2024-01-01 00:00:00
1688,688,0.00,2024-01-01 00:00:00
1689,689,0.00,2024-01-01 00:00:00
1690,690,0.00,2024-01-01 00:00:00
1691,691,0.00,2024-01-01 00:00:00
1692,692,0.00,2024-01-01 00:00:00
1693,693,0.00,2024-01-01 00:00:00
1694,694,0.00,2024-01-01 00:00:00
1695,695,0.00,2024-01-01 00:00:00
1696,696,0.00,2024-01-01 00:00:00
1697,697,0.00,2024-01-01 00:00:00
1698,698,0.00,2024-01-01 00:00:00
1699,699,0.00,2024-01-01 00:00:00
1700,700,0.00,2024-01-01 00:00:00
1701,701,0.00,2024-01-01 00:00:00
1702,702,0.00,2024-01-01 00:00:00
1703,703,0.00,2024-01-01 00:00:00
1704,704,0.00,2024-01-01 00:00:00
1705,705,0.00,2024-01-01 00:00:00
1706,706,0.00,2024-01-01 00:00:00
1707,707,0.00,2024-01-01 00:00:00
1708,708,0.00,2024-01-01 00:00:00
1709,709,0.00,2024-01-01 00:00:00
1710,710,0.00,2024-01-01 00:00:00
1711,711,0.00,2024-01-01 00:00:00
1712,712,0.00,2024-01-01 00:00:00
1713,713,0.00,2024-01-01 00:00:00
1714,714,0.00,2024-01-01 00:00:00
1715,715,0.00,2024-01-01 00:00:00
1716,716,0.00,2024-01-01 00:00:00
1717,717,0.00,2024-01-01 00:00:00
1718,718,0.00,2024-01-01 00:00:00
1719,719,0.00,2024-01-01 00:00:00
1720,720,0.00,2024-01-01 00:00:00
1721,721,0.00,2024-01-01 00:00:00
1722,722,0.00,2024-01-01 00:00:00
1723,723,0.00,2024-01-01 00:00:00
1724,724,0.00,2024-01-01 00:00:00
1725,725,0.00,2024-01-01 00:00:00
1726,726,0.00,2024-01-01 00:00:00
1727,727,0.00,2024-01-01 00:00:00
1728,728,0.00,2024-01-01 00:00:00
1729,729,0.00,2024-01-01 00:00:00
1730,730,0.00,2024-01-01 00:00:00
1731,731,0.00,2024-01-01 00:00:00
1732,732,0.00,2024-01-01 00:00:00
1733,733,0.00,2024-01-01 00:00:00
1734,734,0.00,2024-01-01 00:00:00
1735,735,0.00,2024-01-01 00:00:00
1736,736,0.00,2024-01-01 00:00:00
1737,737,0.00,2024-01-01 00:00:00
1738,738,0.00,2024-01-01 00:00:00
1739,739,0.00,2024-01-01 00:00:00
1740,740,0.00,2024-01-01 00:00:00
1741,741,0.00,2024-01-01 00:00:00
1742,742,0.00,2024-01-01 00:00:00
1743,743,0.00,2024-01-01 00:00:00
1744,744,0.00,2024-01-01 00:00:00
1745,745,0.00,2024-01-01 00:00:00
1746,746,0.00,2024-01-01 00:00:00
1747,747,0.00,2024-01-01 00:00:00
1748,748,0.00,2024-01-01 00:00:00
1749,749,0.00,2024-01-01 00:00:00
1750,750,0.00,2024-01-01 00:00:00
1751,751,0.00,2024-01-01 00:00:00
1752,752,0.00,2024-01-01 00:00:00
1753,753,0.00,2024-01-01 00:00:00
1754,754,0.00,2024-01-01 00:00:00
1755,755,0.00,2024-01-01 00:00:00
1756,756,0.00,2024-01-01 00:00:00
1757,757,0.00,2024-01-01 00:00:00
1758,758,0.00,2024-01-01 00:00:00
1759,759,0.00,2024-01-01 00:00:00
1760,760,0.00,2024-01-01 00:00:00
1761,761,0.00,2024-01-01 00:00:00
1762,762,0.00,2024-01-01 00:00:00
1763,763,0.00,2024-01-01 00:00:00
1764,764,0.00,2024-01-01 00:00:00
1765,765,0.00,2024-01-01 00:00:00
1766,766,0.00,2024-01-01 00:00:00
1767,767,0.00,2024-01-01 00:00:00
1768,768,0.00,2024-01-01 00:00:00
1769,769,0.00,2024-01-01 00:00:00
1770,770,0.00,2024-01-01 00:00:00
1771,771,0.00,2024-01-01 00:00:00
1772,772,0.00,2024-01-01 00:00:00
1773,773,0.00,2024-01-01 00:00:00
1774,774,0.00,2024-01-01 00:00:00
1775,775,0.00,2024-01-01 00:00:00
1776,776,0.00,2024-01-01 00:00:00
1777,777,0.00,2024-01-01 00:00:00
1778,778,0.00,2024-01-01 00:00:00
1779,779,0.00,2024-01-01 00:00:00
1780,780,0.00,2024-01-01 00:00:00
1781,781,0.00,2024-01-01 00:00:00
1782,782,0.00,2024-01-01 00:00:00
1783,783,0.00,2024-01-01 00:00:00
1784,784,0.00,2024-01-01 00:00:00
1785,785,0.00,2024-01-01 00:00:00
1786,786,0.00,2024-01-01 00:00:00
1787,787,0.00,2024-01-01 00:00:00
1788,788,0.00,2024-01-01 00:00:00
1789,789,0.00,2024-01-01 00:00:00
1790,790,0.00,2024-01-01 00:00:00
1791,791,0.00,2024-01-01 00:00:00
1792,792,0.00,2024-01-01 00:00:00
1793,793,0.00,2024-01-01 00:00:00
1794,794,0.00,2024-01-01 00:00:00
1795,795,0.00,2024-01-01 00:00:00
1796,796,0.00,2024-01-01 00:00:00
1797,797,0.00,2024-01-01 00:00:00
1798,798,0.00,2024-01-01 00:00:00
1799,799,0.00,2024-01-01 00:00:00
1800,800,0.00,2024-01-01 00:00:00
1801,801,0.00,2024-01-01 00:00:00
1802,802,0.00,2024-01-01 00:00:00
1803,803,0.00,2024-01-01 00:00:00
1804,804,0.00,2024-01-01 00:00:00
1805,805,0.00,2024-01-01 00:00:00
1806,806,0.00,2024-01-01 00:00:00
1807,807,0.00,2024-01-01 00:00:00
1808,808,0.00,2024-01-01 00:00:00
1809,809,0.00,2024-01-01 00:00:00
1810,810,0.00,2024-01-01 00:00:00
1811,811,0.00,2024-01-01 00:00:00
1812,812,0.00,2024-01-01 00:00:00
1813,813,0.00,2024-01-01 00:00:00
1814,814,0.00,2024-01-01 00:00:00
1815,815,0.00,2024-01-01 00:00:00
1816,816,0.00,2024-01-01 00:00:00
1817,817,0.00,2024-01-01 00:00:00
1818,818,0.00,2024-01-01 00:00:00
1819,819,0.00,2024-01-01 00:00:00
1820,820,0.00,2024-01-01 00:00:00
1821,821,0.00,2024-01-01 00:00:00
1822,822,0.00,2024-01-01 00:00:00
1823,823,0.00,2024-01-01 00:00:00
1824,824,0.00,2024-01-01 00:00:00
1825,825,0.00,2024-01-01 00:00:00
1826,826,0.00,2024-01-01 00:00:00
1827,827,0.00,2024-01-01 00:00:00
1828,828,0.00,2024-01-01 00:00:00
1829,829,0.00,2024-01-01 00:00:00
1830,830,0.00,2024-01-01 00:00:00
1831,831,0.00,2024-01-01 00:00:00
1832,832,0.00,2024-01-01 00:00:00
1833,833,0.00,2024-01-01 00:00:00
1834,834,0.00,2024-01-01 00:00:00
1835,835,0.00,2024-01-01 00:00:00
1836,836,0.00,2024-01-01 00:00:00
1837,837,0.00,2024-01-01 00:00:00
1838,838,0.00,2024-01-01 00:00:00
1839,839,0.00,2024-01-01 00:00:00
1840,840,0.00,2024-01-01 00:00:00
1841,841,0.00,2024-01-01 00:00:00
1842,842,0.00,2024-01-01 00:00:00
1843,843,0.00,2024-01-01 00:00:00
1844,844,0.00,2024-01-01 00:00:00
1845,845,0.00,2024-01-01 00:00:00
1846,846,0.00,2024-01-01 00:00:00
1847,847,0.00,2024-01-01 00:00:00
1848,848,0.00,2024-01-01 00:00:00
1849,849,0.00,2024-01-01 00:00:00
1850,850,0.00,2024-01-01 00:00:00
1851,851,0.00,2024-01-01 00:00:00
1852,852,0.00,2024-01-01 00:00:00
1853,853,0.00,2024-01-01 00:00:00
1854,854,0.00,2024-01-01 00:00:00
1855,855,0.00,2024-01-01 00:00:00
1856,856,0.00,2024-01-01 00:00:00
1857,857,0.00,2024-01-01 00:00:00
1858,858,0.00,2024-01-01 00:00:00
1859,859,0.00,2024-01-01 00:00:00
1860,860,0.00,2024-01-01 00:00:00
1861,861,0.00,2024-01-01 00:00:00
1862,862,0.00,2024-01-01 00:00:00
1863,863,0.00,2024-01-01 00:00:00
1864,864,0.00,2024-01-01 00:00:00
1865,865,0.00,2024-01-01 00:00:00
1866,866,0.00,2024-01-01 00:00:00
1867,867,0.00,2024-01-01 00:00:00
1868,868,0.00,2024-01-01 00:00:00
1869,869,0.00,2024-01-01 00:00:00
1870,870,0.00,2024-01-01 00:00:00
1871,871,0.00,2024-01-01 00:00:00
1872,872,0.00,2024-01-01 00:00:00
1873,873,0.00,2024-01-01 00:00:00
1874,874,0.00,2024-01-01 00:00:00
1875,875,0.00,2024-01-01 00:00:00
1876,876,0.00,2024-01-01 00:00:00
1877,877,0.00,2024-01-01 00:00:00
1878,878,0.00,2024-01-01 00:00:00
1879,879,0.00,2024-01-01 00:00:00
1880,880,0.00,2024-01-01 00:00:00
1881,881,0.00,2024-01-01 00:00:00
1882,882,0.00,2024-01-01 00:00:00
1883,883,0.00,2024-01-01 00:00:00
1884,884,0.00,2024-01-01 00:00:00
1885,885,0.00,2024-01-01 00:00:00
1886,886,0.00,2024-01-01 00:00:00
1887,887,0.00,2024-01-01 00:00:00
1888,888,0.00,2024-01-01 00:00:00
1889,889,0.00,2024-01-01 00:00:00
1890,890,0.00,2024-01-01 00:00:00
1891,891,0.00,2024-01-01 00:00:00
1892,892,0.00,2024-01-01 00:00:00
1893,893,0.00,2024-01-01 00:00:00
1894,894,0.00,2024-01-01 00:00:00
1895,895,0.00,2024-01-01 00:00:00
1896,896,0.00,2024-01-01 00:00:00
1897,897,0.00,2024-01-01 00:00:00
1898,898,0.00,2024-01-01 00:00:00
1899,899,0.00,2024-01-01 00:00:00
1900,900,0.00,2024-01-01 00:00:00
1901,901,0.00,2024-01-01 00:00:00
1902,902,0.00,2024-01-01 00:00:00
1903,903,0.00,2024-01-01 00:00:00
1904,904,0.00,2024-01-01 00:00:00
1905,905,0.00,2024-01-01 00:00:00
1906,906,0.00,2024-01-01 00:00:00
1907,907,0.00,2024-01-01 00:00:00
1908,908,0.00,2024-01-01 00:00:00
1909,909,0.00,2024-01-01 00:00:00
1910,910,0.00,2024-01-01 00:00:00
1911,911,0.00,2024-01-01 00:00:00
1912,912,0.00,2024-01-01 00:00:00
1913,913,0.00,2024-01-01 00:00:00
1914,914,0.00,2024-01-01 00:00:00
1915,915,0.00,2024-01-01 00:00:00
1916,916,0.00,2024-01-01 00:00:00
1917,917,0.00,2024-01-01 00:00:00
1918,918,0.00,2024-01-01 00:00:00
1919,919,0.00,2024-01-01 00:00:00
1920,920,0.00,2024-01-01 00:00:00
1921,921,0.00,2024-01-01 00:00:00
1922,922,0.00,2024-01-01 00:00:00
1923,923,0.00,2024-01-01 00:00:00
1924,924,0.00,2024-01-01 00:00:00
1925,925,0.00,2024-01-01 00:00:00
1926,926,0.00,2024-01-01 00:00:00
1927,927,0.00,2024-01-01 00:00:00
1928,928,0.00,2024-01-01 00:00:00
1929,929,0.00,2024-01-01 00:00:00
1930,930,0.00,2024-01-01 00:00:00
1931,931,0.00,2024-01-01 00:00:00
1932,932,0.00,2024-01-01 00:00:00
1933,933,0.00,2024-01-01 00:00:00
1934,934,0.00,2024-01-01 00:00:00
1935,935,0.00,2024-01-01 00:00:00
1936,936,0.00,2024-01-01 00:00:00
1937,937,0.00,2024-01-01 00:00:00
1938,938,0.00,2024-01-01 00:00:00
1939,939,0.00,2024-01-01 00:00:00
1940,940,0.00,2024-01-01 00:00:00
1941,941,0.00,2024-01-01 00:00:00
1942,942,0.00,2024-01-01 00:00:00
1943,943,0.00,2024-01-01 00:00:00
1944,944,0.00,2024-01-01 00:00:00
1945,945,0.00,2024-01-01 00:00:00
1946,946,0.00,2024-01-01 00:00:00
1947,947,0.00,2024-01-01 00:00:00
1948,948,0.00,2024-01-01 00:00:00
1949,949,0.00,2024-01-01 00:00:00
1950,950,0.00,2024-01-01 00:00:00
1951,951,0.00,2024-01-01 00:00:00
1952,952,0.00,2024-01-01 00:00:00
1953,953,0.00,2024-01-01 00:00:00
1954,954,0.00,2024-01-01 00:00:00
1955,955,0.00,2024-01-01 00:00:00
1956,956,0.00,2024-01-01 00:00:00
1957,957,0.00,2024-01-01 00:00:00
1958,958,0.00,2024-01-01 00:00:00
1959,959,0.00,2024-01-01 00:00:00
1960,960,0.00,2024-01-01 00:00:00
1961,961,0.00,2024-01-01 00:00:00
1962,962,0.00,2024-01-01 00:00:00
1963,963,0.00,2024-01-01 00:00:00
1964,964,0.00,2024-01-01 00:00:00
1965,965,0.00,2024-01-01 00:00:00
1966,966,0.00,2024-01-01 00:00:00
1967,967,0.00,2024-01-01 00:00:00
1968,968,0.00,2024-01-01 00:00:00
1969,969,0.00,2024-01-01 00:00:00
1970,970,0.00,2024-01-01 00:00:00
1971,971,0.00,2024-01-01 00:00:00
1972,972,0.00,2024-01-01 00:00:00
1973,973,0.00,2024-01-01 00:00:00
1974,974,0.00,2024-01-01 00:00:00
1975,975,0.00,2024-01-01 00:00:00
1976,976,0.00,2024-01-01 00:00:00
1977,977,0.00,2024-01-01 00:00:00
1978,978,0.00,2024-01-01 00:00:00
1979,979,0.00,2024-01-01 00:00:00
1980,980,0.00,2024-01-01 00:00:00
1981,981,0.00,2024-01-01 00:00:00
1982,982,0.00,2024-01-01 00:00:00
1983,983,0.00,2024-01-01 00:00:00
1984,984,0.00,2024-01-01 00:00:00
1985,985,0.00,2024-01-01 00:00:00
1986,986,0.00,2024-01-01 00:00:00
1987,987,0.00,2024-01-01 00:00:00
1988,988,0.00,2024-01-01 00:00:00
1989,989,0.00,2024-01-01 00:00:00
1990,990,0.00,2024-01-01 00:00:00
1991,991,0.00,2024-01-01 00:00:00
1992,992,0.00,2024-01-01 00:00:00
1993,993,0.00,2024-01-01 00:00:00
1994,994,0.00,2024-01-01 00:00:00
1995,995,0.00,2024-01-01 00:00:00
1996,996,0.00,2024-01-01 00:00:00
1997,997,0.00,2024-01-01 00:00:00
1998,998,0.00,2024-01-01 00:00:00
1999,999,0.00,2024-01-01 00:00:00
2000,1000,0.00,2024-01-01 00:00:00
2001,1,0.00,2024-01-01 00:00:00
2002,2,0.00,2024-01-01 00:00:00
2003,3,0.00,2024-01-01 00:00:00
2004,4,0.00,2024-01-01 00:00:00
2005,5,0.00,2024-01-01 00:00:00
2006,6,0.00,2024-01-01 00:00:00
2007,7,0.00,2024-01-01 00:00:00
2008,8,0.00,2024-01-01 00:00:00
2009,9,0.00,2024-01-01 00:00:00
2010,10,0.00,2024-01-01 00:00:00
2011,11,0.00,2024-01-01 00:00:00
2012,12,0.00,2024-01-01 00:00:00
2013,13,0.00,2024-01-01 00:00:00
2014,14,0.00,2024-01-01 00:00:00
2015,15,0.00,2024-01-01 00:00:00
2016,16,0.00,2024-01-01 00:00:00
2017,17,0.00,2024-01-01 00:00:00
2018,18,0.00,2024-01-01 00:00:00
2019,19,0.00,2024-01-01 00:00:00
2020,20,0.00,2024-01-01 00:00:00
2021,21,0.00,2024-01-01 00:00:00
2022,22,0.00,2024-01-01 00:00:00
2023,23,0.00,2024-01-01 00:00:00
2024,24,0.00,2024-01-01 00:00:00
2025,25,0.00,2024-01-01 00:00:00
2026,26,0.00,2024-01-01 00:00:00
2027,27,0.00,2024-01-01 00:00:00
2028,28,0.00,2024-01-01 00:00:00
2029,29,0.00,2024-01-01 00:00:00
2030,30,0.00,2024-01-01 00:00:00
2031,31,0.00,2024-01-01 00:00:00
2032,32,0.00,2024-01-01 00:00:00
2033,33,0.00,2024-01-01 00:00:00
2034,34,0.00,2024-01-01 00:00:00
2035,35,0.00,2024-01-01 00:00:00
2036,36,0.00,2024-01-01 00:00:00
2037,37,0.00,2024-01-01 00:00:00
2038,38,0.00,2024-01-01 00:00:00
2039,39,0.00,2024-01-01 00:00:00
2040,40,0.00,2024-01-01 00:00:00
2041,41,0.00,2024-01-01 00:00:00
2042,42,0.00,2024-01-01 00:00:00
2043,43,0.00,2024-01-01 00:00:00
2044,44,0.00,2024-01-01 00:00:00
2045,45,0.00,2024-01-01 00:00:00
2046,46,0.00,2024-01-01 00:00:00
2047,47,0.00,2024-01-01 00:00:00
2048,48,0.00,2024-01-01 00:00:00
2049,49,0.00,2024-01-01 00:00:00
2050,50,0.00,2024-01-01 00:00:00
2051,51,0.00,2024-01-01 00:00:00
2052,52,0.00,2024-01-01 00:00:00
2053,53,0.00,2024-01-01 00:00:00
2054,54,0.00,2024-01-01 00:00:00
2055,55,0.00,2024-01-01 00:00:00
2056,56,0.00,2024-01-01 00:00:00
2057,57,0.00,2024-01-01 00:00:00
2058,58,0.00,2024-01-01 00:00:00
2059,59,0.00,2024-01-01 00:00:00
2060,60,0.00,2024-01-01 00:00:00
2061,61,0.00,2024-01-01 00:00:00
2062,62,0.00,2024-01-01 00:00:00
2063,63,0.00,2024-01-01 00:00:00
2064,64,0.00,2024-01-01 00:00:00
2065,65,0.00,2024-01-01 00:00:00
2066,66,0.00,2024-01-01 00:00:00
2067,67,0.00,2024-01-01 00:00:00
2068,68,0.00,2024-01-01 00:00:00
2069,69,0.00,2024-01-01 00:00:00
2070,70,0.00,2024-01-01 00:00:00
2071,71,0.00,2024-01-01 00:00:00
2072,72,0.00,2024-01-01 00:00:00
2073,73,0.00,2024-01-01 00:00:00
2074,74,0.00,2024-01-01 00:00:00
2075,75,0.00,2024-01-01 00:00:00
2076,76,0.00,2024-01-01 00:00:00
2077,77,0.00,2024-01-01 00:00:00
2078,78,0.00,2024-01-01 00:00:00
2079,79,0.00,2024-01-01 00:00:00
2080,80,0.00,2024-01-01 00:00:00
2081,81,0.00,2024-01-01 00:00:00
2082,82,0.00,2024-01-01 00:00:00
2083,83,0.00,2024-01-01 00:00:00
2084,84,0.00,2024-01-01 00:00:00
2085,85,0.00,2024-01-01 00:00:00
2086,86,0.00,2024-01-01 00:00:00
2087,87,0.00,2024-01-01 00:00:00
2088,88,0.00,2024-01-01 00:00:00
2089,89,0.00,2024-01-01 00:00:00
2090,90,0.00,2024-01-01 00:00:00
2091,91,0.00,2024-01-01 00:00:00
2092,92,0.00,2024-01-01 00:00:00
2093,93,0.00,2024-01-01 00:00:00
2094,94,0.00,2024-01-01 00:00:00
2095,95,0.00,2024-01-01 00:00:00
2096,96,0.00,2024-01-01 00:00:00
2097,97,0.00,2024-01-01 00:00:00
2098,98,0.00,2024-01-01 00:00:00
2099,99,0.00,2024-01-01 00:00:00
2100,100,0.00,2024-01-01 00:00:00
2101,101,0.00,2024-01-01 00:00:00
2102,102,0.00,2024-01-01 00:00:00
2103,103,0.00,2024-01-01 00:00:00
2104,104,0.00,2024-01-01 00:00:00
2105,105,0.00,2024-01-01 00:00:00
2106,106,0.00,2024-01-01 00:00:00
2107,107,0.00,2024-01-01 00:00:00
2108,108,0.00,2024-01-01 00:00:00
2109,109,0.00,2024-01-01 00:00:00
2110,110,0.00,2024-01-01 00:00:00
2111,111,0.00,2024-01-01 00:00:00
2112,112,0.00,2024-01-01 00:00:00
2113,113,0.00,2024-01-01 00:00:00
2114,114,0.00,2024-01-01 00:00:00
2115,115,0.00,2024-01-01 00:00:00
2116,116,0.00,2024-01-01 00:00:00
2117,117,0.00,2024-01-01 00:00:00
2118,118,0.00,2024-01-01 00:00:00
2119,119,0.00,2024-01-01 00:00:00
2120,120,0.00,2024-01-01 00:00:00
2121,121,0.00,2024-01-01 00:00:00
2122,122,0.00,2024-01-01 00:00:00
2123,123,0.00,2024-01-01 00:00:00
2124,124,0.00,2024-01-01 00:00:00
2125,125,0.00,2024-01-01 00:00:00
2126,126,0.00,2024-01-01 00:00:00
2127,127,0.00,2024-01-01 00:00:00
2128,128,0.00,2024-01-01 00:00:00
2129,129,0.00,2024-01-01 00:00:00
2130,130,0.00,2024-01-01 00:00:00
2131,131,0.00,2024-01-01 00:00:00
2132,132,0.00,2024-01-01 00:00:00
2133,133,0.00,2024-01-01 00:00:00
2134,134,0.00,2024-01-01 00:00:00
2135,135,0.00,2024-01-01 00:00:00
2136,136,0.00,2024-01-01 00:00:00
2137,137,0.00,2024-01-01 00:00:00
2138,138,0.00,2024-01-01 00:00:00
2139,139,0.00,2024-01-01 00:00:00
2140,140,0.00,2024-01-01 00:00:00
2141,141,0.00,2024-01-01 00:00:00
2142,142,0.00,2024-01-01 00:00:00
2143,143,0.00,2024-01-01 00:00:00
2144,144,0.00,2024-01-01 00:00:00
2145,145,0.00,2024-01-01 00:00:00
2146,146,0.00,2024-01-01 00:00:00
2147,147,0.00,2024-01-01 00:00:00
2148,148,0.00,2024-01-01 00:00:00
2149,149,0.00,2024-01-01 00:00:00
2150,150,0.00,2024-01-01 00:00:00
2151,151,0.00,2024-01-01 00:00:00
2152,152,0.00,2024-01-01 00:00:00
2153,153,0.00,2024-01-01 00:00:00
2154,154,0.00,2024-01-01 00:00:00
2155,155,0.00,2024-01-01 00:00:00
2156,156,0.00,2024-01-01 00:00:00
2157,157,0.00,2024-01-01 00:00:00
2158,158,0.00,2024-01-01 00:00:00
2159,159,0.00,2024-01-01 00:00:00
2160,160,0.00,2024-01-01 00:00:00
2161,161,0.00,2024-01-01 00:00:00
2162,162,0.00,2024-01-01 00:00:00
2163,163,0.00,2024-01-01 00:00:00
2164,164,0.00,2024-01-01 00:00:00
2165,165,0.00,2024-01-01 00:00:00
2166,166,0.00,2024-01-01 00:00:00
2167,167,0.00,2024-01-01 00:00:00
2168,168,0.00,2024-01-01 00:00:00
2169,169,0.00,2024-01-01 00:00:00
2170,170,0.00,2024-01-01 00:00:00
2171,171,0.00,2024-01-01 00:00:00
2172,172,0.00,2024-01-01 00:00:00
2173,173,0.00,2024-01-01 00:00:00
2174,174,0.00,2024-01-01 00:00:00
2175,175,0.00,2024-01-01 00:00:00
2176,176,0.00,2024-01-01 00:00:00
2177,177,0.00,2024-01-01 00:00:00
2178,178,0.00,2024-01-01 00:00:00
2179,179,0.00,2024-01-01 00:00:00
2180,180,0.00,2024-01-01 00:00:00
2181,181,0.00,2024-01-01 00:00:00
2182,182,0.00,2024-01-01 00:00:00
2183,183,0.00,2024-01-01 00:00:00
2184,184,0.00,2024-01-01 00:00:00
2185,185,0.00,2024-01-01 00:00:00
2186,186,0.00,2024-01-01 00:00:00
2187,187,0.00,2024-01-01 00:00:00
2188,188,0.00,2024-01-01 00:00:00
2189,189,0.00,2024-01-01 00:00:00
2190,190,0.00,2024-01-01 00:00:00
2191,191,0.00,2024-01-01 00:00:00
2192,192,0.00,2024-01-01 00:00:00
2193,193,0.00,2024-01-01 00:00:00
2194,194,0.00,2024-01-01 00:00:00
2195,195,0.00,2024-01-01 00:00:00
2196,196,0.00,2024-01-01 00:00:00
2197,197,0.00,2024-01-01 00:00:00
2198,198,0.00,2024-01-01 00:00:00
2199,199,0.00,2024-01-01 00:00:00
2200,200,0.00,2024-01-01 00:00:00
2201,201,0.00,2024-01-01 00:00:00
2202,202,0.00,2024-01-01 00:00:00
2203,203,0.00,2024-01-01 00:00:00
2204,204,0.00,2024-01-01 00:00:00
2205,205,0.00,2024-01-01 00:00:00
2206,206,0.00,2024-01-01 00:00:00
2207,207,0.00,2024-01-01 00:00:00
2208,208,0.00,2024-01-01 00:00:00
2209,209,0.00,2024-01-01 00:00:00
2210,210,0.00,2024-01-01 00:00:00
2211,211,0.00,2024-01-01 00:00:00
2212,212,0.00,2024-01-01 00:00:00
2213,213,0.00,2024-01-01 00:00:00
2214,214,0.00,2024-01-01 00:00:00
2215,215,0.00,2024-01-01 00:00:00
2216,216,0.00,2024-01-01 00:00:00
2217,217,0.00,2024-01-01 00:00:00
2218,218,0.00,2024-01-01 00:00:00
2219,219,0.00,2024-01-01 00:00:00
2220,220,0.00,2024-01-01 00:00:00
2221,221,0.00,2024-01-01 00:00:00
2222,222,0.00,2024-01-01 00:00:00
2223,223,0.00,2024-01-01 00:00:00
2224,224,0.00,2024-01-01 00:00:00
2225,225,0.00,2024-01-01 00:00:00
2226,226,0.00,2024-01-01 00:00:00
2227,227,0.00,2024-01-01 00:00:00
2228,228,0.00,2024-01-01 00:00:00
2229,229,0.00,2024-01-01 00:00:00
2230,230,0.00,2024-01-01 00:00:00
2231,231,0.00,2024-01-01 00:00:00
2232,232,0.00,2024-01-01 00:00:00
2233,233,0.00,2024-01-01 00:00:00
2234,234,0.00,2024-01-01 00:00:00
2235,235,0.00,2024-01-01 00:00:00
2236,236,0.00,2024-01-01 00:00:00
2237,237,0.00,2024-01-01 00:00:00
2238,238,0.00,2024-01-01 00:00:00
2239,239,0.00,2024-01-01 00:00:00
2240,240,0.00,2024-01-01 00:00:00
2241,241,0.00,2024-01-01 00:00:00
2242,242,0.00,2024-01-01 00:00:00
2243,243,0.00,2024-01-01 00:00:00
2244,244,0.00,2024-01-01 00:00:00
2245,245,0.00,2024-01-01 00:00:00
2246,246,0.00,2024-01-01 00:00:00
2247,247,0.00,2024-01-01 00:00:00
2248,248,0.00,2024-01-01 00:00:00
2249,249,0.00,2024-01-01 00:00:00
2250,250,0.00,2024-01-01 00:00:00
2251,251,0.00,2024-01-01 00:00:00
2252,252,0.00,2024-01-01 00:00:00
2253,253,0.00,2024-01-01 00:00:00
2254,254,0.00,2024-01-01 00:00:00
2255,255,0.00,2024-01-01 00:00:00
2256,256,0.00,2024-01-01 00:00:00
2257,257,0.00,2024-01-01 00:00:00
2258,258,0.00,2024-01-01 00:00:00
2259,259,0.00,2024-01-01 00:00:00
2260,260,0.00,2024-01-01 00:00:00
2261,261,0.00,2024-01-01 00:00:00
2262,262,0.00,2024-01-01 00:00:00
2263,263,0.00,2024-01-01 00:00:00
2264,264,0.00,2024-01-01 00:00:00
2265,265,0.00,2024-01-01 00:00:00
2266,266,0.00,2024-01-01 00:00:00
2267,267,0.00,2024-01-01 00:00:00
2268,268,0.00,2024-01-01 00:00:00
2269,269,0.00,2024-01-01 00:00:00
2270,270,0.00,2024-01-01 00:00:00
2271,271,0.00,2024-01-01 00:00:00
2272,272,0.00,2024-01-01 00:00:00
2273,273,0.00,2024-01-01 00:00:00
2274,274,0.00,2024-01-01 00:00:00
2275,275,0.00,2024-01-01 00:00:00
2276,276,0.00,2024-01-01 00:00:00
2277,277,0.00,2024-01-01 00:00:00
2278,278,0.00,2024-01-01 00:00:00
2279,279,0.00,2024-01-01 00:00:00
2280,280,0.00,2024-01-01 00:00:00
2281,281,0.00,2024-01-01 00:00:00
2282,282,0.00,2024-01-01 00:00:00
2283,283,0.00,2024-01-01 00:00:00
2284,284,0.00,2024-01-01 00:00:00
2285,285,0.00,2024-01-01 00:00:00
2286,286,0.00,2024-01-01 00:00:00
2287,287,0.00,2024-01-01 00:00:00
2288,288,0.00,2024-01-01 00:00:00
2289,289,0.00,2024-01-01 00:00:00
2290,290,0.00,2024-01-01 00:00:00
2291,291,0.00,2024-01-01 00:00:00
2292,292,0.00,2024-01-01 00:00:00
2293,293,0.00,2024-01-01 00:00:00
2294,294,0.00,2024-01-01 00:00:00
2295,295,0.00,2024-01-01 00:00:00
2296,296,0.00,2024-01-01 00:00:00
2297,297,0.00,2024-01-01 00:00:00
2298,298,0.00,2024-01-01 00:00:00
2299,299,0.00,2024-01-01 00:00:00
2300,300,0.00,2024-01-01 00:00:00
2301,301,0.00,2024-01-01 00:00:00
2302,302,0.00,2024-01-01 00:00:00
2303,303,0.00,2024-01-01 00:00:00
2304,304,0.00,2024-01-01 00:00:00
2305,305,0.00,2024-01-01 00:00:00
2306,306,0.00,2024-01-01 00:00:00
2307,307,0.00,2024-01-01 00:00:00
2308,308,0.00,2024-01-01 00:00:00
2309,309,0.00,2024-01-01 00:00:00
2310,310,0.00,2024-01-01 00:00:00
2311,311,0.00,2024-01-01 00:00:00
2312,312,0.00,2024-01-01 00:00:00
2313,313,0.00,2024-01-01 00:00:00
2314,314,0.00,2024-01-01 00:00:00
2315,315,0.00,2024-01-01 00:00:00
2316,316,0.00,2024-01-01 00:00:00
2317,317,0.00,2024-01-01 00:00:00
2318,318,0.00,2024-01-01 00:00:00
2319,319,0.00,2024-01-01 00:00:00
2320,320,0.00,2024-01-01 00:00:00
2321,321,0.00,2024-01-01 00:00:00
2322,322,0.00,2024-01-01 00:00:00
2323,323,0.00,2024-01-01 00:00:00
2324,324,0.00,2024-01-01 00:00:00
2325,325,0.00,2024-01-01 00:00:00
2326,326,0.00,2024-01-01 00:00:00
2327,327,0.00,2024-01-01 00:00:00
2328,328,0.00,2024-01-01 00:00:00
2329,329,0.00,2024-01-01 00:00:00
2330,330,0.00,2024-01-01 00:00:00
2331,331,0.00,2024-01-01 00:00:00
2332,332,0.00,2024-01-01 00:00:00
2333,333,0.00,2024-01-01 00:00:00
2334,334,0.00,2024-01-01 00:00:00
2335,335,0.00,2024-01-01 00:00:00
2336,336,0.00,2024-01-01 00:00:00
2337,337,0.00,2024-01-01 00:00:00
2338,338,0.00,2024-01-01 00:00:00
2339,339,0.00,2024-01-01 00:00:00
2340,340,0.00,2024-01-01 00:00:00
2341,341,0.00,2024-01-01 00:00:00
2342,342,0.00,2024-01-01 00:00:00
2343,343,0.00,2024-01-01 00:00:00
2344,344,0.00,2024-01-01 00:00:00
2345,345,0.00,2024-01-01 00:00:00
2346,346,0.00,2024-01-01 00:00:00
2347,347,0.00,2024-01-01 00:00:00
2348,348,0.00,2024-01-01 00:00:00
2349,349,0.00,2024-01-01 00:00:00
2350,350,0.00,2024-01-01 00:00:00
2351,351,0.00,2024-01-01 00:00:00
2352,352,0.00,2024-01-01 00:00:00
2353,353,0.00,2024-01-01 00:00:00
2354,354,0.00,2024-01-01 00:00:00
2355,355,0.00,2024-01-01 00:00:00
2356,356,0.00,2024-01-01 00:00:00
2357,357,0.00,2024-01-01 00:00:00
2358,358,0.00,2024-01-01 00:00:00
2359,359,0.00,2024-01-01 00:00:00
2360,360,0.00,2024-01-01 00:00:00
2361,361,0.00,2024-01-01 00:00:00
2362,362,0.00,2024-01-01 00:00:00
2363,363,0.00,2024-01-01 00:00:00
2364,364,0.00,2024-01-01 00:00:00
2365,365,0.00,2024-01-01 00:00:00
2366,366,0.00,2024-01-01 00:00:00
2367,367,0.00,2024-01-01 00:00:00
2368,368,0.00,2024-01-01 00:00:00
2369,369,0.00,2024-01-01 00:00:00
2370,370,0.00,2024-01-01 00:00:00
2371,371,0.00,2024-01-01 00:00:00
2372,372,0.00,2024-01-01 00:00:00
2373,373,0.00,2024-01-01 00:00:00
2374,374,0.00,2024-01-01 00:00:00
2375,375,0.00,2024-01-01 00:00:00
2376,376,0.00,2024-01-01 00:00:00
2377,377,0.00,2024-01-01 00:00:00
2378,378,0.00,2024-01-01 00:00:00
2379,379,0.00,2024-01-01 00:00:00
2380,380,0.00,2024-01-01 00:00:00
2381,381,0.00,2024-01-01 00:00:00
2382,382,0.00,2024-01-01 00:00:00
2383,383,0.00,2024-01-01 00:00:00
2384,384,0.00,2024-01-01 00:00:00
2385,385,0.00,2024-01-01 00:00:00
2386,386,0.00,2024-01-01 00:00:00
2387,387,0.00,2024-01-01 00:00:00
2388,388,0.00,2024-01-01 00:00:00
2389,389,0.00,2024-01-01 00:00:00
2390,390,0.00,2024-01-01 00:00:00
2391,391,0.00,2024-01-01 00:00:00
2392,392,0.00,2024-01-01 00:00:00
2393,393,0.00,2024-01-01 00:00:00
2394,394,0.00,2024-01-01 00:00:00
2395,395,0.00,2024-01-01 00:00:00
2396,396,0.00,2024-01-01 00:00:00
2397,397,0.00,2024-01-01 00:00:00
2398,398,0.00,2024-01-01 00:00:00
2399,399,0.00,2024-01-01 00:00:00
2400,400,0.00,2024-01-01 00:00:00
2401,401,0.00,2024-01-01 00:00:00
2402,402,0.00,2024-01-01 00:00:00
2403,403,0.00,2024-01-01 00:00:00
2404,404,0.00,2024-01-01 00:00:00
2405,405,0.00,2024-01-01 00:00:00
2406,406,0.00,2024-01-01 00:00:00
2407,407,0.00,2024-01-01 00:00:00
2408,408,0.00,2024-01-01 00:00:00
2409,409,0.00,2024-01-01 00:00:00
2410,410,0.00,2024-01-01 00:00:00
2411,411,0.00,2024-01-01 00:00:00
2412,412,0.00,2024-01-01 00:00:00
2413,413,0.00,2024-01-01 00:00:00
2414,414,0.00,2024-01-01 00:00:00
2415,415,0.00,2024-01-01 00:00:00
2416,416,0.00,2024-01-01 00:00:00
2417,417,0.00,2024-01-01 00:00:00
2418,418,0.00,2024-01-01 00:00:00
2419,419,0.00,2024-01-01 00:00:00
2420,420,0.00,2024-01-01 00:00:00
2421,421,0.00,2024-01-01 00:00:00
2422,422,0.00,2024-01-01 00:00:00
2423,423,0.00,2024-01-01 00:00:00
2424,424,0.00,2024-01-01 00:00:00
2425,425,0.00,2024-01-01 00:00:00
2426,426,0.00,2024-01-01 00:00:00
2427,427,0.00,2024-01-01 00:00:00
2428,428,0.00,2024-01-01 00:00:00
2429,429,0.00,2024-01-01 00:00:00
2430,430,0.00,2024-01-01 00:00:00
2431,431,0.00,2024-01-01 00:00:00
2432,432,0.00,2024-01-01 00:00:00
2433,433,0.00,2024-01-01 00:00:00
2434,434,0.00,2024-01-01 00:00:00
2435,435,0.00,2024-01-01 00:00:00
2436,436,0.00,2024-01-01 00:00:00
2437,437,0.00,2024-01-01 00:00:00
2438,438,0.00,2024-01-01 00:00:00
2439,439,0.00,2024-01-01 00:00:00
2440,440,0.00,2024-01-01 00:00:00
2441,441,0.00,2024-01-01 00:00:00
2442,442,0.00,2024-01-01 00:00:00
2443,443,0.00,2024-01-01 00:00:00
2444,444,0.00,2024-01-01 00:00:00
2445,445,0.00,2024-01-01 00:00:00
2446,446,0.00,2024-01-01 00:00:00
2447,447,0.00,2024-01-01 00:00:00
2448,448,0.00,2024-01-01 00:00:00
2449,449,0.00,2024-01-01 00:00:00
2450,450,0.00,2024-01-01 00:00:00
2451,451,0.00,2024-01-01 00:00:00
2452,452,0.00,2024-01-01 00:00:00
2453,453,0.00,2024-01-01 00:00:00
2454,454,0.00,2024-01-01 00:00:00
2455,455,0.00,2024-01-01 00:00:00
2456,456,0.00,2024-01-01 00:00:00
2457,457,0.00,2024-01-01 00:00:00
2458,458,0.00,2024-01-01 00:00:00
2459,459,0.00,2024-01-01 00:00:00
2460,460,0.00,2024-01-01 00:00:00
2461,461,0.00,2024-01-01 00:00:00
2462,462,0.00,2024-01-01 00:00:00
2463,463,0.00,2024-01-01 00:00:00
2464,464,0.00,2024-01-01 00:00:00
2465,465,0.00,2024-01-01 00:00:00
2466,466,0.00,2024-01-01 00:00:00
2467,467,0.00,2024-01-01 00:00:00
2468,468,0.00,2024-01-01 00:00:00
2469,469,0.00,2024-01-01 00:00:00
2470,470,0.00,2024-01-01 00:00:00
2471,471,0.00,2024-01-01 00:00:00
2472,472,0.00,2024-01-01 00:00:00
2473,473,0.00,2024-01-01 00:00:00
2474,474,0.00,2024-01-01 00:00:00
2475,475,0.00,2024-01-01 00:00:00
2476,476,0.00,2024-01-01 00:00:00
2477,477,0.00,2024-01-01 00:00:00
2478,478,0.00,2024-01-01 00:00:00
2479,479,0.00,2024-01-01 00:00:00
2480,480,0.00,2024-01-01 00:00:00
2481,481,0.00,2024-01-01 00:00:00
2482,482,0.00,2024-01-01 00:00:00
2483,483,0.00,2024-01-01 00:00:00
2484,484,0.00,2024-01-01 00:00:00
2485,485,0.00,2024-01-01 00:00:00
2486,486,0.00,2024-01-01 00:00:00
2487,487,0.00,2024-01-01 00:00:00
2488,488,0.00,2024-01-01 00:00:00
2489,489,0.00,2024-01-01 00:00:00
2490,490,0.00,2024-01-01 00:00:00
2491,491,0.00,2024-01-01 00:00:00
2492,492,0.00,2024-01-01 00:00:00
2493,493,0.00,2024-01-01 00:00:00
2494,494,0.00,2024-01-01 00:00:00
2495,495,0.00,2024-01-01 00:00:00
2496,496,0.00,2024-01-01 00:00:00
2497,497,0.00,2024-01-01 00:00:00
2498,498,0.00,2024-01-01 00:00:00
2499,499,0.00,2024-01-01 00:00:00
2500,500,0.00,2024-01-01 00:00:00
2501,501,0.00,2024-01-01 00:00:00
2502,502,0.00,2024-01-01 00:00:00
2503,503,0.00,2024-01-01 00:00:00
2504,504,0.00,2024-01-01 00:00:00
2505,505,0.00,2024-01-01 00:00:00
2506,506,0.00,2024-01-01 00:00:00
2507,507,0.00,2024-01-01 00:00:00
2508,508,0.00,2024-01-01 00:00:00
2509,509,0.00,2024-01-01 00:00:00
2510,510,0.00,2024-01-01 00:00:00
2511,511,0.00,2024-01-01 00:00:00
2512,512,0.00,2024-01-01 00:00:00
2513,513,0.00,2024-01-01 00:00:00
2514,514,0.00,2024-01-01 00:00:00
2515,515,0.00,2024-01-01 00:00:00
2516,516,0.00,2024-01-01 00:00:00
2517,517,0.00,2024-01-01 00:00:00
2518,518,0.00,2024-01-01 00:00:00
2519,519,0.00,2024-01-01 00:00:00
2520,520,0.00,2024-01-01 00:00:00
2521,521,0.00,2024-01-01 00:00:00
2522,522,0.00,2024-01-01 00:00:00
2523,523,0.00,2024-01-01 00:00:00
2524,524,0.00,2024-01-01 00:00:00
2525,525,0.00,2024-01-01 00:00:00
2526,526,0.00,2024-01-01 00:00:00
2527,527,0.00,2024-01-01 00:00:00
2528,528,0.00,2024-01-01 00:00:00
2529,529,0.00,2024-01-01 00:00:00
2530,530,0.00,2024-01-01 00:00:00
2531,531,0.00,2024-01-01 00:00:00
2532,532,0.00,2024-01-01 00:00:00
2533,533,0.00,2024-01-01 00:00:00
2534,534,0.00,2024-01-01 00:00:00
2535,535,0.00,2024-01-01 00:00:00
2536,536,0.00,2024-01-01 00:00:00
2537,537,0.00,2024-01-01 00:00:00
2538,538,0.00,2024-01-01 00:00:00
2539,539,0.00,2024-01-01 00:00:00
2540,540,0.00,2024-01-01 00:00:00
2541,541,0.00,2024-01-01 00:00:00
2542,542,0.00,2024-01-01 00:00:00
2543,543,0.00,2024-01-01 00:00:00
2544,544,0.00,2024-01-01 00:00:00
2545,545,0.00,2024-01-01 00:00:00
2546,546,0.00,2024-01-01 00:00:00
2547,547,0.00,2024-01-01 00:00:00
2548,548,0.00,2024-01-01 00:00:00
2549,549,0.00,2024-01-01 00:00:00
2550,550,0.00,2024-01-01 00:00:00
2551,551,0.00,2024-01-01 00:00:00
2552,552,0.00,2024-01-01 00:00:00
2553,553,0.00,2024-01-01 00:00:00
2554,554,0.00,2024-01-01 00:00:00
2555,555,0.00,2024-01-01 00:00:00
2556,556,0.00,2024-01-01 00:00:00
2557,557,0.00,2024-01-01 00:00:00
2558,558,0.00,2024-01-01 00:00:00
2559,559,0.00,2024-01-01 00:00:00
2560,560,0.00,2024-01-01 00:00:00
2561,561,0.00,2024-01-01 00:00:00
2562,562,0.00,2024-01-01 00:00:00
2563,563,0.00,2024-01-01 00:00:00
2564,564,0.00,2024-01-01 00:00:00
2565,565,0.00,2024-01-01 00:00:00
2566,566,0.00,2024-01-01 00:00:00
2567,567,0.00,2024-01-01 00:00:00
2568,568,0.00,2024-01-01 00:00:00
2569,569,0.00,2024-01-01 00:00:00
2570,570,0.00,2024-01-01 00:00:00
2571,571,0.00,2024-01-01 00:00:00
2572,572,0.00,2024-01-01 00:00:00
2573,573,0.00,2024-01-01 00:00:00
2574,574,0.00,2024-01-01 00:00:00
2575,575,0.00,2024-01-01 00:00:00
2576,576,0.00,2024-01-01 00:00:00
2577,577,0.00,2024-01-01 00:00:00
2578,578,0.00,2024-01-01 00:00:00
2579,579,0.00,2024-01-01 00:00:00
2580,580,0.00,2024-01-01 00:00:00
2581,581,0.00,2024-01-01 00:00:00
2582,582,0.00,2024-01-01 00:00:00
2583,583,0.00,2024-01-01 00:00:00
2584,584,0.00,2024-01-01 00:00:00
2585,585,0.00,2024-01-01 00:00:00
2586,586,0.00,2024-01-01 00:00:00
2587,587,0.00,2024-01-01 00:00:00
2588,588,0.00,2024-01-01 00:00:00
2589,589,0.00,2024-01-01 00:00:00
2590,590,0.00,2024-01-01 00:00:00
2591,591,0.00,2024-01-01 00:00:00
2592,592,0.00,2024-01-01 00:00:00
2593,593,0.00,2024-01-01 00:00:00
2594,594,0.00,2024-01-01 00:00:00
2595,595,0.00,2024-01-01 00:00:00
2596,596,0.00,2024-01-01 00:00:00
2597,597,0.00,2024-01-01 00:00:00
2598,598,0.00,2024-01-01 00:00:00
2599,599,0.00,2024-01-01 00:00:00
2600,600,0.00,2024-01-01 00:00:00
2601,601,0.00,2024-01-01 00:00:00
2602,602,0.00,2024-01-01 00:00:00
2603,603,0.00,2024-01-01 00:00:00
2604,604,0.00,2024-01-01 00:00:00
2605,605,0.00,2024-01-01 00:00:00
2606,606,0.00,2024-01-01 00:00:00
2607,607,0.00,2024-01-01 00:00:00
2608,608,0.00,2024-01-01 00:00:00
2609,609,0.00,2024-01-01 00:00:00
2610,610,0.00,2024-01-01 00:00:00
2611,611,0.00,2024-01-01 00:00:00
2612,612,0.00,2024-01-01 00:00:00
2613,613,0.00,2024-01-01 00:00:00
2614,614,0.00,2024-01-01 00:00:00
2615,615,0.00,2024-01-01 00:00:00
2616,616,0.00,2024-01-01 00:00:00
2617,617,0.00,2024-01-01 00:00:00
2618,618,0.00,2024-01-01 00:00:00
2619,619,0.00,2024-01-01 00:00:00
2620,620,0.00,2024-01-01 00:00:00
2621,621,0.00,2024-01-01 00:00:00
2622,622,0.00,2024-01-01 00:00:00
2623,623,0.00,2024-01-01 00:00:00
2624,624,0.00,2024-01-01 00:00:00
2625,625,0.00,2024-01-01 00:00:00
2626,626,0.00,2024-01-01 00:00:00
2627,627,0.00,2024-01-01 00:00:00
2628,628,0.00,2024-01-01 00:00:00
2629,629,0.00,2024-01-01 00:00:00
2630,630,0.00,2024-01-01 00:00:00
2631,631,0.00,2024-01-01 00:00:00
2632,632,0.00,2024-01-01 00:00:00
2633,633,0.00,2024-01-01 00:00:00
2634,634,0.00,2024-01-01 00:00:00
2635,635,0.00,2024-01-01 00:00:00
2636,636,0.00,2024-01-01 00:00:00
2637,637,0.00,2024-01-01 00:00:00
2638,638,0.00,2024-01-01 00:00:00
2639,639,0.00,2024-01-01 00:00:00
2640,640,0.00,2024-01-01 00:00:00
2641,641,0.00,2024-01-01 00:00:00
2642,642,0.00,2024-01-01 00:00:00
2643,643,0.00,2024-01-01 00:00:00
2644,644,0.00,2024-01-01 00:00:00
2645,645,0.00,2024-01-01 00:00:00
2646,646,0.00,2024-01-01 00:00:00
2647,647,0.00,2024-01-01 00:00:00
2648,648,0.00,2024-01-01 00:00:00
2649,649,0.00,2024-01-01 00:00:00
2650,650,0.00,2024-01-01 00:00:00
2651,651,0.00,2024-01-01 00:00:00
2652,652,0.00,2024-01-01 00:00:00
2653,653,0.00,2024-01-01 00:00:00
2654,654,0.00,2024-01-01 00:00:00
2655,655,0.00,2024-01-01 00:00:00
2656,656,0.00,2024-01-01 00:00:00
2657,657,0.00,2024-01-01 00:00:00
2658,658,0.00,2024-01-01 00:00:00
2659,659,0.00,2024-01-01 00:00:00
2660,660,0.00,2024-01-01 00:00:00
2661,661,0.00,2024-01-01 00:00:00
2662,662,0.00,2024-01-01 00:00:00
2663,663,0.00,2024-01-01 00:00:00
2664,664,0.00,2024-01-01 00:00:00
2665,665,0.00,2024-01-01 00:00:00
2666,666,0.00,2024-01-01 00:00:00
2667,667,0.00,2024-01-01 00:00:00
2668,668,0.00,2024-01-01 00:00:00
2669,669,0.00,2024-01-01 00:00:00
2670,670,0.00,2024-01-01 00:00:00
2671,671,0.00,2024-01-01 00:00:00
2672,672,0.00,2024-01-01 00:00:00
2673,673,0.00,2024-01-01 00:00:00
2674,674,0.00,2024-01-01 00:00:00
2675,675,0.00,2024-01-01 00:00:00
2676,676,0.00,2024-01-01 00:00:00
2677,677,0.00,2024-01-01 00:00:00
2678,678,0.00,2024-01-01 00:00:00
2679,679,0.00,2024-01-01 00:00:00
2680,680,0.00,2024-01-01 00:00:00
2681,681,0.00,2024-01-01 00:00:00
2682,682,0.00,2024-01-01 00:00:00
2683,683,0.00,2024-01-01 00:00:00
2684,684,0.00,2024-01-01 00:00:00
2685,685,0.00,2024-01-01 00:00:00
2686,686,0.00,2024-01-01 00:00:00
2687,687,0.00,2024-01-01 00:00:00
2688,688,0.00,2024-01-01 00:00:00
2689,689,0.00,2024-01-01 00:00:00
2690,690,0.00,2024-01-01 00:00:00
2691,691,0.00,2024-01-01 00:00:00
2692,692,0.00,2024-01-01 00:00:00
2693,693,0.00,2024-01-01 00:00:00
2694,694,0.00,2024-01-01 00:00:00
2695,695,0.00,2024-01-01 00:00:00
2696,696,0.00,2024-01-01 00:00:00
2697,697,0.00,2024-01-01 00:00:00
2698,698,0.00,2024-01-01 00:00:00
2699,699,0.00,2024-01-01 00:00:00
2700,700,0.00,2024-01-01 00:00:00
2701,701,0.00,2024-01-01 00:00:00
2702,702,0.00,2024-01-01 00:00:00
2703,703,0.00,2024-01-01 00:00:00
2704,704,0.00,2024-01-01 00:00:00
2705,705,0.00,2024-01-01 00:00:00
2706,706,0.00,2024-01-01 00:00:00
2707,707,0.00,2024-01-01 00:00:00
2708,708,0.00,2024-01-01 00:00:00
2709,709,0.00,2024-01-01 00:00:00
2710,710,0.00,2024-01-01 00:00:00
2711,711,0.00,2024-01-01 00:00:00
2712,712,0.00,2024-01-01 00:00:00
2713,713,0.00,2024-01-01 00:00:00
2714,714,0.00,2024-01-01 00:00:00
2715,715,0.00,2024-01-01 00:00:00
2716,716,0.00,2024-01-01 00:00:00
2717,717,0.00,2024-01-01 00:00:00
2718,718,0.00,2024-01-01 00:00:00
2719,719,0.00,2024-01-01 00:00:00
2720,720,0.00,2024-01-01 00:00:00
2721,721,0.00,2024-01-01 00:00:00
2722,722,0.00,2024-01-01 00:00:00
2723,723,0.00,2024-01-01 00:00:00
2724,724,0.00,2024-01-01 00:00:00
2725,725,0.00,2024-01-01 00:00:00
2726,726,0.00,2024-01-01 00:00:00
2727,727,0.00,2024-01-01 00:00:00
2728,728,0.00,2024-01-01 00:00:00
2729,729,0.00,2024-01-01 00:00:00
2730,730,0.00,2024-01-01 00:00:00
2731,731,0.00,2024-01-01 00:00:00
2732,732,0.00,2024-01-01 00:00:00
2733,733,0.00,2024-01-01 00:00:00
2734,734,0.00,2024-01-01 00:00:00
2735,735,0.00,2024-01-01 00:00:00
2736,736,0.00,2024-01-01 00:00:00
2737,737,0.00,2024-01-01 00:00:00
2738,738,0.00,2024-01-01 00:00:00
2739,739,0.00,2024-01-01 00:00:00
2740,740,0.00,2024-01-01 00:00:00
2741,741,0.00,2024-01-01 00:00:00
2742,742,0.00,2024-01-01 00:00:00
2743,743,0.00,2024-01-01 00:00:00
2744,744,0.00,2024-01-01 00:00:00
2745,745,0.00,2024-01-01 00:00:00
2746,746,0.00,2024-01-01 00:00:00
2747,747,0.00,2024-01-01 00:00:00
2748,748,0.00,2024-01-01 00:00:00
2749,749,0.00,2024-01-01 00:00:00
2750,750,0.00,2024-01-01 00:00:00
2751,751,0.00,2024-01-01 00:00:00
2752,752,0.00,2024-01-01 00:00:00
2753,753,0.00,2024-01-01 00:00:00
2754,754,0.00,2024-01-01 00:00:00
2755,755,0.00,2024-01-01 00:00:00
2756,756,0.00,2024-01-01 00:00:00
2757,757,0.00,2024-01-01 00:00:00
2758,758,0.00,2024-01-01 00:00:00
2759,759,0.00,2024-01-01 00:00:00
2760,760,0.00,2024-01-01 00:00:00
2761,761,0.00,2024-01-01 00:00:00
2762,762,0.00,2024-01-01 00:00:00
2763,763,0.00,2024-01-01 00:00:00
2764,764,0.00,2024-01-01 00:00:00
2765,765,0.00,2024-01-01 00:00:00
2766,766,0.00,2024-01-01 00:00:00
2767,767,0.00,2024-01-01 00:00:00
2768,768,0.00,2024-01-01 00:00:00
2769,769,0.00,2024-01-01 00:00:00
2770,770,0.00,2024-01-01 00:00:00
2771,771,0.00,2024-01-01 00:00:00
2772,772,0.00,2024-01-01 00:00:00
2773,773,0.00,2024-01-01 00:00:00
2774,774,0.00,2024-01-01 00:00:00
2775,775,0.00,2024-01-01 00:00:00
2776,776,0.00,2024-01-01 00:00:00
2777,777,0.00,2024-01-01 00:00:00
2778,778,0.00,2024-01-01 00:00:00
2779,779,0.00,2024-01-01 00:00:00
2780,780,0.00,2024-01-01 00:00:00
2781,781,0.00,2024-01-01 00:00:00
2782,782,0.00,2024-01-01 00:00:00
2783,783,0.00,2024-01-01 00:00:00
2784,784,0.00,2024-01-01 00:00:00
2785,785,0.00,2024-01-01 00:00:00
2786,786,0.00,2024-01-01 00:00:00
2787,787,0.00,2024-01-01 00:00:00
2788,788,0.00,2024-01-01 00:00:00
2789,789,0.00,2024-01-01 00:00:00
2790,790,0.00,2024-01-01 00:00:00
2791,791,0.00,2024-01-01 00:00:00
2792,792,0.00,2024-01-01 00:00:00
2793,793,0.00,2024-01-01 00:00:00
2794,794,0.00,2024-01-01 00:00:00
2795,795,0.00,2024-01-01 00:00:00
2796,796,0.00,2024-01-01 00:00:00
2797,797,0.00,2024-01-01 00:00:00
2798,798,0.00,2024-01-01 00:00:00
2799,799,0.00,2024-01-01 00:00:00
2800,800,0.00,2024-01-01 00:00:00
2801,801,0.00,2024-01-01 00:00:00
2802,802,0.00,2024-01-01 00:00:00
2803,803,0.00,2024-01-01 00:00:00
2804,804,0.00,2024-01-01 00:00:00
2805,805,0.00,2024-01-01 00:00:00
2806,806,0.00,2024-01-01 00:00:00
2807,807,0.00,2024-01-01 00:00:00
2808,808,0.00,2024-01-01 00:00:00
2809,809,0.00,2024-01-01 00:00:00
2810,810,0.00,2024-01-01 00:00:00
2811,811,0.00,2024-01-01 00:00:00
2812,812,0.00,2024-01-01 00:00:00
2813,813,0.00,2024-01-01 00:00:00
2814,814,0.00,2024-01-01 00:00:00
2815,815,0.00,2024-01-01 00:00:00
2816,816,0.00,2024-01-01 00:00:00
2817,817,0.00,2024-01-01 00:00:00
2818,818,0.00,2024-01-01 00:00:00
2819,819,0.00,2024-01-01 00:00:00
2820,820,0.00,2024-01-01 00:00:00
2821,821,0.00,2024-01-01 00:00:00
2822,822,0.00,2024-01-01 00:00:00
2823,823,0.00,2024-01-01 00:00:00
2824,824,0.00,2024-01-01 00:00:00
2825,825,0.00,2024-01-01 00:00:00
2826,826,0.00,2024-01-01 00:00:00
2827,827,0.00,2024-01-01 00:00:00
2828,828,0.00,2024-01-01 00:00:00
2829,829,0.00,2024-01-01 00:00:00
2830,830,0.00,2024-01-01 00:00:00
2831,831,0.00,2024-01-01 00:00:00
2832,832,0.00,2024-01-01 00:00:00
2833,833,0.00,2024-01-01 00:00:00
2834,834,0.00,2024-01-01 00:00:00
2835,835,0.00,2024-01-01 00:00:00
2836,836,0.00,2024-01-01 00:00:00
2837,837,0.00,2024-01-01 00:00:00
2838,838,0.00,2024-01-01 00:00:00
2839,839,0.00,2024-01-01 00:00:00
2840,840,0.00,2024-01-01 00:00:00
2841,841,0.00,2024-01-01 00:00:00
2842,842,0.00,2024-01-01 00:00:00
2843,843,0.00,2024-01-01 00:00:00
2844,844,0.00,2024-01-01 00:00:00
2845,845,0.00,2024-01-01 00:00:00
2846,846,0.00,2024-01-01 00:00:00
2847,847,0.00,2024-01-01 00:00:00
2848,848,0.00,2024-01-01 00:00:00
2849,849,0.00,2024-01-01 00:00:00
2850,850,0.00,2024-01-01 00:00:00
2851,851,0.00,2024-01-01 00:00:00
2852,852,0.00,2024-01-01 00:00:00
2853,853,0.00,2024-01-01 00:00:00
2854,854,0.00,2024-01-01 00:00:00
2855,855,0.00,2024-01-01 00:00:00
2856,856,0.00,2024-01-01 00:00:00
2857,857,0.00,2024-01-01 00:00:00
2858,858,0.00,2024-01-01 00:00:00
2859,859,0.00,2024-01-01 00:00:00
2860,860,0.00,2024-01-01 00:00:00
2861,861,0.00,2024-01-01 00:00:00
2862,862,0.00,2024-01-01 00:00:00
2863,863,0.00,2024-01-01 00:00:00
2864,864,0.00,2024-01-01 00:00:00
2865,865,0.00,2024-01-01 00:00:00
2866,866,0.00,2024-01-01 00:00:00
2867,867,0.00,2024-01-01 00:00:00
2868,868,0.00,2024-01-01 00:00:00
2869,869,0.00,2024-01-01 00:00:00
2870,870,0.00,2024-01-01 00:00:00
2871,871,0.00,2024-01-01 00:00:00
2872,872,0.00,2024-01-01 00:00:00
2873,873,0.00,2024-01-01 00:00:00
2874,874,0.00,2024-01-01 00:00:00
2875,875,0.00,2024-01-01 00:00:00
2876,876,0.00,2024-01-01 00:00:00
2877,877,0.00,2024-01-01 00:00:00
2878,878,0.00,2024-01-01 00:00:00
2879,879,0.00,2024-01-01 00:00:00
2880,880,0.00,2024-01-01 00:00:00
2881,881,0.00,2024-01-01 00:00:00
2882,882,0.00,2024-01-01 00:00:00
2883,883,0.00,2024-01-01 00:00:00
2884,884,0.00,2024-01-01 00:00:00
2885,885,0.00,2024-01-01 00:00:00
2886,886,0.00,2024-01-01 00:00:00
2887,887,0.00,2024-01-01 00:00:00
2888,888,0.00,2024-01-01 00:00:00
2889,889,0.00,2024-01-01 00:00:00
2890,890,0.00,2024-01-01 00:00:00
2891,891,0.00,2024-01-01 00:00:00
2892,892,0.00,2024-01-01 00:00:00
2893,893,0.00,2024-01-01 00:00:00
2894,894,0.00,2024-01-01 00:00:00
2895,895,0.00,2024-01-01 00:00:00
2896,896,0.00,2024-01-01 00:00:00
2897,897,0.00,2024-01-01 00:00:00
2898,898,0.00,2024-01-01 00:00:00
2899,899,0.00,2024-01-01 00:00:00
2900,900,0.00,2024-01-01 00:00:00
2901,901,0.00,2024-01-01 00:00:00
2902,902,0.00,2024-01-01 00:00:00
2903,903,0.00,2024-01-01 00:00:00
2904,904,0.00,2024-01-01 00:00:00
2905,905,0.00,2024-01-01 00:00:00
2906,906,0.00,2024-01-01 00:00:00
2907,907,0.00,2024-01-01 00:00:00
2908,908,0.00,2024-01-01 00:00:00
2909,909,0.00,2024-01-01 00:00:00
2910,910,0.00,2024-01-01 00:00:00
2911,911,0.00,2024-01-01 00:00:00
2912,912,0.00,2024-01-01 00:00:00
2913,913,0.00,2024-01-01 00:00:00
2914,914,0.00,2024-01-01 00:00:00
2915,915,0.00,2024-01-01 00:00:00
2916,916,0.00,2024-01-01 00:00:00
2917,917,0.00,2024-01-01 00:00:00
2918,918,0.00,2024-01-01 00:00:00
2919,919,0.00,2024-01-01 00:00:00
2920,920,0.00,2024-01-01 00:00:00
2921,921,0.00,2024-01-01 00:00:00
2922,922,0.00,2024-01-01 00:00:00
2923,923,0.00,2024-01-01 00:00:00
2924,924,0.00,2024-01-01 00:00:00
2925,925,0.00,2024-01-01 00:00:00
2926,926,0.00,2024-01-01 00:00:00
2927,927,0.00,2024-01-01 00:00:00
2928,928,0.00,2024-01-01 00:00:00
2929,929,0.00,2024-01-01 00:00:00
2930,930,0.00,2024-01-01 00:00:00
2931,931,0.00,2024-01-01 00:00:00
2932,932,0.00,2024-01-01 00:00:00
2933,933,0.00,2024-01-01 00:00:00
2934,934,0.00,2024-01-01 00:00:00
2935,935,0.00,2024-01-01 00:00:00
2936,936,0.00,2024-01-01 00:00:00
2937,937,0.00,2024-01-01 00:00:00
2938,938,0.00,2024-01-01 00:00:00
2939,939,0.00,2024-01-01 00:00:00
2940,940,0.00,2024-01-01 00:00:00
2941,941,0.00,2024-01-01 00:00:00
2942,942,0.00,2024-01-01 00:00:00
2943,943,0.00,2024-01-01 00:00:00
2944,944,0.00,2024-01-01 00:00:00
2945,945,0.00,2024-01-01 00:00:00
2946,946,0.00,2024-01-01 00:00:00
2947,947,0.00,2024-01-01 00:00:00
2948,948,0.00,2024-01-01 00:00:00
2949,949,0.00,2024-01-01 00:00:00
2950,950,0.00,2024-01-01 00:00:00
2951,951,0.00,2024-01-01 00:00:00
2952,952,0.00,2024-01-01 00:00:00
2953,953,0.00,2024-01-01 00:00:00
2954,954,0.00,2024-01-01 00:00:00
2955,955,0.00,2024-01-01 00:00:00
2956,956,0.00,2024-01-01 00:00:00
2957,957,0.00,2024-01-01 00:00:00
2958,958,0.00,2024-01-01 00:00:00
2959,959,0.00,2024-01-01 00:00:00
2960,960,0.00,2024-01-01 00:00:00
2961,961,0.00,2024-01-01 00:00:00
2962,962,0.00,2024-01-01 00:00:00
2963,963,0.00,2024-01-01 00:00:00
2964,964,0.00,2024-01-01 00:00:00
2965,965,0.00,2024-01-01 00:00:00
2966,966,0.00,2024-01-01 00:00:00
2967,967,0.00,2024-01-01 00:00:00
2968,968,0.00,2024-01-01 00:00:00
2969,969,0.00,2024-01-01 00:00:00
2970,970,0.00,2024-01-01 00:00:00
2971,971,0.00,2024-01-01 00:00:00
2972,972,0.00,2024-01-01 00:00:00
2973,973,0.00,2024-01-01 00:00:00
2974,974,0.00,2024-01-01 00:00:00
2975,975,0.00,2024-01-01 00:00:00
2976,976,0.00,2024-01-01 00:00:00
2977,977,0.00,2024-01-01 00:00:00
2978,978,0.00,2024-01-01 00:00:00
2979,979,0.00,2024-01-01 00:00:00
2980,980,0.00,2024-01-01 00:00:00
2981,981,0.00,2024-01-01 00:00:00
2982,982,0.00,2024-01-01 00:00:00
2983,983,0.00,2024-01-01 00:00:00
2984,984,0.00,2024-01-01 00:00:00
2985,985,0.00,2024-01-01 00:00:00
2986,986,0.00,2024-01-01 00:00:00
2987,987,0.00,2024-01-01 00:00:00
2988,988,0.00,2024-01-01 00:00:00
2989,989,0.00,2024-01-01 00:00:00
2990,990,0.00,2024-01-01 00:00:00
2991,991,0.00,2024-01-01 00:00:00
2992,992,0.00,2024-01-01 00:00:00
2993,993,0.00,2024-01-01 00:00:00
2994,994,0.00,2024-01-01 00:00:00
2995,995,0.00,2024-01-01 00:00:00
2996,996,0.00,2024-01-01 00:00:00
2997,997,0.00,2024-01-01 00:00:00
2998,998,0.00,2024-01-01 00:00:00
2999,999,0.00,2024-01-01 00:00:00
3000,1000,0.00,2024-01-01 00:00:00
3001,1,0.00,2024-01-01 00:00:00
3002,2,0.00,2024-01-01 00:00:00
3003,3,0.00,2024-01-01 00:00:00
3004,4,0.00,2024-01-01 00:00:00
3005,5,0.00,2024-01-01 00:00:00
3006,6,0.00,2024-01-01 00:00:00
3007,7,0.00,2024-01-01 00:00:00
3008,8,0.00,2024-01-01 00:00:00
3009,9,0.00,2024-01-01 00:00:00
3010,10,0.00,2024-01-01 00:00:00
3011,11,0.00,2024-01-01 00:00:00
3012,12,0.00,2024-01-01 00:00:00
3013,13,0.00,2024-01-01 00:00:00
3014,14,0.00,2024-01-01 00:00:00
3015,15,0.00,2024-01-01 00:00:00
3016,16,0.00,2024-01-01 00:00:00
3017,17,0.00,2024-01-01 00:00:00
3018,18,0.00,2024-01-01 00:00:00
3019,19,0.00,2024-01-01 00:00:00
3020,20,0.00,2024-01-01 00:00:00
3021,21,0.00,2024-01-01 00:00:00
3022,22,0.00,2024-01-01 00:00:00
3023,23,0.00,2024-01-01 00:00:00
3024,24,0.00,2024-01-01 00:00:00
3025,25,0.00,2024-01-01 00:00:00
3026,26,0.00,2024-01-01 00:00:00
3027,27,0.00,2024-01-01 00:00:00
3028,28,0.00,2024-01-01 00:00:00
3029,29,0.00,2024-01-01 00:00:00
3030,30,0.00,2024-01-01 00:00:00
3031,31,0.00,2024-01-01 00:00:00
3032,32,0.00,2024-01-01 00:00:00
3033,33,0.00,2024-01-01 00:00:00
3034,34,0.00,2024-01-01 00:00:00
3035,35,0.00,2024-01-01 00:00:00
3036,36,0.00,2024-01-01 00:00:00
3037,37,0.00,2024-01-01 00:00:00
3038,38,0.00,2024-01-01 00:00:00
3039,39,0.00,2024-01-01 00:00:00
3040,40,0.00,2024-01-01 00:00:00
3041,41,0.00,2024-01-01 00:00:00
3042,42,0.00,2024-01-01 00:00:00
3043,43,0.00,2024-01-01 00:00:00
3044,44,0.00,2024-01-01 00:00:00
3045,45,0.00,2024-01-01 00:00:00
3046,46,0.00,2024-01-01 00:00:00
3047,47,0.00,2024-01-01 00:00:00
3048,48,0.00,2024-01-01 00:00:00
3049,49,0.00,2024-01-01 00:00:00
3050,50,0.00,2024-01-01 00:00:00
3051,51,0.00,2024-01-01 00:00:00
3052,52,0.00,2024-01-01 00:00:00
3053,53,0.00,2024-01-01 00:00:00
3054,54,0.00,2024-01-01 00:00:00
3055,55,0.00,2024-01-01 00:00:00
3056,56,0.00,2024-01-01 00:00:00
3057,57,0.00,2024-01-01 00:00:00
3058,58,0.00,2024-01-01 00:00:00
3059,59,0.00,2024-01-01 00:00:00
3060,60,0.00,2024-01-01 00:00:00
3061,61,0.00,2024-01-01 00:00:00
3062,62,0.00,2024-01-01 00:00:00
3063,63,0.00,2024-01-01 00:00:00
3064,64,0.00,2024-01-01 00:00:00
3065,65,0.00,2024-01-01 00:00:00
3066,66,0.00,2024-01-01 00:00:00
3067,67,0.00,2024-01-01 00:00:00
3068,68,0.00,2024-01-01 00:00:00
3069,69,0.00,2024-01-01 00:00:00
3070,70,0.00,2024-01-01 00:00:00
3071,71,0.00,2024-01-01 00:00:00
3072,72,0.00,2024-01-01 00:00:00
3073,73,0.00,2024-01-01 00:00:00
3074,74,0.00,2024-01-01 00:00:00
3075,75,0.00,2024-01-01 00:00:00
3076,76,0.00,2024-01-01 00:00:00
3077,77,0.00,2024-01-01 00:00:00
3078,78,0.00,2024-01-01 00:00:00
3079,79,0.00,2024-01-01 00:00:00
3080,80,0.00,2024-01-01 00:00:00
3081,81,0.00,2024-01-01 00:00:00
3082,82,0.00,2024-01-01 00:00:00
3083,83,0.00,2024-01-01 00:00:00
3084,84,0.00,2024-01-01 00:00:00
3085,85,0.00,2024-01-01 00:00:00
3086,86,0.00,2024-01-01 00:00:00
3087,87,0.00,2024-01-01 00:00:00
3088,88,0.00,2024-01-01 00:00:00
3089,89,0.00,2024-01-01 00:00:00
3090,90,0.00,2024-01-01 00:00:00
3091,91,0.00,2024-01-01 00:00:00
3092,92,0.00,2024-01-01 00:00:00
3093,93,0.00,2024-01-01 00:00:00
3094,94,0.00,2024-01-01 00:00:00
3095,95,0.00,2024-01-01 00:00:00
3096,96,0.00,2024-01-01 00:00:00
3097,97,0.00,2024-01-01 00:00:00
3098,98,0.00,2024-01-01 00:00:00
3099,99,0.00,2024-01-01 00:00:00
3100,100,0.00,2024-01-01 00:00:00
3101,101,0.00,2024-01-01 00:00:00
3102,102,0.00,2024-01-01 00:00:00
3103,103,0.00,2024-01-01 00:00:00
3104,104,0.00,2024-01-01 00:00:00
3105,105,0.00,2024-01-01 00:00:00
3106,106,0.00,2024-01-01 00:00:00
3107,107,0.00,2024-01-01 00:00:00
3108,108,0.00,2024-01-01 00:00:00
3109,109,0.00,2024-01-01 00:00:00
3110,110,0.00,2024-01-01 00:00:00
3111,111,0.00,2024-01-01 00:00:00
3112,112,0.00,2024-01-01 00:00:00
3113,113,0.00,2024-01-01 00:00:00
3114,114,0.00,2024-01-01 00:00:00
3115,115,0.00,2024-01-01 00:00:00
3116,116,0.00,2024-01-01 00:00:00
3117,117,0.00,2024-01-01 00:00:00
3118,118,0.00,2024-01-01 00:00:00
3119,119,0.00,2024-01-01 00:00:00
3120,120,0.00,2024-01-01 00:00:00
3121,121,0.00,2024-01-01 00:00:00
3122,122,0.00,2024-01-01 00:00:00
3123,123,0.00,2024-01-01 00:00:00
3124,124,0.00,2024-01-01 00:00:00
3125,125,0.00,2024-01-01 00:00:00
3126,126,0.00,2024-01-01 00:00:00
3127,127,0.00,2024-01-01 00:00:00
3128,128,0.00,2024-01-01 00:00:00
3129,129,0.00,2024-01-01 00:00:00
3130,130,0.00,2024-01-01 00:00:00
3131,131,0.00,2024-01-01 00:00:00
3132,132,0.00,2024-01-01 00:00:00
3133,133,0.00,2024-01-01 00:00:00
3134,134,0.00,2024-01-01 00:00:00
3135,135,0.00,2024-01-01 00:00:00
3136,136,0.00,2024-01-01 00:00:00
3137,137,0.00,2024-01-01 00:00:00
3138,138,0.00,2024-01-01 00:00:00
3139,139,0.00,2024-01-01 00:00:00
3140,140,0.00,2024-01-01 00:00:00
3141,141,0.00,2024-01-01 00:00:00
3142,142,0.00,2024-01-01 00:00:00
3143,143,0.00,2024-01-01 00:00:00
3144,144,0.00,2024-01-01 00:00:00
3145,145,0.00,2024-01-01 00:00:00
3146,146,0.00,2024-01-01 00:00:00
3147,147,0.00,2024-01-01 00:00:00
3148,148,0.00,2024-01-01 00:00:00
3149,149,0.00,2024-01-01 00:00:00
3150,150,0.00,2024-01-01 00:00:00
3151,151,0.00,2024-01-01 00:00:00
3152,152,0.00,2024-01-01 00:00:00
3153,153,0.00,2024-01-01 00:00:00
3154,154,0.00,2024-01-01 00:00:00
3155,155,0.00,2024-01-01 00:00:00
3156,156,0.00,2024-01-01 00:00:00
3157,157,0.00,2024-01-01 00:00:00
3158,158,0.00,2024-01-01 00:00:00
3159,159,0.00,2024-01-01 00:00:00
3160,160,0.00,2024-01-01 00:00:00
3161,161,0.00,2024-01-01 00:00:00
3162,162,0.00,2024-01-01 00:00:00
3163,163,0.00,2024-01-01 00:00:00
3164,164,0.00,2024-01-01 00:00:00
3165,165,0.00,2024-01-01 00:00:00
3166,166,0.00,2024-01-01 00:00:00
3167,167,0.00,2024-01-01 00:00:00
3168,168,0.00,2024-01-01 00:00:00
3169,169,0.00,2024-01-01 00:00:00
3170,170,0.00,2024-01-01 00:00:00
3171,171,0.00,2024-01-01 00:00:00
3172,172,0.00,2024-01-01 00:00:00
3173,173,0.00,2024-01-01 00:00:00
3174,174,0.00,2024-01-01 00:00:00
3175,175,0.00,2024-01-01 00:00:00
3176,176,0.00,2024-01-01 00:00:00
3177,177,0.00,2024-01-01 00:00:00
3178,178,0.00,2024-01-01 00:00:00
3179,179,0.00,2024-01-01 00:00:00
3180,180,0.00,2024-01-01 00:00:00
3181,181,0.00,2024-01-01 00:00:00
3182,182,0.00,2024-01-01 00:00:00
3183,183,0.00,2024-01-01 00:00:00
3184,184,0.00,2024-01-01 00:00:00
3185,185,0.00,2024-01-01 00:00:00
3186,186,0.00,2024-01-01 00:00:00
3187,187,0.00,2024-01-01 00:00:00
3188,188,0.00,2024-01-01 00:00:00
3189,189,0.00,2024-01-01 00:00:00
3190,190,0.00,2024-01-01 00:00:00
3191,191,0.00,2024-01-01 00:00:00
3192,192,0.00,2024-01-01 00:00:00
3193,193,0.00,2024-01-01 00:00:00
3194,194,0.00,2024-01-01 00:00:00
3195,195,0.00,2024-01-01 00:00:00
3196,196,0.00,2024-01-01 00:00:00
3197,197,0.00,2024-01-01 00:00:00
3198,198,0.00,2024-01-01 00:00:00
3199,199,0.00,2024-01-01 00:00:00
3200,200,0.00,2024-01-01 00:00:00
3201,201,0.00,2024-01-01 00:00:00
3202,202,0.00,2024-01-01 00:00:00
3203,203,0.00,2024-01-01 00:00:00
3204,204,0.00,2024-01-01 00:00:00
3205,205,0.00,2024-01-01 00:00:00
3206,206,0.00,2024-01-01 00:00:00
3207,207,0.00,2024-01-01 00:00:00
3208,208,0.00,2024-01-01 00:00:00
3209,209,0.00,2024-01-01 00:00:00
3210,210,0.00,2024-01-01 00:00:00
3211,211,0.00,2024-01-01 00:00:00
3212,212,0.00,2024-01-01 00:00:00
3213,213,0.00,2024-01-01 00:00:00
3214,214,0.00,2024-01-01 00:00:00
3215,215,0.00,2024-01-01 00:00:00
3216,216,0.00,2024-01-01 00:00:00
3217,217,0.00,2024-01-01 00:00:00
3218,218,0.00,2024-01-01 00:00:00
3219,219,0.00,2024-01-01 00:00:00
3220,220,0.00,2024-01-01 00:00:00
3221,221,0.00,2024-01-01 00:00:00
3222,222,0.00,2024-01-01 00:00:00
3223,223,0.00,2024-01-01 00:00:00
3224,224,0.00,2024-01-01 00:00:00
3225,225,0.00,2024-01-01 00:00:00
3226,226,0.00,2024-01-01 00:00:00
3227,227,0.00,2024-01-01 00:00:00
3228,228,0.00,2024-01-01 00:00:00
3229,229,0.00,2024-01-01 00:00:00
3230,230,0.00,2024-01-01 00:00:00
3231,231,0.00,2024-01-01 00:00:00
3232,232,0.00,2024-01-01 00:00:00
3233,233,0.00,2024-01-01 00:00:00
3234,234,0.00,2024-01-01 00:00:00
3235,235,0.00,2024-01-01 00:00:00
3236,236,0.00,2024-01-01 00:00:00
3237,237,0.00,2024-01-01 00:00:00
3238,238,0.00,2024-01-01 00:00:00
3239,239,0.00,2024-01-01 00:00:00
3240,240,0.00,2024-01-01 00:00:00
3241,241,0.00,2024-01-01 00:00:00
3242,242,0.00,2024-01-01 00:00:00
3243,243,0.00,2024-01-01 00:00:00
3244,244,0.00,2024-01-01 00:00:00
3245,245,0.00,2024-01-01 00:00:00
3246,246,0.00,2024-01-01 00:00:00
3247,247,0.00,2024-01-01 00:00:00
3248,248,0.00,2024-01-01 00:00:00
3249,249,0.00,2024-01-01 00:00:00
3250,250,0.00,2024-01-01 00:00:00
3251,251,0.00,2024-01-01 00:00:00
3252,252,0.00,2024-01-01 00:00:00
3253,253,0.00,2024-01-01 00:00:00
3254,254,0.00,2024-01-01 00:00:00
3255,255,0.00,2024-01-01 00:00:00
3256,256,0.00,2024-01-01 00:00:00
3257,257,0.00,2024-01-01 00:00:00
3258,258,0.00,2024-01-01 00:00:00
3259,259,0.00,2024-01-01 00:00:00
3260,260,0.00,2024-01-01 00:00:00
3261,261,0.00,2024-01-01 00:00:00
3262,262,0.00,2024-01-01 00:00:00
3263,263,0.00,2024-01-01 00:00:00
3264,264,0.00,2024-01-01 00:00:00
3265,265,0.00,2024-01-01 00:00:00
3266,266,0.00,2024-01-01 00:00:00
3267,267,0.00,2024-01-01 00:00:00
3268,268,0.00,2024-01-01 00:00:00
3269,269,0.00,2024-01-01 00:00:00
3270,270,0.00,2024-01-01 00:00:00
3271,271,0.00,2024-01-01 00:00:00
3272,272,0.00,2024-01-01 00:00:00
3273,273,0.00,2024-01-01 00:00:00
3274,274,0.00,2024-01-01 00:00:00
3275,275,0.00,2024-01-01 00:00:00
3276,276,0.00,2024-01-01 00:00:00
3277,277,0.00,2024-01-01 00:00:00
3278,278,0.00,2024-01-01 00:00:00
3279,279,0.00,2024-01-01 00:00:00
3280,280,0.00,2024-01-01 00:00:00
3281,281,0.00,2024-01-01 00:00:00
3282,282,0.00,2024-01-01 00:00:00
3283,283,0.00,2024-01-01 00:00:00
3284,284,0.00,2024-01-01 00:00:00
3285,285,0.00,2024-01-01 00:00:00
3286,286,0.00,2024-01-01 00:00:00
3287,287,0.00,2024-01-01 00:00:00
3288,288,0.00,2024-01-01 00:00:00
3289,289,0.00,2024-01-01 00:00:00
3290,290,0.00,2024-01-01 00:00:00
3291,291,0.00,2024-01-01 00:00:00
3292,292,0.00,2024-01-01 00:00:00
3293,293,0.00,2024-01-01 00:00:00
3294,294,0.00,2024-01-01 00:00:00
3295,295,0.00,2024-01-01 00:00:00
3296,296,0.00,2024-01-01 00:00:00
3297,297,0.00,2024-01-01 00:00:00
3298,298,0.00,2024-01-01 00:00:00
3299,299,0.00,2024-01-01 00:00:00
3300,300,0.00,2024-01-01 00:00:00
3301,301,0.00,2024-01-01 00:00:00
3302,302,0.00,2024-01-01 00:00:00
3303,303,0.00,2024-01-01 00:00:00
3304,304,0.00,2024-01-01 00:00:00
3305,305,0.00,2024-01-01 00:00:00
3306,306,0.00,2024-01-01 00:00:00
3307,307,0.00,2024-01-01 00:00:00
3308,308,0.00,2024-01-01 00:00:00
3309,309,0.00,2024-01-01 00:00:00
3310,310,0.00,2024-01-01 00:00:00
3311,311,0.00,2024-01-01 00:00:00
3312,312,0.00,2024-01-01 00:00:00
3313,313,0.00,2024-01-01 00:00:00
3314,314,0.00,2024-01-01 00:00:00
3315,315,0.00,2024-01-01 00:00:00
3316,316,0.00,2024-01-01 00:00:00
3317,317,0.00,2024-01-01 00:00:00
3318,318,0.00,2024-01-01 00:00:00
3319,319,0.00,2024-01-01 00:00:00
3320,320,0.00,2024-01-01 00:00:00
3321,321,0.00,2024-01-01 00:00:00
3322,322,0.00,2024-01-01 00:00:00
3323,323,0.00,2024-01-01 00:00:00
3324,324,0.00,2024-01-01 00:00:00
3325,325,0.00,2024-01-01 00:00:00
3326,326,0.00,2024-01-01 00:00:00
3327,327,0.00,2024-01-01 00:00:00
3328,328,0.00,2024-01-01 00:00:00
3329,329,0.00,2024-01-01 00:00:00
3330,330,0.00,2024-01-01 00:00:00
3331,331,0.00,2024-01-01 00:00:00
3332,332,0.00,2024-01-01 00:00:00
3333,333,0.00,2024-01-01 00:00:00
3334,334,0.00,2024-01-01 00:00:00
3335,335,0.00,2024-01-01 00:00:00
3336,336,0.00,2024-01-01 00:00:00
3337,337,0.00,2024-01-01 00:00:00
3338,338,0.00,2024-01-01 00:00:00
3339,339,0.00,2024-01-01 00:00:00
3340,340,0.00,2024-01-01 00:00:00
3341,341,0.00,2024-01-01 00:00:00
3342,342,0.00,2024-01-01 00:00:00
3343,343,0.00,2024-01-01 00:00:00
3344,344,0.00,2024-01-01 00:00:00
3345,345,0.00,2024-01-01 00:00:00
3346,346,0.00,2024-01-01 00:00:00
3347,347,0.00,2024-01-01 00:00:00
3348,348,0.00,2024-01-01 00:00:00
3349,349,0.00,2024-01-01 00:00:00
3350,350,0.00,2024-01-01 00:00:00
3351,351,0.00,2024-01-01 00:00:00
3352,352,0.00,2024-01-01 00:00:00
3353,353,0.00,2024-01-01 00:00:00
3354,354,0.00,2024-01-01 00:00:00
3355,355,0.00,2024-01-01 00:00:00
3356,356,0.00,2024-01-01 00:00:00
3357,357,0.00,2024-01-01 00:00:00
3358,358,0.00,2024-01-01 00:00:00
3359,359,0.00,2024-01-01 00:00:00
3360,360,0.00,2024-01-01 00:00:00
3361,361,0.00,2024-01-01 00:00:00
3362,362,0.00,2024-01-01 00:00:00
3363,363,0.00,2024-01-01 00:00:00
3364,364,0.00,2024-01-01 00:00:00
3365,365,0.00,2024-01-01 00:00:00
3366,366,0.00,2024-01-01 00:00:00
3367,367,0.00,2024-01-01 00:00:00
3368,368,0.00,2024-01-01 00:00:00
3369,369,0.00,2024-01-01 00:00:00
3370,370,0.00,2024-01-01 00:00:00
3371,371,0.00,2024-01-01 00:00:00
3372,372,0.00,2024-01-01 00:00:00
3373,373,0.00,2024-01-01 00:00:00
3374,374,0.00,2024-01-01 00:00:00
3375,375,0.00,2024-01-01 00:00:00
3376,376,0.00,2024-01-01 00:00:00
3377,377,0.00,2024-01-01 00:00:00
3378,378,0.00,2024-01-01 00:00:00
3379,379,0.00,2024-01-01 00:00:00
3380,380,0.00,2024-01-01 00:00:00
3381,381,0.00,2024-01-01 00:00:00
3382,382,0.00,2024-01-01 00:00:00
3383,383,0.00,2024-01-01 00:00:00
3384,384,0.00,2024-01-01 00:00:00
3385,385,0.00,2024-01-01 00:00:00
3386,386,0.00,2024-01-01 00:00:00
3387,387,0.00,2024-01-01 00:00:00
3388,388,0.00,2024-01-01 00:00:00
3389,389,0.00,2024-01-01 00:00:00
3390,390,0.00,2024-01-01 00:00:00
3391,391,0.00,2024-01-01 00:00:00
3392,392,0.00,2024-01-01 00:00:00
3393,393,0.00,2024-01-01 00:00:00
3394,394,0.00,2024-01-01 00:00:00
3395,395,0.00,2024-01-01 00:00:00
3396,396,0.00,2024-01-01 00:00:00
3397,397,0.00,2024-01-01 00:00:00
3398,398,0.00,2024-01-01 00:00:00
3399,399,0.00,2024-01-01 00:00:00
3400,400,0.00,2024-01-01 00:00:00
3401,401,0.00,2024-01-01 00:00:00
3402,402,0.00,2024-01-01 00:00:00
3403,403,0.00,2024-01-01 00:00:00
3404,404,0.00,2024-01-01 00:00:00
3405,405,0.00,2024-01-01 00:00:00
3406,406,0.00,2024-01-01 00:00:00
3407,407,0.00,2024-01-01 00:00:00
3408,408,0.00,2024-01-01 00:00:00
3409,409,0.00,2024-01-01 00:00:00
3410,410,0.00,2024-01-01 00:00:00
3411,411,0.00,2024-01-01 00:00:00
3412,412,0.00,2024-01-01 00:00:00
3413,413,0.00,2024-01-01 00:00:00
3414,414,0.00,2024-01-01 00:00:00
3415,415,0.00,2024-01-01 00:00:00
3416,416,0.00,2024-01-01 00:00:00
3417,417,0.00,2024-01-01 00:00:00
3418,418,0.00,2024-01-01 00:00:00
3419,419,0.00,2024-01-01 00:00:00
3420,420,0.00,2024-01-01 00:00:00
3421,421,0.00,2024-01-01 00:00:00
3422,422,0.00,2024-01-01 00:00:00
3423,423,0.00,2024-01-01 00:00:00
3424,424,0.00,2024-01-01 00:00:00
3425,425,0.00,2024-01-01 00:00:00
3426,426,0.00,2024-01-01 00:00:00
3427,427,0.00,2024-01-01 00:00:00
3428,428,0.00,2024-01-01 00:00:00
3429,429,0.00,2024-01-01 00:00:00
3430,430,0.00,2024-01-01 00:00:00
3431,431,0.00,2024-01-01 00:00:00
3432,432,0.00,2024-01-01 00:00:00
3433,433,0.00,2024-01-01 00:00:00
3434,434,0.00,2024-01-01 00:00:00
3435,435,0.00,2024-01-01 00:00:00
3436,436,0.00,2024-01-01 00:00:00
3437,437,0.00,2024-01-01 00:00:00
3438,438,0.00,2024-01-01 00:00:00
3439,439,0.00,2024-01-01 00:00:00
3440,440,0.00,2024-01-01 00:00:00
3441,441,0.00,2024-01-01 00:00:00
3442,442,0.00,2024-01-01 00:00:00
3443,443,0.00,2024-01-01 00:00:00
3444,444,0.00,2024-01-01 00:00:00
3445,445,0.00,2024-01-01 00:00:00
3446,446,0.00,2024-01-01 00:00:00
3447,447,0.00,2024-01-01 00:00:00
3448,448,0.00,2024-01-01 00:00:00
3449,449,0.00,2024-01-01 00:00:00
3450,450,0.00,2024-01-01 00:00:00
3451,451,0.00,2024-01-01 00:00:00
3452,452,0.00,2024-01-01 00:00:00
3453,453,0.00,2024-01-01 00:00:00
3454,454,0.00,2024-01-01 00:00:00
3455,455,0.00,2024-01-01 00:00:00
3456,456,0.00,2024-01-01 00:00:00
3457,457,0.00,2024-01-01 00:00:00
3458,458,0.00,2024-01-01 00:00:00
3459,459,0.00,2024-01-01 00:00:00
3460,460,0.00,2024-01-01 00:00:00
3461,461,0.00,2024-01-01 00:00:00
3462,462,0.00,2024-01-01 00:00:00
3463,463,0.00,2024-01-01 00:00:00
3464,464,0.00,2024-01-01 00:00:00
3465,465,0.00,2024-01-01 00:00:00
3466,466,0.00,2024-01-01 00:00:00
3467,467,0.00,2024-01-01 00:00:00
3468,468,0.00,2024-01-01 00:00:00
3469,469,0.00,2024-01-01 00:00:00
3470,470,0.00,2024-01-01 00:00:00
3471,471,0.00,2024-01-01 00:00:00
3472,472,0.00,2024-01-01 00:00:00
3473,473,0.00,2024-01-01 00:00:00
3474,474,0.00,2024-01-01 00:00:00
3475,475,0.00,2024-01-01 00:00:00
3476,476,0.00,2024-01-01 00:00:00
3477,477,0.00,2024-01-01 00:00:00
3478,478,0.00,2024-01-01 00:00:00
3479,479,0.00,2024-01-01 00:00:00
3480,480,0.00,2024-01-01 00:00:00
3481,481,0.00,2024-01-01 00:00:00
3482,482,0.00,2024-01-01 00:00:00
3483,483,0.00,2024-01-01 00:00:00
3484,484,0.00,2024-01-01 00:00:00
3485,485,0.00,2024-01-01 00:00:00
3486,486,0.00,2024-01-01 00:00:00
3487,487,0.00,2024-01-01 00:00:00
3488,488,0.00,2024-01-01 00:00:00
3489,489,0.00,2024-01-01 00:00:00
3490,490,0.00,2024-01-01 00:00:00
3491,491,0.00,2024-01-01 00:00:00
3492,492,0.00,2024-01-01 00:00:00
3493,493,0.00,2024-01-01 00:00:00
3494,494,0.00,2024-01-01 00:00:00
3495,495,0.00,2024-01-01 00:00:00
3496,496,0.00,2024-01-01 00:00:00
3497,497,0.00,2024-01-01 00:00:00
3498,498,0.00,2024-01-01 00:00:00
3499,499,0.00,2024-01-01 00:00:00
3500,500,0.00,2024-01-01 00:00:00
3501,501,0.00,2024-01-01 00:00:00
3502,502,0.00,2024-01-01 00:00:00
3503,503,0.00,2024-01-01 00:00:00
3504,504,0.00,2024-01-01 00:00:00
3505,505,0.00,2024-01-01 00:00:00
3506,506,0.00,2024-01-01 00:00:00
3507,507,0.00,2024-01-01 00:00:00
3508,508,0.00,2024-01-01 00:00:00
3509,509,0.00,2024-01-01 00:00:00
3510,510,0.00,2024-01-01 00:00:00
3511,511,0.00,2024-01-01 00:00:00
3512,512,0.00,2024-01-01 00:00:00
3513,513,0.00,2024-01-01 00:00:00
3514,514,0.00,2024-01-01 00:00:00
3515,515,0.00,2024-01-01 00:00:00
3516,516,0.00,2024-01-01 00:00:00
3517,517,0.00,2024-01-01 00:00:00
3518,518,0.00,2024-01-01 00:00:00
3519,519,0.00,2024-01-01 00:00:00
3520,520,0.00,2024-01-01 00:00:00
3521,521,0.00,2024-01-01 00:00:00
3522,522,0.00,2024-01-01 00:00:00
3523,523,0.00,2024-01-01 00:00:00
3524,524,0.00,2024-01-01 00:00:00
3525,525,0.00,2024-01-01 00:00:00
3526,526,0.00,2024-01-01 00:00:00
3527,527,0.00,2024-01-01 00:00:00
3528,528,0.00,2024-01-01 00:00:00
3529,529,0.00,2024-01-01 00:00:00
3530,530,0.00,2024-01-01 00:00:00
3531,531,0.00,2024-01-01 00:00:00
3532,532,0.00,2024-01-01 00:00:00
3533,533,0.00,2024-01-01 00:00:00
3534,534,0.00,2024-01-01 00:00:00
3535,535,0.00,2024-01-01 00:00:00
3536,536,0.00,2024-01-01 00:00:00
3537,537,0.00,2024-01-01 00:00:00
3538,538,0.00,2024-01-01 00:00:00
3539,539,0.00,2024-01-01 00:00:00
3540,540,0.00,2024-01-01 00:00:00
3541,541,0.00,2024-01-01 00:00:00
3542,542,0.00,2024-01-01 00:00:00
3543,543,0.00,2024-01-01 00:00:00
3544,544,0.00,2024-01-01 00:00:00
3545,545,0.00,2024-01-01 00:00:00
3546,546,0.00,2024-01-01 00:00:00
3547,547,0.00,2024-01-01 00:00:00
3548,548,0.00,2024-01-01 00:00:00
3549,549,0.00,2024-01-01 00:00:00
3550,550,0.00,2024-01-01 00:00:00
3551,551,0.00,2024-01-01 00:00:00
3552,552,0.00,2024-01-01 00:00:00
3553,553,0.00,2024-01-01 00:00:00
3554,554,0.00,2024-01-01 00:00:00
3555,555,0.00,2024-01-01 00:00:00
3556,556,0.00,2024-01-01 00:00:00
3557,557,0.00,2024-01-01 00:00:00
3558,558,0.00,2024-01-01 00:00:00
3559,559,0.00,2024-01-01 00:00:00
3560,560,0.00,2024-01-01 00:00:00
3561,561,0.00,2024-01-01 00:00:00
3562,562,0.00,2024-01-01 00:00:00
3563,563,0.00,2024-01-01 00:00:00
3564,564,0.00,2024-01-01 00:00:00
3565,565,0.00,2024-01-01 00:00:00
3566,566,0.00,2024-01-01 00:00:00
3567,567,0.00,2024-01-01 00:00:00
3568,568,0.00,2024-01-01 00:00:00
3569,569,0.00,2024-01-01 00:00:00
3570,570,0.00,2024-01-01 00:00:00
3571,571,0.00,2024-01-01 00:00:00
3572,572,0.00,2024-01-01 00:00:00
3573,573,0.00,2024-01-01 00:00:00
3574,574,0.00,2024-01-01 00:00:00
3575,575,0.00,2024-01-01 00:00:00
3576,576,0.00,2024-01-01 00:00:00
3577,577,0.00,2024-01-01 00:00:00
3578,578,0.00,2024-01-01 00:00:00
3579,579,0.00,2024-01-01 00:00:00
3580,580,0.00,2024-01-01 00:00:00
3581,581,0.00,2024-01-01 00:00:00
3582,582,0.00,2024-01-01 00:00:00
3583,583,0.00,2024-01-01 00:00:00
3584,584,0.00,2024-01-01 00:00:00
3585,585,0.00,2024-01-01 00:00:00
3586,586,0.00,2024-01-01 00:00:00
3587,587,0.00,2024-01-01 00:00:00
3588,588,0.00,2024-01-01 00:00:00
3589,589,0.00,2024-01-01 00:00:00
3590,590,0.00,2024-01-01 00:00:00
3591,591,0.00,2024-01-01 00:00:00
3592,592,0.00,2024-01-01 00:00:00
3593,593,0.00,2024-01-01 00:00:00
3594,594,0.00,2024-01-01 00:00:00
3595,595,0.00,2024-01-01 00:00:00
3596,596,0.00,2024-01-01 00:00:00
3597,597,0.00,2024-01-01 00:00:00
3598,598,0.00,2024-01-01 00:00:00
3599,599,0.00,2024-01-01 00:00:00
3600,600,0.00,2024-01-01 00:00:00
3601,601,0.00,2024-01-01 00:00:00
3602,602,0.00,2024-01-01 00:00:00
3603,603,0.00,2024-01-01 00:00:00
3604,604,0.00,2024-01-01 00:00:00
3605,605,0.00,2024-01-01 00:00:00
3606,606,0.00,2024-01-01 00:00:00
3607,607,0.00,2024-01-01 00:00:00
3608,608,0.00,2024-01-01 00:00:00
3609,609,0.00,2024-01-01 00:00:00
3610,610,0.00,2024-01-01 00:00:00
3611,611,0.00,2024-01-01 00:00:00
3612,612,0.00,2024-01-01 00:00:00
3613,613,0.00,2024-01-01 00:00:00
3614,614,0.00,2024-01-01 00:00:00
3615,615,0.00,2024-01-01 00:00:00
3616,616,0.00,2024-01-01 00:00:00
3617,617,0.00,2024-01-01 00:00:00
3618,618,0.00,2024-01-01 00:00:00
3619,619,0.00,2024-01-01 00:00:00
3620,620,0.00,2024-01-01 00:00:00
3621,621,0.00,2024-01-01 00:00:00
3622,622,0.00,2024-01-01 00:00:00
3623,623,0.00,2024-01-01 00:00:00
3624,624,0.00,2024-01-01 00:00:00
3625,625,0.00,2024-01-01 00:00:00
3626,626,0.00,2024-01-01 00:00:00
3627,627,0.00,2024-01-01 00:00:00
3628,628,0.00,2024-01-01 00:00:00
3629,629,0.00,2024-01-01 00:00:00
3630,630,0.00,2024-01-01 00:00:00
3631,631,0.00,2024-01-01 00:00:00
3632,632,0.00,2024-01-01 00:00:00
3633,633,0.00,2024-01-01 00:00:00
3634,634,0.00,2024-01-01 00:00:00
3635,635,0.00,2024-01-01 00:00:00
3636,636,0.00,2024-01-01 00:00:00
3637,637,0.00,2024-01-01 00:00:00
3638,638,0.00,2024-01-01 00:00:00
3639,639,0.00,2024-01-01 00:00:00
3640,640,0.00,2024-01-01 00:00:00
3641,641,0.00,2024-01-01 00:00:00
3642,642,0.00,2024-01-01 00:00:00
3643,643,0.00,2024-01-01 00:00:00
3644,644,0.00,2024-01-01 00:00:00
3645,645,0.00,2024-01-01 00:00:00
3646,646,0.00,2024-01-01 00:00:00
3647,647,0.00,2024-01-01 00:00:00
3648,648,0.00,2024-01-01 00:00:00
3649,649,0.00,2024-01-01 00:00:00
3650,650,0.00,2024-01-01 00:00:00
3651,651,0.00,2024-01-01 00:00:00
3652,652,0.00,2024-01-01 00:00:00
3653,653,0.00,2024-01-01 00:00:00
3654,654,0.00,2024-01-01 00:00:00
3655,655,0.00,2024-01-01 00:00:00
3656,656,0.00,2024-01-01 00:00:00
3657,657,0.00,2024-01-01 00:00:00
3658,658,0.00,2024-01-01 00:00:00
3659,659,0.00,2024-01-01 00:00:00
3660,660,0.00,2024-01-01 00:00:00
3661,661,0.00,2024-01-01 00:00:00
3662,662,0.00,2024-01-01 00:00:00
3663,663,0.00,2024-01-01 00:00:00
3664,664,0.00,2024-01-01 00:00:00
3665,665,0.00,2024-01-01 00:00:00
3666,666,0.00,2024-01-01 00:00:00
3667,667,0.00,2024-01-01 00:00:00
3668,668,0.00,2024-01-01 00:00:00
3669,669,0.00,2024-01-01 00:00:00
3670,670,0.00,2024-01-01 00:00:00
3671,671,0.00,2024-01-01 00:00:00
3672,672,0.00,2024-01-01 00:00:00
3673,673,0.00,2024-01-01 00:00:00
3674,674,0.00,2024-01-01 00:00:00
3675,675,0.00,2024-01-01 00:00:00
3676,676,0.00,2024-01-01 00:00:00
3677,677,0.00,2024-01-01 00:00:00
3678,678,0.00,2024-01-01 00:00:00
3679,679,0.00,2024-01-01 00:00:00
3680,680,0.00,2024-01-01 00:00:00
3681,681,0.00,2024-01-01 00:00:00
3682,682,0.00,2024-01-01 00:00:00
3683,683,0.00,2024-01-01 00:00:00
3684,684,0.00,2024-01-01 00:00:00
3685,685,0.00,2024-01-01 00:00:00
3686,686,0.00,2024-01-01 00:00:00
3687,687,0.00,2024-01-01 00:00:00
3688,688,0.00,2024-01-01 00:00:00
3689,689,0.00,2024-01-01 00:00:00
3690,690,0.00,2024-01-01 00:00:00
3691,691,0.00,2024-01-01 00:00:00
3692,692,0.00,2024-01-01 00:00:00
3693,693,0.00,2024-01-01 00:00:00
3694,694,0.00,2024-01-01 00:00:00
3695,695,0.00,2024-01-01 00:00:00
3696,696,0.00,2024-01-01 00:00:00
3697,697,0.00,2024-01-01 00:00:00
3698,698,0.00,2024-01-01 00:00:00
3699,699,0.00,2024-01-01 00:00:00
3700,700,0.00,2024-01-01 00:00:00
3701,701,0.00,2024-01-01 00:00:00
3702,702,0.00,2024-01-01 00:00:00
3703,703,0.00,2024-01-01 00:00:00
3704,704,0.00,2024-01-01 00:00:00
3705,705,0.00,2024-01-01 00:00:00
3706,706,0.00,2024-01-01 00:00:00
3707,707,0.00,2024-01-01 00:00:00
3708,708,0.00,2024-01-01 00:00:00
3709,709,0.00,2024-01-01 00:00:00
3710,710,0.00,2024-01-01 00:00:00
3711,711,0.00,2024-01-01 00:00:00
3712,712,0.00,2024-01-01 00:00:00
3713,713,0.00,2024-01-01 00:00:00
3714,714,0.00,2024-01-01 00:00:00
3715,715,0.00,2024-01-01 00:00:00
3716,716,0.00,2024-01-01 00:00:00
3717,717,0.00,2024-01-01 00:00:00
3718,718,0.00,2024-01-01 00:00:00
3719,719,0.00,2024-01-01 00:00:00
3720,720,0.00,2024-01-01 00:00:00
3721,721,0.00,2024-01-01 00:00:00
3722,722,0.00,2024-01-01 00:00:00
3723,723,0.00,2024-01-01 00:00:00
3724,724,0.00,2024-01-01 00:00:00
3725,725,0.00,2024-01-01 00:00:00
3726,726,0.00,2024-01-01 00:00:00
3727,727,0.00,2024-01-01 00:00:00
3728,728,0.00,2024-01-01 00:00:00
3729,729,0.00,2024-01-01 00:00:00
3730,730,0.00,2024-01-01 00:00:00
3731,731,0.00,2024-01-01 00:00:00
3732,732,0.00,2024-01-01 00:00:00
3733,733,0.00,2024-01-01 00:00:00
3734,734,0.00,2024-01-01 00:00:00
3735,735,0.00,2024-01-01 00:00:00
3736,736,0.00,2024-01-01 00:00:00
3737,737,0.00,2024-01-01 00:00:00
3738,738,0.00,2024-01-01 00:00:00
3739,739,0.00,2024-01-01 00:00:00
3740,740,0.00,2024-01-01 00:00:00
3741,741,0.00,2024-01-01 00:00:00
3742,742,0.00,2024-01-01 00:00:00
3743,743,0.00,2024-01-01 00:00:00
3744,744,0.00,2024-01-01 00:00:00
3745,745,0.00,2024-01-01 00:00:00
3746,746,0.00,2024-01-01 00:00:00
3747,747,0.00,2024-01-01 00:00:00
3748,748,0.00,2024-01-01 00:00:00
3749,749,0.00,2024-01-01 00:00:00
3750,750,0.00,2024-01-01 00:00:00
3751,751,0.00,2024-01-01 00:00:00
3752,752,0.00,2024-01-01 00:00:00
3753,753,0.00,2024-01-01 00:00:00
3754,754,0.00,2024-01-01 00:00:00
3755,755,0.00,2024-01-01 00:00:00
3756,756,0.00,2024-01-01 00:00:00
3757,757,0.00,2024-01-01 00:00:00
3758,758,0.00,2024-01-01 00:00:00
3759,759,0.00,2024-01-01 00:00:00
3760,760,0.00,2024-01-01 00:00:00
3761,761,0.00,2024-01-01 00:00:00
3762,762,0.00,2024-01-01 00:00:00
3763,763,0.00,2024-01-01 00:00:00
3764,764,0.00,2024-01-01 00:00:00
3765,765,0.00,2024-01-01 00:00:00
3766,766,0.00,2024-01-01 00:00:00
3767,767,0.00,2024-01-01 00:00:00
3768,768,0.00,2024-01-01 00:00:00
3769,769,0.00,2024-01-01 00:00:00
3770,770,0.00,2024-01-01 00:00:00
3771,771,0.00,2024-01-01 00:00:00
3772,772,0.00,2024-01-01 00:00:00
3773,773,0.00,2024-01-01 00:00:00
3774,774,0.00,2024-01-01 00:00:00
3775,775,0.00,2024-01-01 00:00:00
3776,776,0.00,2024-01-01 00:00:00
3777,777,0.00,2024-01-01 00:00:00
3778,778,0.00,2024-01-01 00:00:00
3779,779,0.00,2024-01-01 00:00:00
3780,780,0.00,2024-01-01 00:00:00
3781,781,0.00,2024-01-01 00:00:00
3782,782,0.00,2024-01-01 00:00:00
3783,783,0.00,2024-01-01 00:00:00
3784,784,0.00,2024-01-01 00:00:00
3785,785,0.00,2024-01-01 00:00:00
3786,786,0.00,2024-01-01 00:00:00
3787,787,0.00,2024-01-01 00:00:00
3788,788,0.00,2024-01-01 00:00:00
3789,789,0.00,2024-01-01 00:00:00
3790,790,0.00,2024-01-01 00:00:00
3791,791,0.00,2024-01-01 00:00:00
3792,792,0.00,2024-01-01 00:00:00
3793,793,0.00,2024-01-01 00:00:00
3794,794,0.00,2024-01-01 00:00:00
3795,795,0.00,2024-01-01 00:00:00
3796,796,0.00,2024-01-01 00:00:00
3797,797,0.00,2024-01-01 00:00:00
3798,798,0.00,2024-01-01 00:00:00
3799,799,0.00,2024-01-01 00:00:00
3800,800,0.00,2024-01-01 00:00:00
3801,801,0.00,2024-01-01 00:00:00
3802,802,0.00,2024-01-01 00:00:00
3803,803,0.00,2024-01-01 00:00:00
3804,804,0.00,2024-01-01 00:00:00
3805,805,0.00,2024-01-01 00:00:00
3806,806,0.00,2024-01-01 00:00:00
3807,807,0.00,2024-01-01 00:00:00
3808,808,0.00,2024-01-01 00:00:00
3809,809,0.00,2024-01-01 00:00:00
3810,810,0.00,2024-01-01 00:00:00
3811,811,0.00,2024-01-01 00:00:00
3812,812,0.00,2024-01-01 00:00:00
3813,813,0.00,2024-01-01 00:00:00
3814,814,0.00,2024-01-01 00:00:00
3815,815,0.00,2024-01-01 00:00:00
3816,816,0.00,2024-01-01 00:00:00
3817,817,0.00,2024-01-01 00:00:00
3818,818,0.00,2024-01-01 00:00:00
3819,819,0.00,2024-01-01 00:00:00
3820,820,0.00,2024-01-01 00:00:00
3821,821,0.00,2024-01-01 00:00:00
3822,822,0.00,2024-01-01 00:00:00
3823,823,0.00,2024-01-01 00:00:00
3824,824,0.00,2024-01-01 00:00:00
3825,825,0.00,2024-01-01 00:00:00
3826,826,0.00,2024-01-01 00:00:00
3827,827,0.00,2024-01-01 00:00:00
3828,828,0.00,2024-01-01 00:00:00
3829,829,0.00,2024-01-01 00:00:00
3830,830,0.00,2024-01-01 00:00:00
3831,831,0.00,2024-01-01 00:00:00
3832,832,0.00,2024-01-01 00:00:00
3833,833,0.00,2024-01-01 00:00:00
3834,834,0.00,2024-01-01 00:00:00
3835,835,0.00,2024-01-01 00:00:00
3836,836,0.00,2024-01-01 00:00:00
3837,837,0.00,2024-01-01 00:00:00
3838,838,0.00,2024-01-01 00:00:00
3839,839,0.00,2024-01-01 00:00:00
3840,840,0.00,2024-01-01 00:00:00
3841,841,0.00,2024-01-01 00:00:00
3842,842,0.00,2024-01-01 00:00:00
3843,843,0.00,2024-01-01 00:00:00
3844,844,0.00,2024-01-01 00:00:00
3845,845,0.00,2024-01-01 00:00:00
3846,846,0.00,2024-01-01 00:00:00
3847,847,0.00,2024-01-01 00:00:00
3848,848,0.00,2024-01-01 00:00:00
3849,849,0.00,2024-01-01 00:00:00
3850,850,0.00,2024-01-01 00:00:00
3851,851,0.00,2024-01-01 00:00:00
3852,852,0.00,2024-01-01 00:00:00
3853,853,0.00,2024-01-01 00:00:00
3854,854,0.00,2024-01-01 00:00:00
3855,855,0.00,2024-01-01 00:00:00
3856,856,0.00,2024-01-01 00:00:00
3857,857,0.00,2024-01-01 00:00:00
3858,858,0.00,2024-01-01 00:00:00
3859,859,0.00,2024-01-01 00:00:00
3860,860,0.00,2024-01-01 00:00:00
3861,861,0.00,2024-01-01 00:00:00
3862,862,0.00,2024-01-01 00:00:00
3863,863,0.00,2024-01-01 00:00:00
3864,864,0.00,2024-01-01 00:00:00
3865,865,0.00,2024-01-01 00:00:00
3866,866,0.00,2024-01-01 00:00:00
3867,867,0.00,2024-01-01 00:00:00
3868,868,0.00,2024-01-01 00:00:00
3869,869,0.00,2024-01-01 00:00:00
3870,870,0.00,2024-01-01 00:00:00
3871,871,0.00,2024-01-01 00:00:00
3872,872,0.00,2024-01-01 00:00:00
3873,873,0.00,2024-01-01 00:00:00
3874,874,0.00,2024-01-01 00:00:00
3875,875,0.00,2024-01-01 00:00:00
3876,876,0.00,2024-01-01 00:00:00
3877,877,0.00,2024-01-01 00:00:00
3878,878,0.00,2024-01-01 00:00:00
3879,879,0.00,2024-01-01 00:00:00
3880,880,0.00,2024-01-01 00:00:00
3881,881,0.00,2024-01-01 00:00:00
3882,882,0.00,2024-01-01 00:00:00
3883,883,0.00,2024-01-01 00:00:00
3884,884,0.00,2024-01-01 00:00:00
3885,885,0.00,2024-01-01 00:00:00
3886,886,0.00,2024-01-01 00:00:00
3887,887,0.00,2024-01-01 00:00:00
3888,888,0.00,2024-01-01 00:00:00
3889,889,0.00,2024-01-01 00:00:00
3890,890,0.00,2024-01-01 00:00:00
3891,891,0.00,2024-01-01 00:00:00
3892,892,0.00,2024-01-01 00:00:00
3893,893,0.00,2024-01-01 00:00:00
3894,894,0.00,2024-01-01 00:00:00
3895,895,0.00,2024-01-01 00:00:00
3896,896,0.00,2024-01-01 00:00:00
3897,897,0.00,2024-01-01 00:00:00
3898,898,0.00,2024-01-01 00:00:00
3899,899,0.00,2024-01-01 00:00:00
3900,900,0.00,2024-01-01 00:00:00
3901,901,0.00,2024-01-01 00:00:00
3902,902,0.00,2024-01-01 00:00:00
3903,903,0.00,2024-01-01 00:00:00
3904,904,0.00,2024-01-01 00:00:00
3905,905,0.00,2024-01-01 00:00:00
3906,906,0.00,2024-01-01 00:00:00
3907,907,0.00,2024-01-01 00:00:00
3908,908,0.00,2024-01-01 00:00:00
3909,909,0.00,2024-01-01 00:00:00
3910,910,0.00,2024-01-01 00:00:00
3911,911,0.00,2024-01-01 00:00:00
3912,912,0.00,2024-01-01 00:00:00
3913,913,0.00,2024-01-01 00:00:00
3914,914,0.00,2024-01-01 00:00:00
3915,915,0.00,2024-01-01 00:00:00
3916,916,0.00,2024-01-01 00:00:00
3917,917,0.00,2024-01-01 00:00:00
3918,918,0.00,2024-01-01 00:00:00
3919,919,0.00,2024-01-01 00:00:00
3920,920,0.00,2024-01-01 00:00:00
3921,921,0.00,2024-01-01 00:00:00
3922,922,0.00,2024-01-01 00:00:00
3923,923,0.00,2024-01-01 00:00:00
3924,924,0.00,2024-01-01 00:00:00
3925,925,0.00,2024-01-01 00:00:00
3926,926,0.00,2024-01-01 00:00:00
3927,927,0.00,2024-01-01 00:00:00
3928,928,0.00,2024-01-01 00:00:00
3929,929,0.00,2024-01-01 00:00:00
3930,930,0.00,2024-01-01 00:00:00
3931,931,0.00,2024-01-01 00:00:00
3932,932,0.00,2024-01-01 00:00:00
3933,933,0.00,2024-01-01 00:00:00
3934,934,0.00,2024-01-01 00:00:00
3935,935,0.00,2024-01-01 00:00:00
3936,936,0.00,2024-01-01 00:00:00
3937,937,0.00,2024-01-01 00:00:00
3938,938,0.00,2024-01-01 00:00:00
3939,939,0.00,2024-01-01 00:00:00
3940,940,0.00,2024-01-01 00:00:00
3941,941,0.00,2024-01-01 00:00:00
3942,942,0.00,2024-01-01 00:00:00
3943,943,0.00,2024-01-01 00:00:00
3944,944,0.00,2024-01-01 00:00:00
3945,945,0.00,2024-01-01 00:00:00
3946,946,0.00,2024-01-01 00:00:00
3947,947,0.00,2024-01-01 00:00:00
3948,948,0.00,2024-01-01 00:00:00
3949,949,0.00,2024-01-01 00:00:00
3950,950,0.00,2024-01-01 00:00:00
3951,951,0.00,2024-01-01 00:00:00
3952,952,0.00,2024-01-01 00:00:00
3953,953,0.00,2024-01-01 00:00:00
3954,954,0.00,2024-01-01 00:00:00
3955,955,0.00,2024-01-01 00:00:00
3956,956,0.00,2024-01-01 00:00:00
3957,957,0.00,2024-01-01 00:00:00
3958,958,0.00,2024-01-01 00:00:00
3959,959,0.00,2024-01-01 00:00:00
3960,960,0.00,2024-01-01 00:00:00
3961,961,0.00,2024-01-01 00:00:00
3962,962,0.00,2024-01-01 00:00:00
3963,963,0.00,2024-01-01 00:00:00
3964,964,0.00,2024-01-01 00:00:00
3965,965,0.00,2024-01-01 00:00:00
3966,966,0.00,2024-01-01 00:00:00
3967,967,0.00,2024-01-01 00:00:00
3968,968,0.00,2024-01-01 00:00:00
3969,969,0.00,2024-01-01 00:00:00
3970,970,0.00,2024-01-01 00:00:00
3971,971,0.00,2024-01-01 00:00:00
3972,972,0.00,2024-01-01 00:00:00
3973,973,0.00,2024-01-01 00:00:00
3974,974,0.00,2024-01-01 00:00:00
3975,975,0.00,2024-01-01 00:00:00
3976,976,0.00,2024-01-01 00:00:00
3977,977,0.00,2024-01-01 00:00:00
3978,978,0.00,2024-01-01 00:00:00
3979,979,0.00,2024-01-01 00:00:00
3980,980,0.00,2024-01-01 00:00:00
3981,981,0.00,2024-01-01 00:00:00
3982,982,0.00,2024-01-01 00:00:00
3983,983,0.00,2024-01-01 00:00:00
3984,984,0.00,2024-01-01 00:00:00
3985,985,0.00,2024-01-01 00:00:00
3986,986,0.00,2024-01-01 00:00:00
3987,987,0.00,2024-01-01 00:00:00
3988,988,0.00,2024-01-01 00:00:00
3989,989,0.00,2024-01-01 00:00:00
3990,990,0.00,2024-01-01 00:00:00
3991,991,0.00,2024-01-01 00:00:00
3992,992,0.00,2024-01-01 00:00:00
3993,993,0.00,2024-01-01 00:00:00
3994,994,0.00,2024-01-01 00:00:00
3995,995,0.00,2024-01-01 00:00:00
3996,996,0.00,2024-01-01 00:00:00
3997,997,0.00,2024-01-01 00:00:00
3998,998,0.00,2024-01-01 00:00:00
3999,999,0.00,2024-01-01 00:00:00
4000,1000,0.00,2024-01-01 00:00:00
4001,1,0.00,2024-01-01 00:00:00
4002,2,0.00,2024-01-01 00:00:00
4003,3,0.00,2024-01-01 00:00:00
4004,4,0.00,2024-01-01 00:00:00
4005,5,0.00,2024-01-01 00:00:00
4006,6,0.00,2024-01-01 00:00:00
4007,7,0.00,2024-01-01 00:00:00
4008,8,0.00,2024-01-01 00:00:00
4009,9,0.00,2024-01-01 00:00:00
4010,10,0.00,2024-01-01 00:00:00
4011,11,0.00,2024-01-01 00:00:00
4012,12,0.00,2024-01-01 00:00:00
4013,13,0.00,2024-01-01 00:00:00
4014,14,0.00,2024-01-01 00:00:00
4015,15,0.00,2024-01-01 00:00:00
4016,16,0.00,2024-01-01 00:00:00
4017,17,0.00,2024-01-01 00:00:00
4018,18,0.00,2024-01-01 00:00:00
4019,19,0.00,2024-01-01 00:00:00
4020,20,0.00,2024-01-01 00:00:00
4021,21,0.00,2024-01-01 00:00:00
4022,22,0.00,2024-01-01 00:00:00
4023,23,0.00,2024-01-01 00:00:00
4024,24,0.00,2024-01-01 00:00:00
4025,25,0.00,2024-01-01 00:00:00
4026,26,0.00,2024-01-01 00:00:00
4027,27,0.00,2024-01-01 00:00:00
4028,28,0.00,2024-01-01 00:00:00
4029,29,0.00,2024-01-01 00:00:00
4030,30,0.00,2024-01-01 00:00:00
4031,31,0.00,2024-01-01 00:00:00
4032,32,0.00,2024-01-01 00:00:00
4033,33,0.00,2024-01-01 00:00:00
4034,34,0.00,2024-01-01 00:00:00
4035,35,0.00,2024-01-01 00:00:00
4036,36,0.00,2024-01-01 00:00:00
4037,37,0.00,2024-01-01 00:00:00
4038,38,0.00,2024-01-01 00:00:00
4039,39,0.00,2024-01-01 00:00:00
4040,40,0.00,2024-01-01 00:00:00
4041,41,0.00,2024-01-01 00:00:00
4042,42,0.00,2024-01-01 00:00:00
4043,43,0.00,2024-01-01 00:00:00
4044,44,0.00,2024-01-01 00:00:00
4045,45,0.00,2024-01-01 00:00:00
4046,46,0.00,2024-01-01 00:00:00
4047,47,0.00,2024-01-01 00:00:00
4048,48,0.00,2024-01-01 00:00:00
4049,49,0.00,2024-01-01 00:00:00
4050,50,0.00,2024-01-01 00:00:00
4051,51,0.00,2024-01-01 00:00:00
4052,52,0.00,2024-01-01 00:00:00
4053,53,0.00,2024-01-01 00:00:00
4054,54,0.00,2024-01-01 00:00:00
4055,55,0.00,2024-01-01 00:00:00
4056,56,0.00,2024-01-01 00:00:00
4057,57,0.00,2024-01-01 00:00:00
4058,58,0.00,2024-01-01 00:00:00
4059,59,0.00,2024-01-01 00:00:00
4060,60,0.00,2024-01-01 00:00:00
4061,61,0.00,2024-01-01 00:00:00
4062,62,0.00,2024-01-01 00:00:00
4063,63,0.00,2024-01-01 00:00:00
4064,64,0.00,2024-01-01 00:00:00
4065,65,0.00,2024-01-01 00:00:00
4066,66,0.00,2024-01-01 00:00:00
4067,67,0.00,2024-01-01 00:00:00
4068,68,0.00,2024-01-01 00:00:00
4069,69,0.00,2024-01-01 00:00:00
4070,70,0.00,2024-01-01 00:00:00
4071,71,0.00,2024-01-01 00:00:00
4072,72,0.00,2024-01-01 00:00:00
4073,73,0.00,2024-01-01 00:00:00
4074,74,0.00,2024-01-01 00:00:00
4075,75,0.00,2024-01-01 00:00:00
4076,76,0.00,2024-01-01 00:00:00
4077,77,0.00,2024-01-01 00:00:00
4078,78,0.00,2024-01-01 00:00:00
4079,79,0.00,2024-01-01 00:00:00
4080,80,0.00,2024-01-01 00:00:00
4081,81,0.00,2024-01-01 00:00:00
4082,82,0.00,2024-01-01 00:00:00
4083,83,0.00,2024-01-01 00:00:00
4084,84,0.00,2024-01-01 00:00:00
4085,85,0.00,2024-01-01 00:00:00
4086,86,0.00,2024-01-01 00:00:00
4087,87,0.00,2024-01-01 00:00:00
4088,88,0.00,2024-01-01 00:00:00
4089,89,0.00,2024-01-01 00:00:00
4090,90,0.00,2024-01-01 00:00:00
4091,91,0.00,2024-01-01 00:00:00
4092,92,0.00,2024-01-01 00:00:00
4093,93,0.00,2024-01-01 00:00:00
4094,94,0.00,2024-01-01 00:00:00
4095,95,0.00,2024-01-01 00:00:00
4096,96,0.00,2024-01-01 00:00:00
4097,97,0.00,2024-01-01 00:00:00
4098,98,0.00,2024-01-01 00:00:00
4099,99,0.00,2024-01-01 00:00:00
4100,100,0.00,2024-01-01 00:00:00
4101,101,0.00,2024-01-01 00:00:00
4102,102,0.00,2024-01-01 00:00:00
4103,103,0.00,2024-01-01 00:00:00
4104,104,0.00,2024-01-01 00:00:00
4105,105,0.00,2024-01-01 00:00:00
4106,106,0.00,2024-01-01 00:00:00
4107,107,0.00,2024-01-01 00:00:00
4108,108,0.00,2024-01-01 00:00:00
4109,109,0.00,2024-01-01 00:00:00
4110,110,0.00,2024-01-01 00:00:00
4111,111,0.00,2024-01-01 00:00:00
4112,112,0.00,2024-01-01 00:00:00
4113,113,0.00,2024-01-01 00:00:00
4114,114,0.00,2024-01-01 00:00:00
4115,115,0.00,2024-01-01 00:00:00
4116,116,0.00,2024-01-01 00:00:00
4117,117,0.00,2024-01-01 00:00:00
4118,118,0.00,2024-01-01 00:00:00
4119,119,0.00,2024-01-01 00:00:00
4120,120,0.00,2024-01-01 00:00:00
4121,121,0.00,2024-01-01 00:00:00
4122,122,0.00,2024-01-01 00:00:00
4123,123,0.00,2024-01-01 00:00:00
4124,124,0.00,2024-01-01 00:00:00
4125,125,0.00,2024-01-01 00:00:00
4126,126,0.00,2024-01-01 00:00:00
4127,127,0.00,2024-01-01 00:00:00
4128,128,0.00,2024-01-01 00:00:00
4129,129,0.00,2024-01-01 00:00:00
4130,130,0.00,2024-01-01 00:00:00
4131,131,0.00,2024-01-01 00:00:00
4132,132,0.00,2024-01-01 00:00:00
4133,133,0.00,2024-01-01 00:00:00
4134,134,0.00,2024-01-01 00:00:00
4135,135,0.00,2024-01-01 00:00:00
4136,136,0.00,2024-01-01 00:00:00
4137,137,0.00,2024-01-01 00:00:00
4138,138,0.00,2024-01-01 00:00:00
4139,139,0.00,2024-01-01 00:00:00
4140,140,0.00,2024-01-01 00:00:00
4141,141,0.00,2024-01-01 00:00:00
4142,142,0.00,2024-01-01 00:00:00
4143,143,0.00,2024-01-01 00:00:00
4144,144,0.00,2024-01-01 00:00:00
4145,145,0.00,2024-01-01 00:00:00
4146,146,0.00,2024-01-01 00:00:00
4147,147,0.00,2024-01-01 00:00:00
4148,148,0.00,2024-01-01 00:00:00
4149,149,0.00,2024-01-01 00:00:00
4150,150,0.00,2024-01-01 00:00:00
4151,151,0.00,2024-01-01 00:00:00
4152,152,0.00,2024-01-01 00:00:00
4153,153,0.00,2024-01-01 00:00:00
4154,154,0.00,2024-01-01 00:00:00
4155,155,0.00,2024-01-01 00:00:00
4156,156,0.00,2024-01-01 00:00:00
4157,157,0.00,2024-01-01 00:00:00
4158,158,0.00,2024-01-01 00:00:00
4159,159,0.00,2024-01-01 00:00:00
4160,160,0.00,2024-01-01 00:00:00
4161,161,0.00,2024-01-01 00:00:00
4162,162,0.00,2024-01-01 00:00:00
4163,163,0.00,2024-01-01 00:00:00
4164,164,0.00,2024-01-01 00:00:00
4165,165,0.00,2024-01-01 00:00:00
4166,166,0.00,2024-01-01 00:00:00
4167,167,0.00,2024-01-01 00:00:00
4168,168,0.00,2024-01-01 00:00:00
4169,169,0.00,2024-01-01 00:00:00
4170,170,0.00,2024-01-01 00:00:00
4171,171,0.00,2024-01-01 00:00:00
4172,172,0.00,2024-01-01 00:00:00
4173,173,0.00,2024-01-01 00:00:00
4174,174,0.00,2024-01-01 00:00:00
4175,175,0.00,2024-01-01 00:00:00
4176,176,0.00,2024-01-01 00:00:00
4177,177,0.00,2024-01-01 00:00:00
4178,178,0.00,2024-01-01 00:00:00
4179,179,0.00,2024-01-01 00:00:00
4180,180,0.00,2024-01-01 00:00:00
4181,181,0.00,2024-01-01 00:00:00
4182,182,0.00,2024-01-01 00:00:00
4183,183,0.00,2024-01-01 00:00:00
4184,184,0.00,2024-01-01 00:00:00
4185,185,0.00,2024-01-01 00:00:00
4186,186,0.00,2024-01-01 00:00:00
4187,187,0.00,2024-01-01 00:00:00
4188,188,0.00,2024-01-01 00:00:00
4189,189,0.00,2024-01-01 00:00:00
4190,190,0.00,2024-01-01 00:00:00
4191,191,0.00,2024-01-01 00:00:00
4192,192,0.00,2024-01-01 00:00:00
4193,193,0.00,2024-01-01 00:00:00
4194,194,0.00,2024-01-01 00:00:00
4195,195,0.00,2024-01-01 00:00:00
4196,196,0.00,2024-01-01 00:00:00
4197,197,0.00,2024-01-01 00:00:00
4198,198,0.00,2024-01-01 00:00:00
4199,199,0.00,2024-01-01 00:00:00
4200,200,0.00,2024-01-01 00:00:00
4201,201,0.00,2024-01-01 00:00:00
4202,202,0.00,2024-01-01 00:00:00
4203,203,0.00,2024-01-01 00:00:00
4204,204,0.00,2024-01-01 00:00:00
4205,205,0.00,2024-01-01 00:00:00
4206,206,0.00,2024-01-01 00:00:00
4207,207,0.00,2024-01-01 00:00:00
4208,208,0.00,2024-01-01 00:00:00
4209,209,0.00,2024-01-01 00:00:00
4210,210,0.00,2024-01-01 00:00:00
4211,211,0.00,2024-01-01 00:00:00
4212,212,0.00,2024-01-01 00:00:00
4213,213,0.00,2024-01-01 00:00:00
4214,214,0.00,2024-01-01 00:00:00
4215,215,0.00,2024-01-01 00:00:00
4216,216,0.00,2024-01-01 00:00:00
4217,217,0.00,2024-01-01 00:00:00
4218,218,0.00,2024-01-01 00:00:00
4219,219,0.00,2024-01-01 00:00:00
4220,220,0.00,2024-01-01 00:00:00
4221,221,0.00,2024-01-01 00:00:00
4222,222,0.00,2024-01-01 00:00:00
4223,223,0.00,2024-01-01 00:00:00
4224,224,0.00,2024-01-01 00:00:00
4225,225,0.00,2024-01-01 00:00:00
4226,226,0.00,2024-01-01 00:00:00
4227,227,0.00,2024-01-01 00:00:00
4228,228,0.00,2024-01-01 00:00:00
4229,229,0.00,2024-01-01 00:00:00
4230,230,0.00,2024-01-01 00:00:00
4231,231,0.00,2024-01-01 00:00:00
4232,232,0.00,2024-01-01 00:00:00
4233,233,0.00,2024-01-01 00:00:00
4234,234,0.00,2024-01-01 00:00:00
4235,235,0.00,2024-01-01 00:00:00
4236,236,0.00,2024-01-01 00:00:00
4237,237,0.00,2024-01-01 00:00:00
4238,238,0.00,2024-01-01 00:00:00
4239,239,0.00,2024-01-01 00:00:00
4240,240,0.00,2024-01-01 00:00:00
4241,241,0.00,2024-01-01 00:00:00
4242,242,0.00,2024-01-01 00:00:00
4243,243,0.00,2024-01-01 00:00:00
4244,244,0.00,2024-01-01 00:00:00
4245,245,0.00,2024-01-01 00:00:00
4246,246,0.00,2024-01-01 00:00:00
4247,247,0.00,2024-01-01 00:00:00
4248,248,0.00,2024-01-01 00:00:00
4249,249,0.00,2024-01-01 00:00:00
4250,250,0.00,2024-01-01 00:00:00
4251,251,0.00,2024-01-01 00:00:00
4252,252,0.00,2024-01-01 00:00:00
4253,253,0.00,2024-01-01 00:00:00
4254,254,0.00,2024-01-01 00:00:00
4255,255,0.00,2024-01-01 00:00:00
4256,256,0.00,2024-01-01 00:00:00
4257,257,0.00,2024-01-01 00:00:00
4258,258,0.00,2024-01-01 00:00:00
4259,259,0.00,2024-01-01 00:00:00
4260,260,0.00,2024-01-01 00:00:00
4261,261,0.00,2024-01-01 00:00:00
4262,262,0.00,2024-01-01 00:00:00
4263,263,0.00,2024-01-01 00:00:00
4264,264,0.00,2024-01-01 00:00:00
4265,265,0.00,2024-01-01 00:00:00
4266,266,0.00,2024-01-01 00:00:00
4267,267,0.00,2024-01-01 00:00:00
4268,268,0.00,2024-01-01 00:00:00
4269,269,0.00,2024-01-01 00:00:00
4270,270,0.00,2024-01-01 00:00:00
4271,271,0.00,2024-01-01 00:00:00
4272,272,0.00,2024-01-01 00:00:00
4273,273,0.00,2024-01-01 00:00:00
4274,274,0.00,2024-01-01 00:00:00
4275,275,0.00,2024-01-01 00:00:00
4276,276,0.00,2024-01-01 00:00:00
4277,277,0.00,2024-01-01 00:00:00
4278,278,0.00,2024-01-01 00:00:00
4279,279,0.00,2024-01-01 00:00:00
4280,280,0.00,2024-01-01 00:00:00
4281,281,0.00,2024-01-01 00:00:00
4282,282,0.00,2024-01-01 00:00:00
4283,283,0.00,2024-01-01 00:00:00
4284,284,0.00,2024-01-01 00:00:00
4285,285,0.00,2024-01-01 00:00:00
4286,286,0.00,2024-01-01 00:00:00
4287,287,0.00,2024-01-01 00:00:00
4288,288,0.00,2024-01-01 00:00:00
4289,289,0.00,2024-01-01 00:00:00
4290,290,0.00,2024-01-01 00:00:00
4291,291,0.00,2024-01-01 00:00:00
4292,292,0.00,2024-01-01 00:00:00
4293,293,0.00,2024-01-01 00:00:00
4294,294,0.00,2024-01-01 00:00:00
4295,295,0.00,2024-01-01 00:00:00
4296,296,0.00,2024-01-01 00:00:00
4297,297,0.00,2024-01-01 00:00:00
4298,298,0.00,2024-01-01 00:00:00
4299,299,0.00,2024-01-01 00:00:00
4300,300,0.00,2024-01-01 00:00:00
4301,301,0.00,2024-01-01 00:00:00
4302,302,0.00,2024-01-01 00:00:00
4303,303,0.00,2024-01-01 00:00:00
4304,304,0.00,2024-01-01 00:00:00
4305,305,0.00,2024-01-01 00:00:00
4306,306,0.00,2024-01-01 00:00:00
4307,307,0.00,2024-01-01 00:00:00
4308,308,0.00,2024-01-01 00:00:00
4309,309,0.00,2024-01-01 00:00:00
4310,310,0.00,2024-01-01 00:00:00
4311,311,0.00,2024-01-01 00:00:00
4312,312,0.00,2024-01-01 00:00:00
4313,313,0.00,2024-01-01 00:00:00
4314,314,0.00,2024-01-01 00:00:00
4315,315,0.00,2024-01-01 00:00:00
4316,316,0.00,2024-01-01 00:00:00
4317,317,0.00,2024-01-01 00:00:00
4318,318,0.00,2024-01-01 00:00:00
4319,319,0.00,2024-01-01 00:00:00
4320,320,0.00,2024-01-01 00:00:00
4321,321,0.00,2024-01-01 00:00:00
4322,322,0.00,2024-01-01 00:00:00
4323,323,0.00,2024-01-01 00:00:00
4324,324,0.00,2024-01-01 00:00:00
4325,325,0.00,2024-01-01 00:00:00
4326,326,0.00,2024-01-01 00:00:00
4327,327,0.00,2024-01-01 00:00:00
4328,328,0.00,2024-01-01 00:00:00
4329,329,0.00,2024-01-01 00:00:00
4330,330,0.00,2024-01-01 00:00:00
4331,331,0.00,2024-01-01 00:00:00
4332,332,0.00,2024-01-01 00:00:00
4333,333,0.00,2024-01-01 00:00:00
4334,334,0.00,2024-01-01 00:00:00
4335,335,0.00,2024-01-01 00:00:00
4336,336,0.00,2024-01-01 00:00:00
4337,337,0.00,2024-01-01 00:00:00
4338,338,0.00,2024-01-01 00:00:00
4339,339,0.00,2024-01-01 00:00:00
4340,340,0.00,2024-01-01 00:00:00
4341,341,0.00,2024-01-01 00:00:00
4342,342,0.00,2024-01-01 00:00:00
4343,343,0.00,2024-01-01 00:00:00
4344,344,0.00,2024-01-01 00:00:00
4345,345,0.00,2024-01-01 00:00:00
4346,346,0.00,2024-01-01 00:00:00
4347,347,0.00,2024-01-01 00:00:00
4348,348,0.00,2024-01-01 00:00:00
4349,349,0.00,2024-01-01 00:00:00
4350,350,0.00,2024-01-01 00:00:00
4351,351,0.00,2024-01-01 00:00:00
4352,352,0.00,2024-01-01 00:00:00
4353,353,0.00,2024-01-01 00:00:00
4354,354,0.00,2024-01-01 00:00:00
4355,355,0.00,2024-01-01 00:00:00
4356,356,0.00,2024-01-01 00:00:00
4357,357,0.00,2024-01-01 00:00:00
4358,358,0.00,2024-01-01 00:00:00
4359,359,0.00,2024-01-01 00:00:00
4360,360,0.00,2024-01-01 00:00:00
4361,361,0.00,2024-01-01 00:00:00
4362,362,0.00,2024-01-01 00:00:00
4363,363,0.00,2024-01-01 00:00:00
4364,364,0.00,2024-01-01 00:00:00
4365,365,0.00,2024-01-01 00:00:00
4366,366,0.00,2024-01-01 00:00:00
4367,367,0.00,2024-01-01 00:00:00
4368,368,0.00,2024-01-01 00:00:00
4369,369,0.00,2024-01-01 00:00:00
4370,370,0.00,2024-01-01 00:00:00
4371,371,0.00,2024-01-01 00:00:00
4372,372,0.00,2024-01-01 00:00:00
4373,373,0.00,2024-01-01 00:00:00
4374,374,0.00,2024-01-01 00:00:00
4375,375,0.00,2024-01-01 00:00:00
4376,376,0.00,2024-01-01 00:00:00
4377,377,0.00,2024-01-01 00:00:00
4378,378,0.00,2024-01-01 00:00:00
4379,379,0.00,2024-01-01 00:00:00
4380,380,0.00,2024-01-01 00:00:00
4381,381,0.00,2024-01-01 00:00:00
4382,382,0.00,2024-01-01 00:00:00
4383,383,0.00,2024-01-01 00:00:00
4384,384,0.00,2024-01-01 00:00:00
4385,385,0.00,2024-01-01 00:00:00
4386,386,0.00,2024-01-01 00:00:00
4387,387,0.00,2024-01-01 00:00:00
4388,388,0.00,2024-01-01 00:00:00
4389,389,0.00,2024-01-01 00:00:00
4390,390,0.00,2024-01-01 00:00:00
4391,391,0.00,2024-01-01 00:00:00
4392,392,0.00,2024-01-01 00:00:00
4393,393,0.00,2024-01-01 00:00:00
4394,394,0.00,2024-01-01 00:00:00
4395,395,0.00,2024-01-01 00:00:00
4396,396,0.00,2024-01-01 00:00:00
4397,397,0.00,2024-01-01 00:00:00
4398,398,0.00,2024-01-01 00:00:00
4399,399,0.00,2024-01-01 00:00:00
4400,400,0.00,2024-01-01 00:00:00
4401,401,0.00,2024-01-01 00:00:00
4402,402,0.00,2024-01-01 00:00:00
4403,403,0.00,2024-01-01 00:00:00
4404,404,0.00,2024-01-01 00:00:00
4405,405,0.00,2024-01-01 00:00:00
4406,406,0.00,2024-01-01 00:00:00
4407,407,0.00,2024-01-01 00:00:00
4408,408,0.00,2024-01-01 00:00:00
4409,409,0.00,2024-01-01 00:00:00
4410,410,0.00,2024-01-01 00:00:00
4411,411,0.00,2024-01-01 00:00:00
4412,412,0.00,2024-01-01 00:00:00
4413,413,0.00,2024-01-01 00:00:00
4414,414,0.00,2024-01-01 00:00:00
4415,415,0.00,2024-01-01 00:00:00
4416,416,0.00,2024-01-01 00:00:00
4417,417,0.00,2024-01-01 00:00:00
4418,418,0.00,2024-01-01 00:00:00
4419,419,0.00,2024-01-01 00:00:00
4420,420,0.00,2024-01-01 00:00:00
4421,421,0.00,2024-01-01 00:00:00
4422,422,0.00,2024-01-01 00:00:00
4423,423,0.00,2024-01-01 00:00:00
4424,424,0.00,2024-01-01 00:00:00
4425,425,0.00,2024-01-01 00:00:00
4426,426,0.00,2024-01-01 00:00:00
4427,427,0.00,2024-01-01 00:00:00
4428,428,0.00,2024-01-01 00:00:00
4429,429,0.00,2024-01-01 00:00:00
4430,430,0.00,2024-01-01 00:00:00
4431,431,0.00,2024-01-01 00:00:00
4432,432,0.00,2024-01-01 00:00:00
4433,433,0.00,2024-01-01 00:00:00
4434,434,0.00,2024-01-01 00:00:00
4435,435,0.00,2024-01-01 00:00:00
4436,436,0.00,2024-01-01 00:00:00
4437,437,0.00,2024-01-01 00:00:00
4438,438,0.00,2024-01-01 00:00:00
4439,439,0.00,2024-01-01 00:00:00
4440,440,0.00,2024-01-01 00:00:00
4441,441,0.00,2024-01-01 00:00:00
4442,442,0.00,2024-01-01 00:00:00
4443,443,0.00,2024-01-01 00:00:00
4444,444,0.00,2024-01-01 00:00:00
4445,445,0.00,2024-01-01 00:00:00
4446,446,0.00,2024-01-01 00:00:00
4447,447,0.00,2024-01-01 00:00:00
4448,448,0.00,2024-01-01 00:00:00
4449,449,0.00,2024-01-01 00:00:00
4450,450,0.00,2024-01-01 00:00:00
4451,451,0.00,2024-01-01 00:00:00
4452,452,0.00,2024-01-01 00:00:00
4453,453,0.00,2024-01-01 00:00:00
4454,454,0.00,2024-01-01 00:00:00
4455,455,0.00,2024-01-01 00:00:00
4456,456,0.00,2024-01-01 00:00:00
4457,457,0.00,2024-01-01 00:00:00
4458,458,0.00,2024-01-01 00:00:00
4459,459,0.00,2024-01-01 00:00:00
4460,460,0.00,2024-01-01 00:00:00
4461,461,0.00,2024-01-01 00:00:00
4462,462,0.00,2024-01-01 00:00:00
4463,463,0.00,2024-01-01 00:00:00
4464,464,0.00,2024-01-01 00:00:00
4465,465,0.00,2024-01-01 00:00:00
4466,466,0.00,2024-01-01 00:00:00
4467,467,0.00,2024-01-01 00:00:00
4468,468,0.00,2024-01-01 00:00:00
4469,469,0.00,2024-01-01 00:00:00
4470,470,0.00,2024-01-01 00:00:00
4471,471,0.00,2024-01-01 00:00:00
4472,472,0.00,2024-01-01 00:00:00
4473,473,0.00,2024-01-01 00:00:00
4474,474,0.00,2024-01-01 00:00:00
4475,475,0.00,2024-01-01 00:00:00
4476,476,0.00,2024-01-01 00:00:00
4477,477,0.00,2024-01-01 00:00:00
4478,478,0.00,2024-01-01 00:00:00
4479,479,0.00,2024-01-01 00:00:00
4480,480,0.00,2024-01-01 00:00:00
4481,481,0.00,2024-01-01 00:00:00
4482,482,0.00,2024-01-01 00:00:00
4483,483,0.00,2024-01-01 00:00:00
4484,484,0.00,2024-01-01 00:00:00
4485,485,0.00,2024-01-01 00:00:00
4486,486,0.00,2024-01-01 00:00:00
4487,487,0.00,2024-01-01 00:00:00
4488,488,0.00,2024-01-01 00:00:00
4489,489,0.00,2024-01-01 00:00:00
4490,490,0.00,2024-01-01 00:00:00
4491,491,0.00,2024-01-01 00:00:00
4492,492,0.00,2024-01-01 00:00:00
4493,493,0.00,2024-01-01 00:00:00
4494,494,0.00,2024-01-01 00:00:00
4495,495,0.00,2024-01-01 00:00:00
4496,496,0.00,2024-01-01 00:00:00
4497,497,0.00,2024-01-01 00:00:00
4498,498,0.00,2024-01-01 00:00:00
4499,499,0.00,2024-01-01 00:00:00
4500,500,0.00,2024-01-01 00:00:00
4501,501,0.00,2024-01-01 00:00:00
4502,502,0.00,2024-01-01 00:00:00
4503,503,0.00,2024-01-01 00:00:00
4504,504,0.00,2024-01-01 00:00:00
4505,505,0.00,2024-01-01 00:00:00
4506,506,0.00,2024-01-01 00:00:00
4507,507,0.00,2024-01-01 00:00:00
4508,508,0.00,2024-01-01 00:00:00
4509,509,0.00,2024-01-01 00:00:00
4510,510,0.00,2024-01-01 00:00:00
4511,511,0.00,2024-01-01 00:00:00
4512,512,0.00,2024-01-01 00:00:00
4513,513,0.00,2024-01-01 00:00:00
4514,514,0.00,2024-01-01 00:00:00
4515,515,0.00,2024-01-01 00:00:00
4516,516,0.00,2024-01-01 00:00:00
4517,517,0.00,2024-01-01 00:00:00
4518,518,0.00,2024-01-01 00:00:00
4519,519,0.00,2024-01-01 00:00:00
4520,520,0.00,2024-01-01 00:00:00
4521,521,0.00,2024-01-01 00:00:00
4522,522,0.00,2024-01-01 00:00:00
4523,523,0.00,2024-01-01 00:00:00
4524,524,0.00,2024-01-01 00:00:00
4525,525,0.00,2024-01-01 00:00:00
4526,526,0.00,2024-01-01 00:00:00
4527,527,0.00,2024-01-01 00:00:00
4528,528,0.00,2024-01-01 00:00:00
4529,529,0.00,2024-01-01 00:00:00
4530,530,0.00,2024-01-01 00:00:00
4531,531,0.00,2024-01-01 00:00:00
4532,532,0.00,2024-01-01 00:00:00
4533,533,0.00,2024-01-01 00:00:00
4534,534,0.00,2024-01-01 00:00:00
4535,535,0.00,2024-01-01 00:00:00
4536,536,0.00,2024-01-01 00:00:00
4537,537,0.00,2024-01-01 00:00:00
4538,538,0.00,2024-01-01 00:00:00
4539,539,0.00,2024-01-01 00:00:00
4540,540,0.00,2024-01-01 00:00:00
4541,541,0.00,2024-01-01 00:00:00
4542,542,0.00,2024-01-01 00:00:00
4543,543,0.00,2024-01-01 00:00:00
4544,544,0.00,2024-01-01 00:00:00
4545,545,0.00,2024-01-01 00:00:00
4546,546,0.00,2024-01-01 00:00:00
4547,547,0.00,2024-01-01 00:00:00
4548,548,0.00,2024-01-01 00:00:00
4549,549,0.00,2024-01-01 00:00:00
4550,550,0.00,2024-01-01 00:00:00
4551,551,0.00,2024-01-01 00:00:00
4552,552,0.00,2024-01-01 00:00:00
4553,553,0.00,2024-01-01 00:00:00
4554,554,0.00,2024-01-01 00:00:00
4555,555,0.00,2024-01-01 00:00:00
4556,556,0.00,2024-01-01 00:00:00
4557,557,0.00,2024-01-01 00:00:00
4558,558,0.00,2024-01-01 00:00:00
4559,559,0.00,2024-01-01 00:00:00
4560,560,0.00,2024-01-01 00:00:00
4561,561,0.00,2024-01-01 00:00:00
4562,562,0.00,2024-01-01 00:00:00
4563,563,0.00,2024-01-01 00:00:00
4564,564,0.00,2024-01-01 00:00:00
4565,565,0.00,2024-01-01 00:00:00
4566,566,0.00,2024-01-01 00:00:00
4567,567,0.00,2024-01-01 00:00:00
4568,568,0.00,2024-01-01 00:00:00
4569,569,0.00,2024-01-01 00:00:00
4570,570,0.00,2024-01-01 00:00:00
4571,571,0.00,2024-01-01 00:00:00
4572,572,0.00,2024-01-01 00:00:00
4573,573,0.00,2024-01-01 00:00:00
4574,574,0.00,2024-01-01 00:00:00
4575,575,0.00,2024-01-01 00:00:00
4576,576,0.00,2024-01-01 00:00:00
4577,577,0.00,2024-01-01 00:00:00
4578,578,0.00,2024-01-01 00:00:00
4579,579,0.00,2024-01-01 00:00:00
4580,580,0.00,2024-01-01 00:00:00
4581,581,0.00,2024-01-01 00:00:00
4582,582,0.00,2024-01-01 00:00:00
4583,583,0.00,2024-01-01 00:00:00
4584,584,0.00,2024-01-01 00:00:00
4585,585,0.00,2024-01-01 00:00:00
4586,586,0.00,2024-01-01 00:00:00
4587,587,0.00,2024-01-01 00:00:00
4588,588,0.00,2024-01-01 00:00:00
4589,589,0.00,2024-01-01 00:00:00
4590,590,0.00,2024-01-01 00:00:00
4591,591,0.00,2024-01-01 00:00:00
4592,592,0.00,2024-01-01 00:00:00
4593,593,0.00,2024-01-01 00:00:00
4594,594,0.00,2024-01-01 00:00:00
4595,595,0.00,2024-01-01 00:00:00
4596,596,0.00,2024-01-01 00:00:00
4597,597,0.00,2024-01-01 00:00:00
4598,598,0.00,2024-01-01 00:00:00
4599,599,0.00,2024-01-01 00:00:00
4600,600,0.00,2024-01-01 00:00:00
4601,601,0.00,2024-01-01 00:00:00
4602,602,0.00,2024-01-01 00:00:00
4603,603,0.00,2024-01-01 00:00:00
4604,604,0.00,2024-01-01 00:00:00
4605,605,0.00,2024-01-01 00:00:00
4606,606,0.00,2024-01-01 00:00:00
4607,607,0.00,2024-01-01 00:00:00
4608,608,0.00,2024-01-01 00:00:00
4609,609,0.00,2024-01-01 00:00:00
4610,610,0.00,2024-01-01 00:00:00
4611,611,0.00,2024-01-01 00:00:00
4612,612,0.00,2024-01-01 00:00:00
4613,613,0.00,2024-01-01 00:00:00
4614,614,0.00,2024-01-01 00:00:00
4615,615,0.00,2024-01-01 00:00:00
4616,616,0.00,2024-01-01 00:00:00
4617,617,0.00,2024-01-01 00:00:00
4618,618,0.00,2024-01-01 00:00:00
4619,619,0.00,2024-01-01 00:00:00
4620,620,0.00,2024-01-01 00:00:00
4621,621,0.00,2024-01-01 00:00:00
4622,622,0.00,2024-01-01 00:00:00
4623,623,0.00,2024-01-01 00:00:00
4624,624,0.00,2024-01-01 00:00:00
4625,625,0.00,2024-01-01 00:00:00
4626,626,0.00,2024-01-01 00:00:00
4627,627,0.00,2024-01-01 00:00:00
4628,628,0.00,2024-01-01 00:00:00
4629,629,0.00,2024-01-01 00:00:00
4630,630,0.00,2024-01-01 00:00:00
4631,631,0.00,2024-01-01 00:00:00
4632,632,0.00,2024-01-01 00:00:00
4633,633,0.00,2024-01-01 00:00:00
4634,634,0.00,2024-01-01 00:00:00
4635,635,0.00,2024-01-01 00:00:00
4636,636,0.00,2024-01-01 00:00:00
4637,637,0.00,2024-01-01 00:00:00
4638,638,0.00,2024-01-01 00:00:00
4639,639,0.00,2024-01-01 00:00:00
4640,640,0.00,2024-01-01 00:00:00
4641,641,0.00,2024-01-01 00:00:00
4642,642,0.00,2024-01-01 00:00:00
4643,643,0.00,2024-01-01 00:00:00
4644,644,0.00,2024-01-01 00:00:00
4645,645,0.00,2024-01-01 00:00:00
4646,646,0.00,2024-01-01 00:00:00
4647,647,0.00,2024-01-01 00:00:00
4648,648,0.00,2024-01-01 00:00:00
4649,649,0.00,2024-01-01 00:00:00
4650,650,0.00,2024-01-01 00:00:00
4651,651,0.00,2024-01-01 00:00:00
4652,652,0.00,2024-01-01 00:00:00
4653,653,0.00,2024-01-01 00:00:00
4654,654,0.00,2024-01-01 00:00:00
4655,655,0.00,2024-01-01 00:00:00
4656,656,0.00,2024-01-01 00:00:00
4657,657,0.00,2024-01-01 00:00:00
4658,658,0.00,2024-01-01 00:00:00
4659,659,0.00,2024-01-01 00:00:00
4660,660,0.00,2024-01-01 00:00:00
4661,661,0.00,2024-01-01 00:00:00
4662,662,0.00,2024-01-01 00:00:00
4663,663,0.00,2024-01-01 00:00:00
4664,664,0.00,2024-01-01 00:00:00
4665,665,0.00,2024-01-01 00:00:00
4666,666,0.00,2024-01-01 00:00:00
4667,667,0.00,2024-01-01 00:00:00
4668,668,0.00,2024-01-01 00:00:00
4669,669,0.00,2024-01-01 00:00:00
4670,670,0.00,2024-01-01 00:00:00
4671,671,0.00,2024-01-01 00:00:00
4672,672,0.00,2024-01-01 00:00:00
4673,673,0.00,2024-01-01 00:00:00
4674,674,0.00,2024-01-01 00:00:00
4675,675,0.00,2024-01-01 00:00:00
4676,676,0.00,2024-01-01 00:00:00
4677,677,0.00,2024-01-01 00:00:00
4678,678,0.00,2024-01-01 00:00:00
4679,679,0.00,2024-01-01 00:00:00
4680,680,0.00,2024-01-01 00:00:00
4681,681,0.00,2024-01-01 00:00:00
4682,682,0.00,2024-01-01 00:00:00
4683,683,0.00,2024-01-01 00:00:00
4684,684,0.00,2024-01-01 00:00:00
4685,685,0.00,2024-01-01 00:00:00
4686,686,0.00,2024-01-01 00:00:00
4687,687,0.00,2024-01-01 00:00:00
4688,688,0.00,2024-01-01 00:00:00
4689,689,0.00,2024-01-01 00:00:00
4690,690,0.00,2024-01-01 00:00:00
4691,691,0.00,2024-01-01 00:00:00
4692,692,0.00,2024-01-01 00:00:00
4693,693,0.00,2024-01-01 00:00:00
4694,694,0.00,2024-01-01 00:00:00
4695,695,0.00,2024-01-01 00:00:00
4696,696,0.00,2024-01-01 00:00:00
4697,697,0.00,2024-01-01 00:00:00
4698,698,0.00,2024-01-01 00:00:00
4699,699,0.00,2024-01-01 00:00:00
4700,700,0.00,2024-01-01 00:00:00
4701,701,0.00,2024-01-01 00:00:00
4702,702,0.00,2024-01-01 00:00:00
4703,703,0.00,2024-01-01 00:00:00
4704,704,0.00,2024-01-01 00:00:00
4705,705,0.00,2024-01-01 00:00:00
4706,706,0.00,2024-01-01 00:00:00
4707,707,0.00,2024-01-01 00:00:00
4708,708,0.00,2024-01-01 00:00:00
4709,709,0.00,2024-01-01 00:00:00
4710,710,0.00,2024-01-01 00:00:00
4711,711,0.00,2024-01-01 00:00:00
4712,712,0.00,2024-01-01 00:00:00
4713,713,0.00,2024-01-01 00:00:00
4714,714,0.00,2024-01-01 00:00:00
4715,715,0.00,2024-01-01 00:00:00
4716,716,0.00,2024-01-01 00:00:00
4717,717,0.00,2024-01-01 00:00:00
4718,718,0.00,2024-01-01 00:00:00
4719,719,0.00,2024-01-01 00:00:00
4720,720,0.00,2024-01-01 00:00:00
4721,721,0.00,2024-01-01 00:00:00
4722,722,0.00,2024-01-01 00:00:00
4723,723,0.00,2024-01-01 00:00:00
4724,724,0.00,2024-01-01 00:00:00
4725,725,0.00,2024-01-01 00:00:00
4726,726,0.00,2024-01-01 00:00:00
4727,727,0.00,2024-01-01 00:00:00
4728,728,0.00,2024-01-01 00:00:00
4729,729,0.00,2024-01-01 00:00:00
4730,730,0.00,2024-01-01 00:00:00
4731,731,0.00,2024-01-01 00:00:00
4732,732,0.00,2024-01-01 00:00:00
4733,733,0.00,2024-01-01 00:00:00
4734,734,0.00,2024-01-01 00:00:00
4735,735,0.00,2024-01-01 00:00:00
4736,736,0.00,2024-01-01 00:00:00
4737,737,0.00,2024-01-01 00:00:00
4738,738,0.00,2024-01-01 00:00:00
4739,739,0.00,2024-01-01 00:00:00
4740,740,0.00,2024-01-01 00:00:00
4741,741,0.00,2024-01-01 00:00:00
4742,742,0.00,2024-01-01 00:00:00
4743,743,0.00,2024-01-01 00:00:00
4744,744,0.00,2024-01-01 00:00:00
4745,745,0.00,2024-01-01 00:00:00
4746,746,0.00,2024-01-01 00:00:00
4747,747,0.00,2024-01-01 00:00:00
4748,748,0.00,2024-01-01 00:00:00
4749,749,0.00,2024-01-01 00:00:00
4750,750,0.00,2024-01-01 00:00:00
4751,751,0.00,2024-01-01 00:00:00
4752,752,0.00,2024-01-01 00:00:00
4753,753,0.00,2024-01-01 00:00:00
4754,754,0.00,2024-01-01 00:00:00
4755,755,0.00,2024-01-01 00:00:00
4756,756,0.00,2024-01-01 00:00:00
4757,757,0.00,2024-01-01 00:00:00
4758,758,0.00,2024-01-01 00:00:00
4759,759,0.00,2024-01-01 00:00:00
4760,760,0.00,2024-01-01 00:00:00
4761,761,0.00,2024-01-01 00:00:00
4762,762,0.00,2024-01-01 00:00:00
4763,763,0.00,2024-01-01 00:00:00
4764,764,0.00,2024-01-01 00:00:00
4765,765,0.00,2024-01-01 00:00:00
4766,766,0.00,2024-01-01 00:00:00
4767,767,0.00,2024-01-01 00:00:00
4768,768,0.00,2024-01-01 00:00:00
4769,769,0.00,2024-01-01 00:00:00
4770,770,0.00,2024-01-01 00:00:00
4771,771,0.00,2024-01-01 00:00:00
4772,772,0.00,2024-01-01 00:00:00
4773,773,0.00,2024-01-01 00:00:00
4774,774,0.00,2024-01-01 00:00:00
4775,775,0.00,2024-01-01 00:00:00
4776,776,0.00,2024-01-01 00:00:00
4777,777,0.00,2024-01-01 00:00:00
4778,778,0.00,2024-01-01 00:00:00
4779,779,0.00,2024-01-01 00:00:00
4780,780,0.00,2024-01-01 00:00:00
4781,781,0.00,2024-01-01 00:00:00
4782,782,0.00,2024-01-01 00:00:00
4783,783,0.00,2024-01-01 00:00:00
4784,784,0.00,2024-01-01 00:00:00
4785,785,0.00,2024-01-01 00:00:00
4786,786,0.00,2024-01-01 00:00:00
4787,787,0.00,2024-01-01 00:00:00
4788,788,0.00,2024-01-01 00:00:00
4789,789,0.00,2024-01-01 00:00:00
4790,790,0.00,2024-01-01 00:00:00
4791,791,0.00,2024-01-01 00:00:00
4792,792,0.00,2024-01-01 00:00:00
4793,793,0.00,2024-01-01 00:00:00
4794,794,0.00,2024-01-01 00:00:00
4795,795,0.00,2024-01-01 00:00:00
4796,796,0.00,2024-01-01 00:00:00
4797,797,0.00,2024-01-01 00:00:00
4798,798,0.00,2024-01-01 00:00:00
4799,799,0.00,2024-01-01 00:00:00
4800,800,0.00,2024-01-01 00:00:00
4801,801,0.00,2024-01-01 00:00:00
4802,802,0.00,2024-01-01 00:00:00
4803,803,0.00,2024-01-01 00:00:00
4804,804,0.00,2024-01-01 00:00:00
4805,805,0.00,2024-01-01 00:00:00
4806,806,0.00,2024-01-01 00:00:00
4807,807,0.00,2024-01-01 00:00:00
4808,808,0.00,2024-01-01 00:00:00
4809,809,0.00,2024-01-01 00:00:00
4810,810,0.00,2024-01-01 00:00:00
4811,811,0.00,2024-01-01 00:00:00
4812,812,0.00,2024-01-01 00:00:00
4813,813,0.00,2024-01-01 00:00:00
4814,814,0.00,2024-01-01 00:00:00
4815,815,0.00,2024-01-01 00:00:00
4816,816,0.00,2024-01-01 00:00:00
4817,817,0.00,2024-01-01 00:00:00
4818,818,0.00,2024-01-01 00:00:00
4819,819,0.00,2024-01-01 00:00:00
4820,820,0.00,2024-01-01 00:00:00
4821,821,0.00,2024-01-01 00:00:00
4822,822,0.00,2024-01-01 00:00:00
4823,823,0.00,2024-01-01 00:00:00
4824,824,0.00,2024-01-01 00:00:00
4825,825,0.00,2024-01-01 00:00:00
4826,826,0.00,2024-01-01 00:00:00
4827,827,0.00,2024-01-01 00:00:00
4828,828,0.00,2024-01-01 00:00:00
4829,829,0.00,2024-01-01 00:00:00
4830,830,0.00,2024-01-01 00:00:00
4831,831,0.00,2024-01-01 00:00:00
4832,832,0.00,2024-01-01 00:00:00
4833,833,0.00,2024-01-01 00:00:00
4834,834,0.00,2024-01-01 00:00:00
4835,835,0.00,2024-01-01 00:00:00
4836,836,0.00,2024-01-01 00:00:00
4837,837,0.00,2024-01-01 00:00:00
4838,838,0.00,2024-01-01 00:00:00
4839,839,0.00,2024-01-01 00:00:00
4840,840,0.00,2024-01-01 00:00:00
4841,841,0.00,2024-01-01 00:00:00
4842,842,0.00,2024-01-01 00:00:00
4843,843,0.00,2024-01-01 00:00:00
4844,844,0.00,2024-01-01 00:00:00
4845,845,0.00,2024-01-01 00:00:00
4846,846,0.00,2024-01-01 00:00:00
4847,847,0.00,2024-01-01 00:00:00
4848,848,0.00,2024-01-01 00:00:00
4849,849,0.00,2024-01-01 00:00:00
4850,850,0.00,2024-01-01 00:00:00
4851,851,0.00,2024-01-01 00:00:00
4852,852,0.00,2024-01-01 00:00:00
4853,853,0.00,2024-01-01 00:00:00
4854,854,0.00,2024-01-01 00:00:00
4855,855,0.00,2024-01-01 00:00:00
4856,856,0.00,2024-01-01 00:00:00
4857,857,0.00,2024-01-01 00:00:00
4858,858,0.00,2024-01-01 00:00:00
4859,859,0.00,2024-01-01 00:00:00
4860,860,0.00,2024-01-01 00:00:00
4861,861,0.00,2024-01-01 00:00:00
4862,862,0.00,2024-01-01 00:00:00
4863,863,0.00,2024-01-01 00:00:00
4864,864,0.00,2024-01-01 00:00:00
4865,865,0.00,2024-01-01 00:00:00
4866,866,0.00,2024-01-01 00:00:00
4867,867,0.00,2024-01-01 00:00:00
4868,868,0.00,2024-01-01 00:00:00
4869,869,0.00,2024-01-01 00:00:00
4870,870,0.00,2024-01-01 00:00:00
4871,871,0.00,2024-01-01 00:00:00
4872,872,0.00,2024-01-01 00:00:00
4873,873,0.00,2024-01-01 00:00:00
4874,874,0.00,2024-01-01 00:00:00
4875,875,0.00,2024-01-01 00:00:00
4876,876,0.00,2024-01-01 00:00:00
4877,877,0.00,2024-01-01 00:00:00
4878,878,0.00,2024-01-01 00:00:00
4879,879,0.00,2024-01-01 00:00:00
4880,880,0.00,2024-01-01 00:00:00
4881,881,0.00,2024-01-01 00:00:00
4882,882,0.00,2024-01-01 00:00:00
4883,883,0.00,2024-01-01 00:00:00
4884,884,0.00,2024-01-01 00:00:00
4885,885,0.00,2024-01-01 00:00:00
4886,886,0.00,2024-01-01 00:00:00
4887,887,0.00,2024-01-01 00:00:00
4888,888,0.00,2024-01-01 00:00:00
4889,889,0.00,2024-01-01 00:00:00
4890,890,0.00,2024-01-01 00:00:00
4891,891,0.00,2024-01-01 00:00:00
4892,892,0.00,2024-01-01 00:00:00
4893,893,0.00,2024-01-01 00:00:00
4894,894,0.00,2024-01-01 00:00:00
4895,895,0.00,2024-01-01 00:00:00
4896,896,0.00,2024-01-01 00:00:00
4897,897,0.00,2024-01-01 00:00:00
4898,898,0.00,2024-01-01 00:00:00
4899,899,0.00,2024-01-01 00:00:00
4900,900,0.00,2024-01-01 00:00:00
4901,901,0.00,2024-01-01 00:00:00
4902,902,0.00,2024-01-01 00:00:00
4903,903,0.00,2024-01-01 00:00:00
4904,904,0.00,2024-01-01 00:00:00
4905,905,0.00,2024-01-01 00:00:00
4906,906,0.00,2024-01-01 00:00:00
4907,907,0.00,2024-01-01 00:00:00
4908,908,0.00,2024-01-01 00:00:00
4909,909,0.00,2024-01-01 00:00:00
4910,910,0.00,2024-01-01 00:00:00
4911,911,0.00,2024-01-01 00:00:00
4912,912,0.00,2024-01-01 00:00:00
4913,913,0.00,2024-01-01 00:00:00
4914,914,0.00,2024-01-01 00:00:00
4915,915,0.00,2024-01-01 00:00:00
4916,916,0.00,2024-01-01 00:00:00
4917,917,0.00,2024-01-01 00:00:00
4918,918,0.00,2024-01-01 00:00:00
4919,919,0.00,2024-01-01 00:00:00
4920,920,0.00,2024-01-01 00:00:00
4921,921,0.00,2024-01-01 00:00:00
4922,922,0.00,2024-01-01 00:00:00
4923,923,0.00,2024-01-01 00:00:00
4924,924,0.00,2024-01-01 00:00:00
4925,925,0.00,2024-01-01 00:00:00
4926,926,0.00,2024-01-01 00:00:00
4927,927,0.00,2024-01-01 00:00:00
4928,928,0.00,2024-01-01 00:00:00
4929,929,0.00,2024-01-01 00:00:00
4930,930,0.00,2024-01-01 00:00:00
4931,931,0.00,2024-01-01 00:00:00
4932,932,0.00,2024-01-01 00:00:00
4933,933,0.00,2024-01-01 00:00:00
4934,934,0.00,2024-01-01 00:00:00
4935,935,0.00,2024-01-01 00:00:00
4936,936,0.00,2024-01-01 00:00:00
4937,937,0.00,2024-01-01 00:00:00
4938,938,0.00,2024-01-01 00:00:00
4939,939,0.00,2024-01-01 00:00:00
4940,940,0.00,2024-01-01 00:00:00
4941,941,0.00,2024-01-01 00:00:00
4942,942,0.00,2024-01-01 00:00:00
4943,943,0.00,2024-01-01 00:00:00
4944,944,0.00,2024-01-01 00:00:00
4945,945,0.00,2024-01-01 00:00:00
4946,946,0.00,2024-01-01 00:00:00
4947,947,0.00,2024-01-01 00:00:00
4948,948,0.00,2024-01-01 00:00:00
4949,949,0.00,2024-01-01 00:00:00
4950,950,0.00,2024-01-01 00:00:00
4951,951,0.00,2024-01-01 00:00:00
4952,952,0.00,2024-01-01 00:00:00
4953,953,0.00,2024-01-01 00:00:00
4954,954,0.00,2024-01-01 00:00:00
4955,955,0.00,2024-01-01 00:00:00
4956,956,0.00,2024-01-01 00:00:00
4957,957,0.00,2024-01-01 00:00:00
4958,958,0.00,2024-01-01 00:00:00
4959,959,0.00,2024-01-01 00:00:00
4960,960,0.00,2024-01-01 00:00:00
4961,961,0.00,2024-01-01 00:00:00
4962,962,0.00,2024-01-01 00:00:00
4963,963,0.00,2024-01-01 00:00:00
4964,964,0.00,2024-01-01 00:00:00
4965,965,0.00,2024-01-01 00:00:00
4966,966,0.00,2024-01-01 00:00:00
4967,967,0.00,2024-01-01 00:00:00
4968,968,0.00,2024-01-01 00:00:00
4969,969,0.00,2024-01-01 00:00:00
4970,970,0.00,2024-01-01 00:00:00
4971,971,0.00,2024-01-01 00:00:00
4972,972,0.00,2024-01-01 00:00:00
4973,973,0.00,2024-01-01 00:00:00
4974,974,0.00,2024-01-01 00:00:00
4975,975,0.00,2024-01-01 00:00:00
4976,976,0.00,2024-01-01 00:00:00
4977,977,0.00,2024-01-01 00:00:00
4978,978,0.00,2024-01-01 00:00:00
4979,979,0.00,2024-01-01 00:00:00
4980,980,0.00,2024-01-01 00:00:00
4981,981,0.00,2024-01-01 00:00:00
4982,982,0.00,2024-01-01 00:00:00
4983,983,0.00,2024-01-01 00:00:00
4984,984,0.00,2024-01-01 00:00:00
4985,985,0.00,2024-01-01 00:00:00
4986,986,0.00,2024-01-01 00:00:00
4987,987,0.00,2024-01-01 00:00:00
4988,988,0.00,2024-01-01 00:00:00
4989,989,0.00,2024-01-01 00:00:00
4990,990,0.00,2024-01-01 00:00:00
4991,991,0.00,2024-01-01 00:00:00
4992,992,0.00,2024-01-01 00:00:00
4993,993,0.00,2024-01-01 00:00:00
4994,994,0.00,2024-01-01 00:00:00
4995,995,0.00,2024-01-01 00:00:00
4996,996,0.00,2024-01-01 00:00:00
4997,997,0.00,2024-01-01 00:00:00
4998,998,0.00,2024-01-01 00:00:00
4999,999,0.00,2024-01-01 00:00:00
5000,1000,0.00,2024-01-01 00:00:00
