id,order_id,product_id,quantity,price
1,1,1,2,9.99
2,2,2,3,10.99
3,3,3,4,11.99
4,4,4,5,12.99
5,5,5,1,13.99
6,6,6,2,14.99
7,7,7,3,15.99
8,8,8,4,16.99
9,9,9,5,17.99
10,10,10,1,18.99
11,11,11,2,19.99
12,12,12,3,20.99
13,13,13,4,21.99
14,14,14,5,22.99
15,15,15,1,23.99
16,16,16,2,24.99
17,17,17,3,25.99
18,18,18,4,26.99
19,19,19,5,27.99
20,20,20,1,28.99
21,21,21,2,29.99
22,22,22,3,30.99
23,23,23,4,31.99
24,24,24,5,32.99
25,25,25,1,33.99
26,26,26,2,34.99
27,27,27,3,35.99
28,28,28,4,36.99
29,29,29,5,37.99
30,30,30,1,38.99
31,31,31,2,39.99
32,32,32,3,40.99
33,33,33,4,41.99
34,34,34,5,42.99
35,35,35,1,43.99
36,36,36,2,44.99
37,37,37,3,45.99
38,38,38,4,46.99
39,39,39,5,47.99
40,40,40,1,48.99
41,41,41,2,49.99
42,42,42,3,50.99
43,43,43,4,51.99
44,44,44,5,52.99
45,45,45,1,53.99
46,46,46,2,54.99
47,47,47,3,55.99
48,48,48,4,56.99
49,49,49,5,57.99
50,50,50,1,58.99
51,51,51,2,59.99
52,52,52,3,60.99
53,53,53,4,61.99
54,54,54,5,62.99
55,55,55,1,63.99
56,56,56,2,64.99
57,57,57,3,65.99
58,58,58,4,66.99
59,59,59,5,67.99
60,60,60,1,68.99
61,61,61,2,69.99
62,62,62,3,70.99
63,63,63,4,71.99
64,64,64,5,72.99
65,65,65,1,73.99
66,66,66,2,74.99
67,67,67,3,75.99
68,68,68,4,76.99
69,69,69,5,77.99
70,70,70,1,78.99
71,71,71,2,79.99
72,72,72,3,80.99
73,73,73,4,81.99
74,74,74,5,82.99
75,75,75,1,83.99
76,76,76,2,84.99
77,77,77,3,85.99
78,78,78,4,86.99
79,79,79,5,87.99
80,80,80,1,88.99
81,81,81,2,89.99
82,82,82,3,90.99
83,83,83,4,91.99
84,84,84,5,92.99
85,85,85,1,93.99
86,86,86,2,94.99
87,87,87,3,95.99
88,88,88,4,96.99
89,89,89,5,97.99
90,90,90,1,98.99
91,91,91,2,9.99
92,92,92,3,10.99
93,93,93,4,11.99
94,94,94,5,12.99
95,95,95,1,13.99
96,96,96,2,14.99
97,97,97,3,15.99
98,98,98,4,16.99
99,99,99,5,17.99
100,100,100,1,18.99
101,101,101,2,19.99
102,102,102,3,20.99
103,103,103,4,21.99
104,104,104,5,22.99
105,105,105,1,23.99
106,106,106,2,24.99
107,107,107,3,25.99
108,108,108,4,26.99
109,109,109,5,27.99
110,110,110,1,28.99
111,111,111,2,29.99
112,112,112,3,30.99
113,113,113,4,31.99
114,114,114,5,32.99
115,115,115,1,33.99
116,116,116,2,34.99
117,117,117,3,35.99
118,118,118,4,36.99
119,119,119,5,37.99
120,120,120,1,38.99
121,121,121,2,39.99
122,122,122,3,40.99
123,123,123,4,41.99
124,124,124,5,42.99
125,125,125,1,43.99
126,126,126,2,44.99
127,127,127,3,45.99
128,128,128,4,46.99
129,129,129,5,47.99
130,130,130,1,48.99
131,131,131,2,49.99
132,132,132,3,50.99
133,133,133,4,51.99
134,134,134,5,52.99
135,135,135,1,53.99
136,136,136,2,54.99
137,137,137,3,55.99
138,138,138,4,56.99
139,139,139,5,57.99
140,140,140,1,58.99
141,141,141,2,59.99
142,142,142,3,60.99
143,143,143,4,61.99
144,144,144,5,62.99
145,145,145,1,63.99
146,146,146,2,64.99
147,147,147,3,65.99
148,148,148,4,66.99
149,149,149,5,67.99
150,150,150,1,68.99
151,151,151,2,69.99
152,152,152,3,70.99
153,153,153,4,71.99
154,154,154,5,72.99
155,155,155,1,73.99
156,156,156,2,74.99
157,157,157,3,75.99
158,158,158,4,76.99
159,159,159,5,77.99
160,160,160,1,78.99
161,161,161,2,79.99
162,162,162,3,80.99
163,163,163,4,81.99
164,164,164,5,82.99
165,165,165,1,83.99
166,166,166,2,84.99
167,167,167,3,85.99
168,168,168,4,86.99
169,169,169,5,87.99
170,170,170,1,88.99
171,171,171,2,89.99
172,172,172,3,90.99
173,173,173,4,91.99
174,174,174,5,92.99
175,175,175,1,93.99
176,176,176,2,94.99
177,177,177,3,95.99
178,178,178,4,96.99
179,179,179,5,97.99
180,180,180,1,98.99
181,181,181,2,9.99
182,182,182,3,10.99
183,183,183,4,11.99
184,184,184,5,12.99
185,185,185,1,13.99
186,186,186,2,14.99
187,187,187,3,15.99
188,188,188,4,16.99
189,189,189,5,17.99
190,190,190,1,18.99
191,191,191,2,19.99
192,192,192,3,20.99
193,193,193,4,21.99
194,194,194,5,22.99
195,195,195,1,23.99
196,196,196,2,24.99
197,197,197,3,25.99
198,198,198,4,26.99
199,199,199,5,27.99
200,200,200,1,28.99
201,201,201,2,29.99
202,202,202,3,30.99
203,203,203,4,31.99
204,204,204,5,32.99
205,205,205,1,33.99
206,206,206,2,34.99
207,207,207,3,35.99
208,208,208,4,36.99
209,209,209,5,37.99
210,210,210,1,38.99
211,211,211,2,39.99
212,212,212,3,40.99
213,213,213,4,41.99
214,214,214,5,42.99
215,215,215,1,43.99
216,216,216,2,44.99
217,217,217,3,45.99
218,218,218,4,46.99
219,219,219,5,47.99
220,220,220,1,48.99
221,221,221,2,49.99
222,222,222,3,50.99
223,223,223,4,51.99
224,224,224,5,52.99
225,225,225,1,53.99
226,226,226,2,54.99
227,227,227,3,55.99
228,228,228,4,56.99
229,229,229,5,57.99
230,230,230,1,58.99
231,231,231,2,59.99
232,232,232,3,60.99
233,233,233,4,61.99
234,234,234,5,62.99
235,235,235,1,63.99
236,236,236,2,64.99
237,237,237,3,65.99
238,238,238,4,66.99
239,239,239,5,67.99
240,240,240,1,68.99
241,241,241,2,69.99
242,242,242,3,70.99
243,243,243,4,71.99
244,244,244,5,72.99
245,245,245,1,73.99
246,246,246,2,74.99
247,247,247,3,75.99
248,248,248,4,76.99
249,249,249,5,77.99
250,250,250,1,78.99
251,251,251,2,79.99
252,252,252,3,80.99
253,253,253,4,81.99
254,254,254,5,82.99
255,255,255,1,83.99
256,256,256,2,84.99
257,257,257,3,85.99
258,258,258,4,86.99
259,259,259,5,87.99
260,260,260,1,88.99
261,261,261,2,89.99
262,262,262,3,90.99
263,263,263,4,91.99
264,264,264,5,92.99
265,265,265,1,93.99
266,266,266,2,94.99
267,267,267,3,95.99
268,268,268,4,96.99
269,269,269,5,97.99
270,270,270,1,98.99
271,271,271,2,9.99
272,272,272,3,10.99
273,273,273,4,11.99
274,274,274,5,12.99
275,275,275,1,13.99
276,276,276,2,14.99
277,277,277,3,15.99
278,278,278,4,16.99
279,279,279,5,17.99
280,280,280,1,18.99
281,281,281,2,19.99
282,282,282,3,20.99
283,283,283,4,21.99
284,284,284,5,22.99
285,285,285,1,23.99
286,286,286,2,24.99
287,287,287,3,25.99
288,288,288,4,26.99
289,289,289,5,27.99
290,290,290,1,28.99
291,291,291,2,29.99
292,292,292,3,30.99
293,293,293,4,31.99
294,294,294,5,32.99
295,295,295,1,33.99
296,296,296,2,34.99
297,297,297,3,35.99
298,298,298,4,36.99
299,299,299,5,37.99
300,300,300,1,38.99
301,301,301,2,39.99
302,302,302,3,40.99
303,303,303,4,41.99
304,304,304,5,42.99
305,305,305,1,43.99
306,306,306,2,44.99
307,307,307,3,45.99
308,308,308,4,46.99
309,309,309,5,47.99
310,310,310,1,48.99
311,311,311,2,49.99
312,312,312,3,50.99
313,313,313,4,51.99
314,314,314,5,52.99
315,315,315,1,53.99
316,316,316,2,54.99
317,317,317,3,55.99
318,318,318,4,56.99
319,319,319,5,57.99
320,320,320,1,58.99
321,321,321,2,59.99
322,322,322,3,60.99
323,323,323,4,61.99
324,324,324,5,62.99
325,325,325,1,63.99
326,326,326,2,64.99
327,327,327,3,65.99
328,328,328,4,66.99
329,329,329,5,67.99
330,330,330,1,68.99
331,331,331,2,69.99
332,332,332,3,70.99
333,333,333,4,71.99
334,334,334,5,72.99
335,335,335,1,73.99
336,336,336,2,74.99
337,337,337,3,75.99
338,338,338,4,76.99
339,339,339,5,77.99
340,340,340,1,78.99
341,341,341,2,79.99
342,342,342,3,80.99
343,343,343,4,81.99
344,344,344,5,82.99
345,345,345,1,83.99
346,346,346,2,84.99
347,347,347,3,85.99
348,348,348,4,86.99
349,349,349,5,87.99
350,350,350,1,88.99
351,351,351,2,89.99
352,352,352,3,90.99
353,353,353,4,91.99
354,354,354,5,92.99
355,355,355,1,93.99
356,356,356,2,94.99
357,357,357,3,95.99
358,358,358,4,96.99
359,359,359,5,97.99
360,360,360,1,98.99
361,361,361,2,9.99
362,362,362,3,10.99
363,363,363,4,11.99
364,364,364,5,12.99
365,365,365,1,13.99
366,366,366,2,14.99
367,367,367,3,15.99
368,368,368,4,16.99
369,369,369,5,17.99
370,370,370,1,18.99
371,371,371,2,19.99
372,372,372,3,20.99
373,373,373,4,21.99
374,374,374,5,22.99
375,375,375,1,23.99
376,376,376,2,24.99
377,377,377,3,25.99
378,378,378,4,26.99
379,379,379,5,27.99
380,380,380,1,28.99
381,381,381,2,29.99
382,382,382,3,30.99
383,383,383,4,31.99
384,384,384,5,32.99
385,385,385,1,33.99
386,386,386,2,34.99
387,387,387,3,35.99
388,388,388,4,36.99
389,389,389,5,37.99
390,390,390,1,38.99
391,391,391,2,39.99
392,392,392,3,40.99
393,393,393,4,41.99
394,394,394,5,42.99
395,395,395,1,43.99
396,396,396,2,44.99
397,397,397,3,45.99
398,398,398,4,46.99
399,399,399,5,47.99
400,400,400,1,48.99
401,401,401,2,49.99
402,402,402,3,50.99
403,403,403,4,51.99
404,404,404,5,52.99
405,405,405,1,53.99
406,406,406,2,54.99
407,407,407,3,55.99
408,408,408,4,56.99
409,409,409,5,57.99
410,410,410,1,58.99
411,411,411,2,59.99
412,412,412,3,60.99
413,413,413,4,61.99
414,414,414,5,62.99
415,415,415,1,63.99
416,416,416,2,64.99
417,417,417,3,65.99
418,418,418,4,66.99
419,419,419,5,67.99
420,420,420,1,68.99
421,421,421,2,69.99
422,422,422,3,70.99
423,423,423,4,71.99
424,424,424,5,72.99
425,425,425,1,73.99
426,426,426,2,74.99
427,427,427,3,75.99
428,428,428,4,76.99
429,429,429,5,77.99
430,430,430,1,78.99
431,431,431,2,79.99
432,432,432,3,80.99
433,433,433,4,81.99
434,434,434,5,82.99
435,435,435,1,83.99
436,436,436,2,84.99
437,437,437,3,85.99
438,438,438,4,86.99
439,439,439,5,87.99
440,440,440,1,88.99
441,441,441,2,89.99
442,442,442,3,90.99
443,443,443,4,91.99
444,444,444,5,92.99
445,445,445,1,93.99
446,446,446,2,94.99
447,447,447,3,95.99
448,448,448,4,96.99
449,449,449,5,97.99
450,450,450,1,98.99
451,451,451,2,9.99
452,452,452,3,10.99
453,453,453,4,11.99
454,454,454,5,12.99
455,455,455,1,13.99
456,456,456,2,14.99
457,457,457,3,15.99
458,458,458,4,16.99
459,459,459,5,17.99
460,460,460,1,18.99
461,461,461,2,19.99
462,462,462,3,20.99
463,463,463,4,21.99
464,464,464,5,22.99
465,465,465,1,23.99
466,466,466,2,24.99
467,467,467,3,25.99
468,468,468,4,26.99
469,469,469,5,27.99
470,470,470,1,28.99
471,471,471,2,29.99
472,472,472,3,30.99
473,473,473,4,31.99
474,474,474,5,32.99
475,475,475,1,33.99
476,476,476,2,34.99
477,477,477,3,35.99
478,478,478,4,36.99
479,479,479,5,37.99
480,480,480,1,38.99
481,481,481,2,39.99
482,482,482,3,40.99
483,483,483,4,41.99
484,484,484,5,42.99
485,485,485,1,43.99
486,486,486,2,44.99
487,487,487,3,45.99
488,488,488,4,46.99
489,489,489,5,47.99
490,490,490,1,48.99
491,491,491,2,49.99
492,492,492,3,50.99
493,493,493,4,51.99
494,494,494,5,52.99
495,495,495,1,53.99
496,496,496,2,54.99
497,497,497,3,55.99
498,498,498,4,56.99
499,499,499,5,57.99
500,500,500,1,58.99
501,501,1,2,59.99
502,502,2,3,60.99
503,503,3,4,61.99
504,504,4,5,62.99
505,505,5,1,63.99
506,506,6,2,64.99
507,507,7,3,65.99
508,508,8,4,66.99
509,509,9,5,67.99
510,510,10,1,68.99
511,511,11,2,69.99
512,512,12,3,70.99
513,513,13,4,71.99
514,514,14,5,72.99
515,515,15,1,73.99
516,516,16,2,74.99
517,517,17,3,75.99
518,518,18,4,76.99
519,519,19,5,77.99
520,520,20,1,78.99
521,521,21,2,79.99
522,522,22,3,80.99
523,523,23,4,81.99
524,524,24,5,82.99
525,525,25,1,83.99
526,526,26,2,84.99
527,527,27,3,85.99
528,528,28,4,86.99
529,529,29,5,87.99
530,530,30,1,88.99
531,531,31,2,89.99
532,532,32,3,90.99
533,533,33,4,91.99
534,534,34,5,92.99
535,535,35,1,93.99
536,536,36,2,94.99
537,537,37,3,95.99
538,538,38,4,96.99
539,539,39,5,97.99
540,540,40,1,98.99
541,541,41,2,9.99
542,542,42,3,10.99
543,543,43,4,11.99
544,544,44,5,12.99
545,545,45,1,13.99
546,546,46,2,14.99
547,547,47,3,15.99
548,548,48,4,16.99
549,549,49,5,17.99
550,550,50,1,18.99
551,551,51,2,19.99
552,552,52,3,20.99
553,553,53,4,21.99
554,554,54,5,22.99
555,555,55,1,23.99
556,556,56,2,24.99
557,557,57,3,25.99
558,558,58,4,26.99
559,559,59,5,27.99
560,560,60,1,28.99
561,561,61,2,29.99
562,562,62,3,30.99
563,563,63,4,31.99
564,564,64,5,32.99
565,565,65,1,33.99
566,566,66,2,34.99
567,567,67,3,35.99
568,568,68,4,36.99
569,569,69,5,37.99
570,570,70,1,38.99
571,571,71,2,39.99
572,572,72,3,40.99
573,573,73,4,41.99
574,574,74,5,42.99
575,575,75,1,43.99
576,576,76,2,44.99
577,577,77,3,45.99
578,578,78,4,46.99
579,579,79,5,47.99
580,580,80,1,48.99
581,581,81,2,49.99
582,582,82,3,50.99
583,583,83,4,51.99
584,584,84,5,52.99
585,585,85,1,53.99
586,586,86,2,54.99
587,587,87,3,55.99
588,588,88,4,56.99
589,589,89,5,57.99
590,590,90,1,58.99
591,591,91,2,59.99
592,592,92,3,60.99
593,593,93,4,61.99
594,594,94,5,62.99
595,595,95,1,63.99
596,596,96,2,64.99
597,597,97,3,65.99
598,598,98,4,66.99
599,599,99,5,67.99
600,600,100,1,68.99
601,601,101,2,69.99
602,602,102,3,70.99
603,603,103,4,71.99
604,604,104,5,72.99
605,605,105,1,73.99
606,606,106,2,74.99
607,607,107,3,75.99
608,608,108,4,76.99
609,609,109,5,77.99
610,610,110,1,78.99
611,611,111,2,79.99
612,612,112,3,80.99
613,613,113,4,81.99
614,614,114,5,82.99
615,615,115,1,83.99
616,616,116,2,84.99
617,617,117,3,85.99
618,618,118,4,86.99
619,619,119,5,87.99
620,620,120,1,88.99
621,621,121,2,89.99
622,622,122,3,90.99
623,623,123,4,91.99
624,624,124,5,92.99
625,625,125,1,93.99
626,626,126,2,94.99
627,627,127,3,95.99
628,628,128,4,96.99
629,629,129,5,97.99
630,630,130,1,98.99
631,631,131,2,9.99
632,632,132,3,10.99
633,633,133,4,11.99
634,634,134,5,12.99
635,635,135,1,13.99
636,636,136,2,14.99
637,637,137,3,15.99
638,638,138,4,16.99
639,639,139,5,17.99
640,640,140,1,18.99
641,641,141,2,19.99
642,642,142,3,20.99
643,643,143,4,21.99
644,644,144,5,22.99
645,645,145,1,23.99
646,646,146,2,24.99
647,647,147,3,25.99
648,648,148,4,26.99
649,649,149,5,27.99
650,650,150,1,28.99
651,651,151,2,29.99
652,652,152,3,30.99
653,653,153,4,31.99
654,654,154,5,32.99
655,655,155,1,33.99
656,656,156,2,34.99
657,657,157,3,35.99
658,658,158,4,36.99
659,659,159,5,37.99
660,660,160,1,38.99
661,661,161,2,39.99
662,662,162,3,40.99
663,663,163,4,41.99
664,664,164,5,42.99
665,665,165,1,43.99
666,666,166,2,44.99
667,667,167,3,45.99
668,668,168,4,46.99
669,669,169,5,47.99
670,670,170,1,48.99
671,671,171,2,49.99
672,672,172,3,50.99
673,673,173,4,51.99
674,674,174,5,52.99
675,675,175,1,53.99
676,676,176,2,54.99
677,677,177,3,55.99
678,678,178,4,56.99
679,679,179,5,57.99
680,680,180,1,58.99
681,681,181,2,59.99
682,682,182,3,60.99
683,683,183,4,61.99
684,684,184,5,62.99
685,685,185,1,63.99
686,686,186,2,64.99
687,687,187,3,65.99
688,688,188,4,66.99
689,689,189,5,67.99
690,690,190,1,68.99
691,691,191,2,69.99
692,692,192,3,70.99
693,693,193,4,71.99
694,694,194,5,72.99
695,695,195,1,73.99
696,696,196,2,74.99
697,697,197,3,75.99
698,698,198,4,76.99
699,699,199,5,77.99
700,700,200,1,78.99
701,701,201,2,79.99
702,702,202,3,80.99
703,703,203,4,81.99
704,704,204,5,82.99
705,705,205,1,83.99
706,706,206,2,84.99
707,707,207,3,85.99
708,708,208,4,86.99
709,709,209,5,87.99
710,710,210,1,88.99
711,711,211,2,89.99
712,712,212,3,90.99
713,713,213,4,91.99
714,714,214,5,92.99
715,715,215,1,93.99
716,716,216,2,94.99
717,717,217,3,95.99
718,718,218,4,96.99
719,719,219,5,97.99
720,720,220,1,98.99
721,721,221,2,9.99
722,722,222,3,10.99
723,723,223,4,11.99
724,724,224,5,12.99
725,725,225,1,13.99
726,726,226,2,14.99
727,727,227,3,15.99
728,728,228,4,16.99
729,729,229,5,17.99
730,730,230,1,18.99
731,731,231,2,19.99
732,732,232,3,20.99
733,733,233,4,21.99
734,734,234,5,22.99
735,735,235,1,23.99
736,736,236,2,24.99
737,737,237,3,25.99
738,738,238,4,26.99
739,739,239,5,27.99
740,740,240,1,28.99
741,741,241,2,29.99
742,742,242,3,30.99
743,743,243,4,31.99
744,744,244,5,32.99
745,745,245,1,33.99
746,746,246,2,34.99
747,747,247,3,35.99
748,748,248,4,36.99
749,749,249,5,37.99
750,750,250,1,38.99
751,751,251,2,39.99
752,752,252,3,40.99
753,753,253,4,41.99
754,754,254,5,42.99
755,755,255,1,43.99
756,756,256,2,44.99
757,757,257,3,45.99
758,758,258,4,46.99
759,759,259,5,47.99
760,760,260,1,48.99
761,761,261,2,49.99
762,762,262,3,50.99
763,763,263,4,51.99
764,764,264,5,52.99
765,765,265,1,53.99
766,766,266,2,54.99
767,767,267,3,55.99
768,768,268,4,56.99
769,769,269,5,57.99
770,770,270,1,58.99
771,771,271,2,59.99
772,772,272,3,60.99
773,773,273,4,61.99
774,774,274,5,62.99
775,775,275,1,63.99
776,776,276,2,64.99
777,777,277,3,65.99
778,778,278,4,66.99
779,779,279,5,67.99
780,780,280,1,68.99
781,781,281,2,69.99
782,782,282,3,70.99
783,783,283,4,71.99
784,784,284,5,72.99
785,785,285,1,73.99
786,786,286,2,74.99
787,787,287,3,75.99
788,788,288,4,76.99
789,789,289,5,77.99
790,790,290,1,78.99
791,791,291,2,79.99
792,792,292,3,80.99
793,793,293,4,81.99
794,794,294,5,82.99
795,795,295,1,83.99
796,796,296,2,84.99
797,797,297,3,85.99
798,798,298,4,86.99
799,799,299,5,87.99
800,800,300,1,88.99
801,801,301,2,89.99
802,802,302,3,90.99
803,803,303,4,91.99
804,804,304,5,92.99
805,805,305,1,93.99
806,806,306,2,94.99
807,807,307,3,95.99
808,808,308,4,96.99
809,809,309,5,97.99
810,810,310,1,98.99
811,811,311,2,9.99
812,812,312,3,10.99
813,813,313,4,11.99
814,814,314,5,12.99
815,815,315,1,13.99
816,816,316,2,14.99
817,817,317,3,15.99
818,818,318,4,16.99
819,819,319,5,17.99
820,820,320,1,18.99
821,821,321,2,19.99
822,822,322,3,20.99
823,823,323,4,21.99
824,824,324,5,22.99
825,825,325,1,23.99
826,826,326,2,24.99
827,827,327,3,25.99
828,828,328,4,26.99
829,829,329,5,27.99
830,830,330,1,28.99
831,831,331,2,29.99
832,832,332,3,30.99
833,833,333,4,31.99
834,834,334,5,32.99
835,835,335,1,33.99
836,836,336,2,34.99
837,837,337,3,35.99
838,838,338,4,36.99
839,839,339,5,37.99
840,840,340,1,38.99
841,841,341,2,39.99
842,842,342,3,40.99
843,843,343,4,41.99
844,844,344,5,42.99
845,845,345,1,43.99
846,846,346,2,44.99
847,847,347,3,45.99
848,848,348,4,46.99
849,849,349,5,47.99
850,850,350,1,48.99
851,851,351,2,49.99
852,852,352,3,50.99
853,853,353,4,51.99
854,854,354,5,52.99
855,855,355,1,53.99
856,856,356,2,54.99
857,857,357,3,55.99
858,858,358,4,56.99
859,859,359,5,57.99
860,860,360,1,58.99
861,861,361,2,59.99
862,862,362,3,60.99
863,863,363,4,61.99
864,864,364,5,62.99
865,865,365,1,63.99
866,866,366,2,64.99
867,867,367,3,65.99
868,868,368,4,66.99
869,869,369,5,67.99
870,870,370,1,68.99
871,871,371,2,69.99
872,872,372,3,70.99
873,873,373,4,71.99
874,874,374,5,72.99
875,875,375,1,73.99
876,876,376,2,74.99
877,877,377,3,75.99
878,878,378,4,76.99
879,879,379,5,77.99
880,880,380,1,78.99
881,881,381,2,79.99
882,882,382,3,80.99
883,883,383,4,81.99
884,884,384,5,82.99
885,885,385,1,83.99
886,886,386,2,84.99
887,887,387,3,85.99
888,888,388,4,86.99
889,889,389,5,87.99
890,890,390,1,88.99
891,891,391,2,89.99
892,892,392,3,90.99
893,893,393,4,91.99
894,894,394,5,92.99
895,895,395,1,93.99
896,896,396,2,94.99
897,897,397,3,95.99
898,898,398,4,96.99
899,899,399,5,97.99
900,900,400,1,98.99
901,901,401,2,9.99
902,902,402,3,10.99
903,903,403,4,11.99
904,904,404,5,12.99
905,905,405,1,13.99
906,906,406,2,14.99
907,907,407,3,15.99
908,908,408,4,16.99
909,909,409,5,17.99
910,910,410,1,18.99
911,911,411,2,19.99
912,912,412,3,20.99
913,913,413,4,21.99
914,914,414,5,22.99
915,915,415,1,23.99
916,916,416,2,24.99
917,917,417,3,25.99
918,918,418,4,26.99
919,919,419,5,27.99
920,920,420,1,28.99
921,921,421,2,29.99
922,922,422,3,30.99
923,923,423,4,31.99
924,924,424,5,32.99
925,925,425,1,33.99
926,926,426,2,34.99
927,927,427,3,35.99
928,928,428,4,36.99
929,929,429,5,37.99
930,930,430,1,38.99
931,931,431,2,39.99
932,932,432,3,40.99
933,933,433,4,41.99
934,934,434,5,42.99
935,935,435,1,43.99
936,936,436,2,44.99
937,937,437,3,45.99
938,938,438,4,46.99
939,939,439,5,47.99
940,940,440,1,48.99
941,941,441,2,49.99
942,942,442,3,50.99
943,943,443,4,51.99
944,944,444,5,52.99
945,945,445,1,53.99
946,946,446,2,54.99
947,947,447,3,55.99
948,948,448,4,56.99
949,949,449,5,57.99
950,950,450,1,58.99
951,951,451,2,59.99
952,952,452,3,60.99
953,953,453,4,61.99
954,954,454,5,62.99
955,955,455,1,63.99
956,956,456,2,64.99
957,957,457,3,65.99
958,958,458,4,66.99
959,959,459,5,67.99
960,960,460,1,68.99
961,961,461,2,69.99
962,962,462,3,70.99
963,963,463,4,71.99
964,964,464,5,72.99
965,965,465,1,73.99
966,966,466,2,74.99
967,967,467,3,75.99
968,968,468,4,76.99
969,969,469,5,77.99
970,970,470,1,78.99
971,971,471,2,79.99
972,972,472,3,80.99
973,973,473,4,81.99
974,974,474,5,82.99
975,975,475,1,83.99
976,976,476,2,84.99
977,977,477,3,85.99
978,978,478,4,86.99
979,979,479,5,87.99
980,980,480,1,88.99
981,981,481,2,89.99
982,982,482,3,90.99
983,983,483,4,91.99
984,984,484,5,92.99
985,985,485,1,93.99
986,986,486,2,94.99
987,987,487,3,95.99
988,988,488,4,96.99
989,989,489,5,97.99
990,990,490,1,98.99
991,991,491,2,9.99
992,992,492,3,10.99
993,993,493,4,11.99
994,994,494,5,12.99
995,995,495,1,13.99
996,996,496,2,14.99
997,997,497,3,15.99
998,998,498,4,16.99
999,999,499,5,17.99
1000,1000,500,1,18.99
1001,1001,1,2,19.99
1002,1002,2,3,20.99
1003,1003,3,4,21.99
1004,1004,4,5,22.99
1005,1005,5,1,23.99
1006,1006,6,2,24.99
1007,1007,7,3,25.99
1008,1008,8,4,26.99
1009,1009,9,5,27.99
1010,1010,10,1,28.99
1011,1011,11,2,29.99
1012,1012,12,3,30.99
1013,1013,13,4,31.99
1014,1014,14,5,32.99
1015,1015,15,1,33.99
1016,1016,16,2,34.99
1017,1017,17,3,35.99
1018,1018,18,4,36.99
1019,1019,19,5,37.99
1020,1020,20,1,38.99
1021,1021,21,2,39.99
1022,1022,22,3,40.99
1023,1023,23,4,41.99
1024,1024,24,5,42.99
1025,1025,25,1,43.99
1026,1026,26,2,44.99
1027,1027,27,3,45.99
1028,1028,28,4,46.99
1029,1029,29,5,47.99
1030,1030,30,1,48.99
1031,1031,31,2,49.99
1032,1032,32,3,50.99
1033,1033,33,4,51.99
1034,1034,34,5,52.99
1035,1035,35,1,53.99
1036,1036,36,2,54.99
1037,1037,37,3,55.99
1038,1038,38,4,56.99
1039,1039,39,5,57.99
1040,1040,40,1,58.99
1041,1041,41,2,59.99
1042,1042,42,3,60.99
1043,1043,43,4,61.99
1044,1044,44,5,62.99
1045,1045,45,1,63.99
1046,1046,46,2,64.99
1047,1047,47,3,65.99
1048,1048,48,4,66.99
1049,1049,49,5,67.99
1050,1050,50,1,68.99
1051,1051,51,2,69.99
1052,1052,52,3,70.99
1053,1053,53,4,71.99
1054,1054,54,5,72.99
1055,1055,55,1,73.99
1056,1056,56,2,74.99
1057,1057,57,3,75.99
1058,1058,58,4,76.99
1059,1059,59,5,77.99
1060,1060,60,1,78.99
1061,1061,61,2,79.99
1062,1062,62,3,80.99
1063,1063,63,4,81.99
1064,1064,64,5,82.99
1065,1065,65,1,83.99
1066,1066,66,2,84.99
1067,1067,67,3,85.99
1068,1068,68,4,86.99
1069,1069,69,5,87.99
1070,1070,70,1,88.99
1071,1071,71,2,89.99
1072,1072,72,3,90.99
1073,1073,73,4,91.99
1074,1074,74,5,92.99
1075,1075,75,1,93.99
1076,1076,76,2,94.99
1077,1077,77,3,95.99
1078,1078,78,4,96.99
1079,1079,79,5,97.99
1080,1080,80,1,98.99
1081,1081,81,2,9.99
1082,1082,82,3,10.99
1083,1083,83,4,11.99
1084,1084,84,5,12.99
1085,1085,85,1,13.99
1086,1086,86,2,14.99
1087,1087,87,3,15.99
1088,1088,88,4,16.99
1089,1089,89,5,17.99
1090,1090,90,1,18.99
1091,1091,91,2,19.99
1092,1092,92,3,20.99
1093,1093,93,4,21.99
1094,1094,94,5,22.99
1095,1095,95,1,23.99
1096,1096,96,2,24.99
1097,1097,97,3,25.99
1098,1098,98,4,26.99
1099,1099,99,5,27.99
1100,1100,100,1,28.99
1101,1101,101,2,29.99
1102,1102,102,3,30.99
1103,1103,103,4,31.99
1104,1104,104,5,32.99
1105,1105,105,1,33.99
1106,1106,106,2,34.99
1107,1107,107,3,35.99
1108,1108,108,4,36.99
1109,1109,109,5,37.99
1110,1110,110,1,38.99
1111,1111,111,2,39.99
1112,1112,112,3,40.99
1113,1113,113,4,41.99
1114,1114,114,5,42.99
1115,1115,115,1,43.99
1116,1116,116,2,44.99
1117,1117,117,3,45.99
1118,1118,118,4,46.99
1119,1119,119,5,47.99
1120,1120,120,1,48.99
1121,1121,121,2,49.99
1122,1122,122,3,50.99
1123,1123,123,4,51.99
1124,1124,124,5,52.99
1125,1125,125,1,53.99
1126,1126,126,2,54.99
1127,1127,127,3,55.99
1128,1128,128,4,56.99
1129,1129,129,5,57.99
1130,1130,130,1,58.99
1131,1131,131,2,59.99
1132,1132,132,3,60.99
1133,1133,133,4,61.99
1134,1134,134,5,62.99
1135,1135,135,1,63.99
1136,1136,136,2,64.99
1137,1137,137,3,65.99
1138,1138,138,4,66.99
1139,1139,139,5,67.99
1140,1140,140,1,68.99
1141,1141,141,2,69.99
1142,1142,142,3,70.99
1143,1143,143,4,71.99
1144,1144,144,5,72.99
1145,1145,145,1,73.99
1146,1146,146,2,74.99
1147,1147,147,3,75.99
1148,1148,148,4,76.99
1149,1149,149,5,77.99
1150,1150,150,1,78.99
1151,1151,151,2,79.99
1152,1152,152,3,80.99
1153,1153,153,4,81.99
1154,1154,154,5,82.99
1155,1155,155,1,83.99
1156,1156,156,2,84.99
1157,1157,157,3,85.99
1158,1158,158,4,86.99
1159,1159,159,5,87.99
1160,1160,160,1,88.99
1161,1161,161,2,89.99
1162,1162,162,3,90.99
1163,1163,163,4,91.99
1164,1164,164,5,92.99
1165,1165,165,1,93.99
1166,1166,166,2,94.99
1167,1167,167,3,95.99
1168,1168,168,4,96.99
1169,1169,169,5,97.99
1170,1170,170,1,98.99
1171,1171,171,2,9.99
1172,1172,172,3,10.99
1173,1173,173,4,11.99
1174,1174,174,5,12.99
1175,1175,175,1,13.99
1176,1176,176,2,14.99
1177,1177,177,3,15.99
1178,1178,178,4,16.99
1179,1179,179,5,17.99
1180,1180,180,1,18.99
1181,1181,181,2,19.99
1182,1182,182,3,20.99
1183,1183,183,4,21.99
1184,1184,184,5,22.99
1185,1185,185,1,23.99
1186,1186,186,2,24.99
1187,1187,187,3,25.99
1188,1188,188,4,26.99
1189,1189,189,5,27.99
1190,1190,190,1,28.99
1191,1191,191,2,29.99
1192,1192,192,3,30.99
1193,1193,193,4,31.99
1194,1194,194,5,32.99
1195,1195,195,1,33.99
1196,1196,196,2,34.99
1197,1197,197,3,35.99
1198,1198,198,4,36.99
1199,1199,199,5,37.99
1200,1200,200,1,38.99
1201,1201,201,2,39.99
1202,1202,202,3,40.99
1203,1203,203,4,41.99
1204,1204,204,5,42.99
1205,1205,205,1,43.99
1206,1206,206,2,44.99
1207,1207,207,3,45.99
1208,1208,208,4,46.99
1209,1209,209,5,47.99
1210,1210,210,1,48.99
1211,1211,211,2,49.99
1212,1212,212,3,50.99
1213,1213,213,4,51.99
1214,1214,214,5,52.99
1215,1215,215,1,53.99
1216,1216,216,2,54.99
1217,1217,217,3,55.99
1218,1218,218,4,56.99
1219,1219,219,5,57.99
1220,1220,220,1,58.99
1221,1221,221,2,59.99
1222,1222,222,3,60.99
1223,1223,223,4,61.99
1224,1224,224,5,62.99
1225,1225,225,1,63.99
1226,1226,226,2,64.99
1227,1227,227,3,65.99
1228,1228,228,4,66.99
1229,1229,229,5,67.99
1230,1230,230,1,68.99
1231,1231,231,2,69.99
1232,1232,232,3,70.99
1233,1233,233,4,71.99
1234,1234,234,5,72.99
1235,1235,235,1,73.99
1236,1236,236,2,74.99
1237,1237,237,3,75.99
1238,1238,238,4,76.99
1239,1239,239,5,77.99
1240,1240,240,1,78.99
1241,1241,241,2,79.99
1242,1242,242,3,80.99
1243,1243,243,4,81.99
1244,1244,244,5,82.99
1245,1245,245,1,83.99
1246,1246,246,2,84.99
1247,1247,247,3,85.99
1248,1248,248,4,86.99
1249,1249,249,5,87.99
1250,1250,250,1,88.99
1251,1251,251,2,89.99
1252,1252,252,3,90.99
1253,1253,253,4,91.99
1254,1254,254,5,92.99
1255,1255,255,1,93.99
1256,1256,256,2,94.99
1257,1257,257,3,95.99
1258,1258,258,4,96.99
1259,1259,259,5,97.99
1260,1260,260,1,98.99
1261,1261,261,2,9.99
1262,1262,262,3,10.99
1263,1263,263,4,11.99
1264,1264,264,5,12.99
1265,1265,265,1,13.99
1266,1266,266,2,14.99
1267,1267,267,3,15.99
1268,1268,268,4,16.99
1269,1269,269,5,17.99
1270,1270,270,1,18.99
1271,1271,271,2,19.99
1272,1272,272,3,20.99
1273,1273,273,4,21.99
1274,1274,274,5,22.99
1275,1275,275,1,23.99
1276,1276,276,2,24.99
1277,1277,277,3,25.99
1278,1278,278,4,26.99
1279,1279,279,5,27.99
1280,1280,280,1,28.99
1281,1281,281,2,29.99
1282,1282,282,3,30.99
1283,1283,283,4,31.99
1284,1284,284,5,32.99
1285,1285,285,1,33.99
1286,1286,286,2,34.99
1287,1287,287,3,35.99
1288,1288,288,4,36.99
1289,1289,289,5,37.99
1290,1290,290,1,38.99
1291,1291,291,2,39.99
1292,1292,292,3,40.99
1293,1293,293,4,41.99
1294,1294,294,5,42.99
1295,1295,295,1,43.99
1296,1296,296,2,44.99
1297,1297,297,3,45.99
1298,1298,298,4,46.99
1299,1299,299,5,47.99
1300,1300,300,1,48.99
1301,1301,301,2,49.99
1302,1302,302,3,50.99
1303,1303,303,4,51.99
1304,1304,304,5,52.99
1305,1305,305,1,53.99
1306,1306,306,2,54.99
1307,1307,307,3,55.99
1308,1308,308,4,56.99
1309,1309,309,5,57.99
1310,1310,310,1,58.99
1311,1311,311,2,59.99
1312,1312,312,3,60.99
1313,1313,313,4,61.99
1314,1314,314,5,62.99
1315,1315,315,1,63.99
1316,1316,316,2,64.99
1317,1317,317,3,65.99
1318,1318,318,4,66.99
1319,1319,319,5,67.99
1320,1320,320,1,68.99
1321,1321,321,2,69.99
1322,1322,322,3,70.99
1323,1323,323,4,71.99
1324,1324,324,5,72.99
1325,1325,325,1,73.99
1326,1326,326,2,74.99
1327,1327,327,3,75.99
1328,1328,328,4,76.99
1329,1329,329,5,77.99
1330,1330,330,1,78.99
1331,1331,331,2,79.99
1332,1332,332,3,80.99
1333,1333,333,4,81.99
1334,1334,334,5,82.99
1335,1335,335,1,83.99
1336,1336,336,2,84.99
1337,1337,337,3,85.99
1338,1338,338,4,86.99
1339,1339,339,5,87.99
1340,1340,340,1,88.99
1341,1341,341,2,89.99
1342,1342,342,3,90.99
1343,1343,343,4,91.99
1344,1344,344,5,92.99
1345,1345,345,1,93.99
1346,1346,346,2,94.99
1347,1347,347,3,95.99
1348,1348,348,4,96.99
1349,1349,349,5,97.99
1350,1350,350,1,98.99
1351,1351,351,2,9.99
1352,1352,352,3,10.99
1353,1353,353,4,11.99
1354,1354,354,5,12.99
1355,1355,355,1,13.99
1356,1356,356,2,14.99
1357,1357,357,3,15.99
1358,1358,358,4,16.99
1359,1359,359,5,17.99
1360,1360,360,1,18.99
1361,1361,361,2,19.99
1362,1362,362,3,20.99
1363,1363,363,4,21.99
1364,1364,364,5,22.99
1365,1365,365,1,23.99
1366,1366,366,2,24.99
1367,1367,367,3,25.99
1368,1368,368,4,26.99
1369,1369,369,5,27.99
1370,1370,370,1,28.99
1371,1371,371,2,29.99
1372,1372,372,3,30.99
1373,1373,373,4,31.99
1374,1374,374,5,32.99
1375,1375,375,1,33.99
1376,1376,376,2,34.99
1377,1377,377,3,35.99
1378,1378,378,4,36.99
1379,1379,379,5,37.99
1380,1380,380,1,38.99
1381,1381,381,2,39.99
1382,1382,382,3,40.99
1383,1383,383,4,41.99
1384,1384,384,5,42.99
1385,1385,385,1,43.99
1386,1386,386,2,44.99
1387,1387,387,3,45.99
1388,1388,388,4,46.99
1389,1389,389,5,47.99
1390,1390,390,1,48.99
1391,1391,391,2,49.99
1392,1392,392,3,50.99
1393,1393,393,4,51.99
1394,1394,394,5,52.99
1395,1395,395,1,53.99
1396,1396,396,2,54.99
1397,1397,397,3,55.99
1398,1398,398,4,56.99
1399,1399,399,5,57.99
1400,1400,400,1,58.99
1401,1401,401,2,59.99
1402,1402,402,3,60.99
1403,1403,403,4,61.99
1404,1404,404,5,62.99
1405,1405,405,1,63.99
1406,1406,406,2,64.99
1407,1407,407,3,65.99
1408,1408,408,4,66.99
1409,1409,409,5,67.99
1410,1410,410,1,68.99
1411,1411,411,2,69.99
1412,1412,412,3,70.99
1413,1413,413,4,71.99
1414,1414,414,5,72.99
1415,1415,415,1,73.99
1416,1416,416,2,74.99
1417,1417,417,3,75.99
1418,1418,418,4,76.99
1419,1419,419,5,77.99
1420,1420,420,1,78.99
1421,1421,421,2,79.99
1422,1422,422,3,80.99
1423,1423,423,4,81.99
1424,1424,424,5,82.99
1425,1425,425,1,83.99
1426,1426,426,2,84.99
1427,1427,427,3,85.99
1428,1428,428,4,86.99
1429,1429,429,5,87.99
1430,1430,430,1,88.99
1431,1431,431,2,89.99
1432,1432,432,3,90.99
1433,1433,433,4,91.99
1434,1434,434,5,92.99
1435,1435,435,1,93.99
1436,1436,436,2,94.99
1437,1437,437,3,95.99
1438,1438,438,4,96.99
1439,1439,439,5,97.99
1440,1440,440,1,98.99
1441,1441,441,2,9.99
1442,1442,442,3,10.99
1443,1443,443,4,11.99
1444,1444,444,5,12.99
1445,1445,445,1,13.99
1446,1446,446,2,14.99
1447,1447,447,3,15.99
1448,1448,448,4,16.99
1449,1449,449,5,17.99
1450,1450,450,1,18.99
1451,1451,451,2,19.99
1452,1452,452,3,20.99
1453,1453,453,4,21.99
1454,1454,454,5,22.99
1455,1455,455,1,23.99
1456,1456,456,2,24.99
1457,1457,457,3,25.99
1458,1458,458,4,26.99
1459,1459,459,5,27.99
1460,1460,460,1,28.99
1461,1461,461,2,29.99
1462,1462,462,3,30.99
1463,1463,463,4,31.99
1464,1464,464,5,32.99
1465,1465,465,1,33.99
1466,1466,466,2,34.99
1467,1467,467,3,35.99
1468,1468,468,4,36.99
1469,1469,469,5,37.99
1470,1470,470,1,38.99
1471,1471,471,2,39.99
1472,1472,472,3,40.99
1473,1473,473,4,41.99
1474,1474,474,5,42.99
1475,1475,475,1,43.99
1476,1476,476,2,44.99
1477,1477,477,3,45.99
1478,1478,478,4,46.99
1479,1479,479,5,47.99
1480,1480,480,1,48.99
1481,1481,481,2,49.99
1482,1482,482,3,50.99
1483,1483,483,4,51.99
1484,1484,484,5,52.99
1485,1485,485,1,53.99
1486,1486,486,2,54.99
1487,1487,487,3,55.99
1488,1488,488,4,56.99
1489,1489,489,5,57.99
1490,1490,490,1,58.99
1491,1491,491,2,59.99
1492,1492,492,3,60.99
1493,1493,493,4,61.99
1494,1494,494,5,62.99
1495,1495,495,1,63.99
1496,1496,496,2,64.99
1497,1497,497,3,65.99
1498,1498,498,4,66.99
1499,1499,499,5,67.99
1500,1500,500,1,68.99
1501,1501,1,2,69.99
1502,1502,2,3,70.99
1503,1503,3,4,71.99
1504,1504,4,5,72.99
1505,1505,5,1,73.99
1506,1506,6,2,74.99
1507,1507,7,3,75.99
1508,1508,8,4,76.99
1509,1509,9,5,77.99
1510,1510,10,1,78.99
1511,1511,11,2,79.99
1512,1512,12,3,80.99
1513,1513,13,4,81.99
1514,1514,14,5,82.99
1515,1515,15,1,83.99
1516,1516,16,2,84.99
1517,1517,17,3,85.99
1518,1518,18,4,86.99
1519,1519,19,5,87.99
1520,1520,20,1,88.99
1521,1521,21,2,89.99
1522,1522,22,3,90.99
1523,1523,23,4,91.99
1524,1524,24,5,92.99
1525,1525,25,1,93.99
1526,1526,26,2,94.99
1527,1527,27,3,95.99
1528,1528,28,4,96.99
1529,1529,29,5,97.99
1530,1530,30,1,98.99
1531,1531,31,2,9.99
1532,1532,32,3,10.99
1533,1533,33,4,11.99
1534,1534,34,5,12.99
1535,1535,35,1,13.99
1536,1536,36,2,14.99
1537,1537,37,3,15.99
1538,1538,38,4,16.99
1539,1539,39,5,17.99
1540,1540,40,1,18.99
1541,1541,41,2,19.99
1542,1542,42,3,20.99
1543,1543,43,4,21.99
1544,1544,44,5,22.99
1545,1545,45,1,23.99
1546,1546,46,2,24.99
1547,1547,47,3,25.99
1548,1548,48,4,26.99
1549,1549,49,5,27.99
1550,1550,50,1,28.99
1551,1551,51,2,29.99
1552,1552,52,3,30.99
1553,1553,53,4,31.99
1554,1554,54,5,32.99
1555,1555,55,1,33.99
1556,1556,56,2,34.99
1557,1557,57,3,35.99
1558,1558,58,4,36.99
1559,1559,59,5,37.99
1560,1560,60,1,38.99
1561,1561,61,2,39.99
1562,1562,62,3,40.99
1563,1563,63,4,41.99
1564,1564,64,5,42.99
1565,1565,65,1,43.99
1566,1566,66,2,44.99
1567,1567,67,3,45.99
1568,1568,68,4,46.99
1569,1569,69,5,47.99
1570,1570,70,1,48.99
1571,1571,71,2,49.99
1572,1572,72,3,50.99
1573,1573,73,4,51.99
1574,1574,74,5,52.99
1575,1575,75,1,53.99
1576,1576,76,2,54.99
1577,1577,77,3,55.99
1578,1578,78,4,56.99
1579,1579,79,5,57.99
1580,1580,80,1,58.99
1581,1581,81,2,59.99
1582,1582,82,3,60.99
1583,1583,83,4,61.99
1584,1584,84,5,62.99
1585,1585,85,1,63.99
1586,1586,86,2,64.99
1587,1587,87,3,65.99
1588,1588,88,4,66.99
1589,1589,89,5,67.99
1590,1590,90,1,68.99
1591,1591,91,2,69.99
1592,1592,92,3,70.99
1593,1593,93,4,71.99
1594,1594,94,5,72.99
1595,1595,95,1,73.99
1596,1596,96,2,74.99
1597,1597,97,3,75.99
1598,1598,98,4,76.99
1599,1599,99,5,77.99
1600,1600,100,1,78.99
1601,1601,101,2,79.99
1602,1602,102,3,80.99
1603,1603,103,4,81.99
1604,1604,104,5,82.99
1605,1605,105,1,83.99
1606,1606,106,2,84.99
1607,1607,107,3,85.99
1608,1608,108,4,86.99
1609,1609,109,5,87.99
1610,1610,110,1,88.99
1611,1611,111,2,89.99
1612,1612,112,3,90.99
1613,1613,113,4,91.99
1614,1614,114,5,92.99
1615,1615,115,1,93.99
1616,1616,116,2,94.99
1617,1617,117,3,95.99
1618,1618,118,4,96.99
1619,1619,119,5,97.99
1620,1620,120,1,98.99
1621,1621,121,2,9.99
1622,1622,122,3,10.99
1623,1623,123,4,11.99
1624,1624,124,5,12.99
1625,1625,125,1,13.99
1626,1626,126,2,14.99
1627,1627,127,3,15.99
1628,1628,128,4,16.99
1629,1629,129,5,17.99
1630,1630,130,1,18.99
1631,1631,131,2,19.99
1632,1632,132,3,20.99
1633,1633,133,4,21.99
1634,1634,134,5,22.99
1635,1635,135,1,23.99
1636,1636,136,2,24.99
1637,1637,137,3,25.99
1638,1638,138,4,26.99
1639,1639,139,5,27.99
1640,1640,140,1,28.99
1641,1641,141,2,29.99
1642,1642,142,3,30.99
1643,1643,143,4,31.99
1644,1644,144,5,32.99
1645,1645,145,1,33.99
1646,1646,146,2,34.99
1647,1647,147,3,35.99
1648,1648,148,4,36.99
1649,1649,149,5,37.99
1650,1650,150,1,38.99
1651,1651,151,2,39.99
1652,1652,152,3,40.99
1653,1653,153,4,41.99
1654,1654,154,5,42.99
1655,1655,155,1,43.99
1656,1656,156,2,44.99
1657,1657,157,3,45.99
1658,1658,158,4,46.99
1659,1659,159,5,47.99
1660,1660,160,1,48.99
1661,1661,161,2,49.99
1662,1662,162,3,50.99
1663,1663,163,4,51.99
1664,1664,164,5,52.99
1665,1665,165,1,53.99
1666,1666,166,2,54.99
1667,1667,167,3,55.99
1668,1668,168,4,56.99
1669,1669,169,5,57.99
1670,1670,170,1,58.99
1671,1671,171,2,59.99
1672,1672,172,3,60.99
1673,1673,173,4,61.99
1674,1674,174,5,62.99
1675,1675,175,1,63.99
1676,1676,176,2,64.99
1677,1677,177,3,65.99
1678,1678,178,4,66.99
1679,1679,179,5,67.99
1680,1680,180,1,68.99
1681,1681,181,2,69.99
1682,1682,182,3,70.99
1683,1683,183,4,71.99
1684,1684,184,5,72.99
1685,1685,185,1,73.99
1686,1686,186,2,74.99
1687,1687,187,3,75.99
1688,1688,188,4,76.99
1689,1689,189,5,77.99
1690,1690,190,1,78.99
1691,1691,191,2,79.99
1692,1692,192,3,80.99
1693,1693,193,4,81.99
1694,1694,194,5,82.99
1695,1695,195,1,83.99
1696,1696,196,2,84.99
1697,1697,197,3,85.99
1698,1698,198,4,86.99
1699,1699,199,5,87.99
1700,1700,200,1,88.99
1701,1701,201,2,89.99
1702,1702,202,3,90.99
1703,1703,203,4,91.99
1704,1704,204,5,92.99
1705,1705,205,1,93.99
1706,1706,206,2,94.99
1707,1707,207,3,95.99
1708,1708,208,4,96.99
1709,1709,209,5,97.99
1710,1710,210,1,98.99
1711,1711,211,2,9.99
1712,1712,212,3,10.99
1713,1713,213,4,11.99
1714,1714,214,5,12.99
1715,1715,215,1,13.99
1716,1716,216,2,14.99
1717,1717,217,3,15.99
1718,1718,218,4,16.99
1719,1719,219,5,17.99
1720,1720,220,1,18.99
1721,1721,221,2,19.99
1722,1722,222,3,20.99
1723,1723,223,4,21.99
1724,1724,224,5,22.99
1725,1725,225,1,23.99
1726,1726,226,2,24.99
1727,1727,227,3,25.99
1728,1728,228,4,26.99
1729,1729,229,5,27.99
1730,1730,230,1,28.99
1731,1731,231,2,29.99
1732,1732,232,3,30.99
1733,1733,233,4,31.99
1734,1734,234,5,32.99
1735,1735,235,1,33.99
1736,1736,236,2,34.99
1737,1737,237,3,35.99
1738,1738,238,4,36.99
1739,1739,239,5,37.99
1740,1740,240,1,38.99
1741,1741,241,2,39.99
1742,1742,242,3,40.99
1743,1743,243,4,41.99
1744,1744,244,5,42.99
1745,1745,245,1,43.99
1746,1746,246,2,44.99
1747,1747,247,3,45.99
1748,1748,248,4,46.99
1749,1749,249,5,47.99
1750,1750,250,1,48.99
1751,1751,251,2,49.99
1752,1752,252,3,50.99
1753,1753,253,4,51.99
1754,1754,254,5,52.99
1755,1755,255,1,53.99
1756,1756,256,2,54.99
1757,1757,257,3,55.99
1758,1758,258,4,56.99
1759,1759,259,5,57.99
1760,1760,260,1,58.99
1761,1761,261,2,59.99
1762,1762,262,3,60.99
1763,1763,263,4,61.99
1764,1764,264,5,62.99
1765,1765,265,1,63.99
1766,1766,266,2,64.99
1767,1767,267,3,65.99
1768,1768,268,4,66.99
1769,1769,269,5,67.99
1770,1770,270,1,68.99
1771,1771,271,2,69.99
1772,1772,272,3,70.99
1773,1773,273,4,71.99
1774,1774,274,5,72.99
1775,1775,275,1,73.99
1776,1776,276,2,74.99
1777,1777,277,3,75.99
1778,1778,278,4,76.99
1779,1779,279,5,77.99
1780,1780,280,1,78.99
1781,1781,281,2,79.99
1782,1782,282,3,80.99
1783,1783,283,4,81.99
1784,1784,284,5,82.99
1785,1785,285,1,83.99
1786,1786,286,2,84.99
1787,1787,287,3,85.99
1788,1788,288,4,86.99
1789,1789,289,5,87.99
1790,1790,290,1,88.99
1791,1791,291,2,89.99
1792,1792,292,3,90.99
1793,1793,293,4,91.99
1794,1794,294,5,92.99
1795,1795,295,1,93.99
1796,1796,296,2,94.99
1797,1797,297,3,95.99
1798,1798,298,4,96.99
1799,1799,299,5,97.99
1800,1800,300,1,98.99
1801,1801,301,2,9.99
1802,1802,302,3,10.99
1803,1803,303,4,11.99
1804,1804,304,5,12.99
1805,1805,305,1,13.99
1806,1806,306,2,14.99
1807,1807,307,3,15.99
1808,1808,308,4,16.99
1809,1809,309,5,17.99
1810,1810,310,1,18.99
1811,1811,311,2,19.99
1812,1812,312,3,20.99
1813,1813,313,4,21.99
1814,1814,314,5,22.99
1815,1815,315,1,23.99
1816,1816,316,2,24.99
1817,1817,317,3,25.99
1818,1818,318,4,26.99
1819,1819,319,5,27.99
1820,1820,320,1,28.99
1821,1821,321,2,29.99
1822,1822,322,3,30.99
1823,1823,323,4,31.99
1824,1824,324,5,32.99
1825,1825,325,1,33.99
1826,1826,326,2,34.99
1827,1827,327,3,35.99
1828,1828,328,4,36.99
1829,1829,329,5,37.99
1830,1830,330,1,38.99
1831,1831,331,2,39.99
1832,1832,332,3,40.99
1833,1833,333,4,41.99
1834,1834,334,5,42.99
1835,1835,335,1,43.99
1836,1836,336,2,44.99
1837,1837,337,3,45.99
1838,1838,338,4,46.99
1839,1839,339,5,47.99
1840,1840,340,1,48.99
1841,1841,341,2,49.99
1842,1842,342,3,50.99
1843,1843,343,4,51.99
1844,1844,344,5,52.99
1845,1845,345,1,53.99
1846,1846,346,2,54.99
1847,1847,347,3,55.99
1848,1848,348,4,56.99
1849,1849,349,5,57.99
1850,1850,350,1,58.99
1851,1851,351,2,59.99
1852,1852,352,3,60.99
1853,1853,353,4,61.99
1854,1854,354,5,62.99
1855,1855,355,1,63.99
1856,1856,356,2,64.99
1857,1857,357,3,65.99
1858,1858,358,4,66.99
1859,1859,359,5,67.99
1860,1860,360,1,68.99
1861,1861,361,2,69.99
1862,1862,362,3,70.99
1863,1863,363,4,71.99
1864,1864,364,5,72.99
1865,1865,365,1,73.99
1866,1866,366,2,74.99
1867,1867,367,3,75.99
1868,1868,368,4,76.99
1869,1869,369,5,77.99
1870,1870,370,1,78.99
1871,1871,371,2,79.99
1872,1872,372,3,80.99
1873,1873,373,4,81.99
1874,1874,374,5,82.99
1875,1875,375,1,83.99
1876,1876,376,2,84.99
1877,1877,377,3,85.99
1878,1878,378,4,86.99
1879,1879,379,5,87.99
1880,1880,380,1,88.99
1881,1881,381,2,89.99
1882,1882,382,3,90.99
1883,1883,383,4,91.99
1884,1884,384,5,92.99
1885,1885,385,1,93.99
1886,1886,386,2,94.99
1887,1887,387,3,95.99
1888,1888,388,4,96.99
1889,1889,389,5,97.99
1890,1890,390,1,98.99
1891,1891,391,2,9.99
1892,1892,392,3,10.99
1893,1893,393,4,11.99
1894,1894,394,5,12.99
1895,1895,395,1,13.99
1896,1896,396,2,14.99
1897,1897,397,3,15.99
1898,1898,398,4,16.99
1899,1899,399,5,17.99
1900,1900,400,1,18.99
1901,1901,401,2,19.99
1902,1902,402,3,20.99
1903,1903,403,4,21.99
1904,1904,404,5,22.99
1905,1905,405,1,23.99
1906,1906,406,2,24.99
1907,1907,407,3,25.99
1908,1908,408,4,26.99
1909,1909,409,5,27.99
1910,1910,410,1,28.99
1911,1911,411,2,29.99
1912,1912,412,3,30.99
1913,1913,413,4,31.99
1914,1914,414,5,32.99
1915,1915,415,1,33.99
1916,1916,416,2,34.99
1917,1917,417,3,35.99
1918,1918,418,4,36.99
1919,1919,419,5,37.99
1920,1920,420,1,38.99
1921,1921,421,2,39.99
1922,1922,422,3,40.99
1923,1923,423,4,41.99
1924,1924,424,5,42.99
1925,1925,425,1,43.99
1926,1926,426,2,44.99
1927,1927,427,3,45.99
1928,1928,428,4,46.99
1929,1929,429,5,47.99
1930,1930,430,1,48.99
1931,1931,431,2,49.99
1932,1932,432,3,50.99
1933,1933,433,4,51.99
1934,1934,434,5,52.99
1935,1935,435,1,53.99
1936,1936,436,2,54.99
1937,1937,437,3,55.99
1938,1938,438,4,56.99
1939,1939,439,5,57.99
1940,1940,440,1,58.99
1941,1941,441,2,59.99
1942,1942,442,3,60.99
1943,1943,443,4,61.99
1944,1944,444,5,62.99
1945,1945,445,1,63.99
1946,1946,446,2,64.99
1947,1947,447,3,65.99
1948,1948,448,4,66.99
1949,1949,449,5,67.99
1950,1950,450,1,68.99
1951,1951,451,2,69.99
1952,1952,452,3,70.99
1953,1953,453,4,71.99
1954,1954,454,5,72.99
1955,1955,455,1,73.99
1956,1956,456,2,74.99
1957,1957,457,3,75.99
1958,1958,458,4,76.99
1959,1959,459,5,77.99
1960,1960,460,1,78.99
1961,1961,461,2,79.99
1962,1962,462,3,80.99
1963,1963,463,4,81.99
1964,1964,464,5,82.99
1965,1965,465,1,83.99
1966,1966,466,2,84.99
1967,1967,467,3,85.99
1968,1968,468,4,86.99
1969,1969,469,5,87.99
1970,1970,470,1,88.99
1971,1971,471,2,89.99
1972,1972,472,3,90.99
1973,1973,473,4,91.99
1974,1974,474,5,92.99
1975,1975,475,1,93.99
1976,1976,476,2,94.99
1977,1977,477,3,95.99
1978,1978,478,4,96.99
1979,1979,479,5,97.99
1980,1980,480,1,98.99
1981,1981,481,2,9.99
1982,1982,482,3,10.99
1983,1983,483,4,11.99
1984,1984,484,5,12.99
1985,1985,485,1,13.99
1986,1986,486,2,14.99
1987,1987,487,3,15.99
1988,1988,488,4,16.99
1989,1989,489,5,17.99
1990,1990,490,1,18.99
1991,1991,491,2,19.99
1992,1992,492,3,20.99
1993,1993,493,4,21.99
1994,1994,494,5,22.99
1995,1995,495,1,23.99
1996,1996,496,2,24.99
1997,1997,497,3,25.99
1998,1998,498,4,26.99
1999,1999,499,5,27.99
2000,2000,500,1,28.99
2001,2001,1,2,29.99
2002,2002,2,3,30.99
2003,2003,3,4,31.99
2004,2004,4,5,32.99
2005,2005,5,1,33.99
2006,2006,6,2,34.99
2007,2007,7,3,35.99
2008,2008,8,4,36.99
2009,2009,9,5,37.99
2010,2010,10,1,38.99
2011,2011,11,2,39.99
2012,2012,12,3,40.99
2013,2013,13,4,41.99
2014,2014,14,5,42.99
2015,2015,15,1,43.99
2016,2016,16,2,44.99
2017,2017,17,3,45.99
2018,2018,18,4,46.99
2019,2019,19,5,47.99
2020,2020,20,1,48.99
2021,2021,21,2,49.99
2022,2022,22,3,50.99
2023,2023,23,4,51.99
2024,2024,24,5,52.99
2025,2025,25,1,53.99
2026,2026,26,2,54.99
2027,2027,27,3,55.99
2028,2028,28,4,56.99
2029,2029,29,5,57.99
2030,2030,30,1,58.99
2031,2031,31,2,59.99
2032,2032,32,3,60.99
2033,2033,33,4,61.99
2034,2034,34,5,62.99
2035,2035,35,1,63.99
2036,2036,36,2,64.99
2037,2037,37,3,65.99
2038,2038,38,4,66.99
2039,2039,39,5,67.99
2040,2040,40,1,68.99
2041,2041,41,2,69.99
2042,2042,42,3,70.99
2043,2043,43,4,71.99
2044,2044,44,5,72.99
2045,2045,45,1,73.99
2046,2046,46,2,74.99
2047,2047,47,3,75.99
2048,2048,48,4,76.99
2049,2049,49,5,77.99
2050,2050,50,1,78.99
2051,2051,51,2,79.99
2052,2052,52,3,80.99
2053,2053,53,4,81.99
2054,2054,54,5,82.99
2055,2055,55,1,83.99
2056,2056,56,2,84.99
2057,2057,57,3,85.99
2058,2058,58,4,86.99
2059,2059,59,5,87.99
2060,2060,60,1,88.99
2061,2061,61,2,89.99
2062,2062,62,3,90.99
2063,2063,63,4,91.99
2064,2064,64,5,92.99
2065,2065,65,1,93.99
2066,2066,66,2,94.99
2067,2067,67,3,95.99
2068,2068,68,4,96.99
2069,2069,69,5,97.99
2070,2070,70,1,98.99
2071,2071,71,2,9.99
2072,2072,72,3,10.99
2073,2073,73,4,11.99
2074,2074,74,5,12.99
2075,2075,75,1,13.99
2076,2076,76,2,14.99
2077,2077,77,3,15.99
2078,2078,78,4,16.99
2079,2079,79,5,17.99
2080,2080,80,1,18.99
2081,2081,81,2,19.99
2082,2082,82,3,20.99
2083,2083,83,4,21.99
2084,2084,84,5,22.99
2085,2085,85,1,23.99
2086,2086,86,2,24.99
2087,2087,87,3,25.99
2088,2088,88,4,26.99
2089,2089,89,5,27.99
2090,2090,90,1,28.99
2091,2091,91,2,29.99
2092,2092,92,3,30.99
2093,2093,93,4,31.99
2094,2094,94,5,32.99
2095,2095,95,1,33.99
2096,2096,96,2,34.99
2097,2097,97,3,35.99
2098,2098,98,4,36.99
2099,2099,99,5,37.99
2100,2100,100,1,38.99
2101,2101,101,2,39.99
2102,2102,102,3,40.99
2103,2103,103,4,41.99
2104,2104,104,5,42.99
2105,2105,105,1,43.99
2106,2106,106,2,44.99
2107,2107,107,3,45.99
2108,2108,108,4,46.99
2109,2109,109,5,47.99
2110,2110,110,1,48.99
2111,2111,111,2,49.99
2112,2112,112,3,50.99
2113,2113,113,4,51.99
2114,2114,114,5,52.99
2115,2115,115,1,53.99
2116,2116,116,2,54.99
2117,2117,117,3,55.99
2118,2118,118,4,56.99
2119,2119,119,5,57.99
2120,2120,120,1,58.99
2121,2121,121,2,59.99
2122,2122,122,3,60.99
2123,2123,123,4,61.99
2124,2124,124,5,62.99
2125,2125,125,1,63.99
2126,2126,126,2,64.99
2127,2127,127,3,65.99
2128,2128,128,4,66.99
2129,2129,129,5,67.99
2130,2130,130,1,68.99
2131,2131,131,2,69.99
2132,2132,132,3,70.99
2133,2133,133,4,71.99
2134,2134,134,5,72.99
2135,2135,135,1,73.99
2136,2136,136,2,74.99
2137,2137,137,3,75.99
2138,2138,138,4,76.99
2139,2139,139,5,77.99
2140,2140,140,1,78.99
2141,2141,141,2,79.99
2142,2142,142,3,80.99
2143,2143,143,4,81.99
2144,2144,144,5,82.99
2145,2145,145,1,83.99
2146,2146,146,2,84.99
2147,2147,147,3,85.99
2148,2148,148,4,86.99
2149,2149,149,5,87.99
2150,2150,150,1,88.99
2151,2151,151,2,89.99
2152,2152,152,3,90.99
2153,2153,153,4,91.99
2154,2154,154,5,92.99
2155,2155,155,1,93.99
2156,2156,156,2,94.99
2157,2157,157,3,95.99
2158,2158,158,4,96.99
2159,2159,159,5,97.99
2160,2160,160,1,98.99
2161,2161,161,2,9.99
2162,2162,162,3,10.99
2163,2163,163,4,11.99
2164,2164,164,5,12.99
2165,2165,165,1,13.99
2166,2166,166,2,14.99
2167,2167,167,3,15.99
2168,2168,168,4,16.99
2169,2169,169,5,17.99
2170,2170,170,1,18.99
2171,2171,171,2,19.99
2172,2172,172,3,20.99
2173,2173,173,4,21.99
2174,2174,174,5,22.99
2175,2175,175,1,23.99
2176,2176,176,2,24.99
2177,2177,177,3,25.99
2178,2178,178,4,26.99
2179,2179,179,5,27.99
2180,2180,180,1,28.99
2181,2181,181,2,29.99
2182,2182,182,3,30.99
2183,2183,183,4,31.99
2184,2184,184,5,32.99
2185,2185,185,1,33.99
2186,2186,186,2,34.99
2187,2187,187,3,35.99
2188,2188,188,4,36.99
2189,2189,189,5,37.99
2190,2190,190,1,38.99
2191,2191,191,2,39.99
2192,2192,192,3,40.99
2193,2193,193,4,41.99
2194,2194,194,5,42.99
2195,2195,195,1,43.99
2196,2196,196,2,44.99
2197,2197,197,3,45.99
2198,2198,198,4,46.99
2199,2199,199,5,47.99
2200,2200,200,1,48.99
2201,2201,201,2,49.99
2202,2202,202,3,50.99
2203,2203,203,4,51.99
2204,2204,204,5,52.99
2205,2205,205,1,53.99
2206,2206,206,2,54.99
2207,2207,207,3,55.99
2208,2208,208,4,56.99
2209,2209,209,5,57.99
2210,2210,210,1,58.99
2211,2211,211,2,59.99
2212,2212,212,3,60.99
2213,2213,213,4,61.99
2214,2214,214,5,62.99
2215,2215,215,1,63.99
2216,2216,216,2,64.99
2217,2217,217,3,65.99
2218,2218,218,4,66.99
2219,2219,219,5,67.99
2220,2220,220,1,68.99
2221,2221,221,2,69.99
2222,2222,222,3,70.99
2223,2223,223,4,71.99
2224,2224,224,5,72.99
2225,2225,225,1,73.99
2226,2226,226,2,74.99
2227,2227,227,3,75.99
2228,2228,228,4,76.99
2229,2229,229,5,77.99
2230,2230,230,1,78.99
2231,2231,231,2,79.99
2232,2232,232,3,80.99
2233,2233,233,4,81.99
2234,2234,234,5,82.99
2235,2235,235,1,83.99
2236,2236,236,2,84.99
2237,2237,237,3,85.99
2238,2238,238,4,86.99
2239,2239,239,5,87.99
2240,2240,240,1,88.99
2241,2241,241,2,89.99
2242,2242,242,3,90.99
2243,2243,243,4,91.99
2244,2244,244,5,92.99
2245,2245,245,1,93.99
2246,2246,246,2,94.99
2247,2247,247,3,95.99
2248,2248,248,4,96.99
2249,2249,249,5,97.99
2250,2250,250,1,98.99
2251,2251,251,2,9.99
2252,2252,252,3,10.99
2253,2253,253,4,11.99
2254,2254,254,5,12.99
2255,2255,255,1,13.99
2256,2256,256,2,14.99
2257,2257,257,3,15.99
2258,2258,258,4,16.99
2259,2259,259,5,17.99
2260,2260,260,1,18.99
2261,2261,261,2,19.99
2262,2262,262,3,20.99
2263,2263,263,4,21.99
2264,2264,264,5,22.99
2265,2265,265,1,23.99
2266,2266,266,2,24.99
2267,2267,267,3,25.99
2268,2268,268,4,26.99
2269,2269,269,5,27.99
2270,2270,270,1,28.99
2271,2271,271,2,29.99
2272,2272,272,3,30.99
2273,2273,273,4,31.99
2274,2274,274,5,32.99
2275,2275,275,1,33.99
2276,2276,276,2,34.99
2277,2277,277,3,35.99
2278,2278,278,4,36.99
2279,2279,279,5,37.99
2280,2280,280,1,38.99
2281,2281,281,2,39.99
2282,2282,282,3,40.99
2283,2283,283,4,41.99
2284,2284,284,5,42.99
2285,2285,285,1,43.99
2286,2286,286,2,44.99
2287,2287,287,3,45.99
2288,2288,288,4,46.99
2289,2289,289,5,47.99
2290,2290,290,1,48.99
2291,2291,291,2,49.99
2292,2292,292,3,50.99
2293,2293,293,4,51.99
2294,2294,294,5,52.99
2295,2295,295,1,53.99
2296,2296,296,2,54.99
2297,2297,297,3,55.99
2298,2298,298,4,56.99
2299,2299,299,5,57.99
2300,2300,300,1,58.99
2301,2301,301,2,59.99
2302,2302,302,3,60.99
2303,2303,303,4,61.99
2304,2304,304,5,62.99
2305,2305,305,1,63.99
2306,2306,306,2,64.99
2307,2307,307,3,65.99
2308,2308,308,4,66.99
2309,2309,309,5,67.99
2310,2310,310,1,68.99
2311,2311,311,2,69.99
2312,2312,312,3,70.99
2313,2313,313,4,71.99
2314,2314,314,5,72.99
2315,2315,315,1,73.99
2316,2316,316,2,74.99
2317,2317,317,3,75.99
2318,2318,318,4,76.99
2319,2319,319,5,77.99
2320,2320,320,1,78.99
2321,2321,321,2,79.99
2322,2322,322,3,80.99
2323,2323,323,4,81.99
2324,2324,324,5,82.99
2325,2325,325,1,83.99
2326,2326,326,2,84.99
2327,2327,327,3,85.99
2328,2328,328,4,86.99
2329,2329,329,5,87.99
2330,2330,330,1,88.99
2331,2331,331,2,89.99
2332,2332,332,3,90.99
2333,2333,333,4,91.99
2334,2334,334,5,92.99
2335,2335,335,1,93.99
2336,2336,336,2,94.99
2337,2337,337,3,95.99
2338,2338,338,4,96.99
2339,2339,339,5,97.99
2340,2340,340,1,98.99
2341,2341,341,2,9.99
2342,2342,342,3,10.99
2343,2343,343,4,11.99
2344,2344,344,5,12.99
2345,2345,345,1,13.99
2346,2346,346,2,14.99
2347,2347,347,3,15.99
2348,2348,348,4,16.99
2349,2349,349,5,17.99
2350,2350,350,1,18.99
2351,2351,351,2,19.99
2352,2352,352,3,20.99
2353,2353,353,4,21.99
2354,2354,354,5,22.99
2355,2355,355,1,23.99
2356,2356,356,2,24.99
2357,2357,357,3,25.99
2358,2358,358,4,26.99
2359,2359,359,5,27.99
2360,2360,360,1,28.99
2361,2361,361,2,29.99
2362,2362,362,3,30.99
2363,2363,363,4,31.99
2364,2364,364,5,32.99
2365,2365,365,1,33.99
2366,2366,366,2,34.99
2367,2367,367,3,35.99
2368,2368,368,4,36.99
2369,2369,369,5,37.99
2370,2370,370,1,38.99
2371,2371,371,2,39.99
2372,2372,372,3,40.99
2373,2373,373,4,41.99
2374,2374,374,5,42.99
2375,2375,375,1,43.99
2376,2376,376,2,44.99
2377,2377,377,3,45.99
2378,2378,378,4,46.99
2379,2379,379,5,47.99
2380,2380,380,1,48.99
2381,2381,381,2,49.99
2382,2382,382,3,50.99
2383,2383,383,4,51.99
2384,2384,384,5,52.99
2385,2385,385,1,53.99
2386,2386,386,2,54.99
2387,2387,387,3,55.99
2388,2388,388,4,56.99
2389,2389,389,5,57.99
2390,2390,390,1,58.99
2391,2391,391,2,59.99
2392,2392,392,3,60.99
2393,2393,393,4,61.99
2394,2394,394,5,62.99
2395,2395,395,1,63.99
2396,2396,396,2,64.99
2397,2397,397,3,65.99
2398,2398,398,4,66.99
2399,2399,399,5,67.99
2400,2400,400,1,68.99
2401,2401,401,2,69.99
2402,2402,402,3,70.99
2403,2403,403,4,71.99
2404,2404,404,5,72.99
2405,2405,405,1,73.99
2406,2406,406,2,74.99
2407,2407,407,3,75.99
2408,2408,408,4,76.99
2409,2409,409,5,77.99
2410,2410,410,1,78.99
2411,2411,411,2,79.99
2412,2412,412,3,80.99
2413,2413,413,4,81.99
2414,2414,414,5,82.99
2415,2415,415,1,83.99
2416,2416,416,2,84.99
2417,2417,417,3,85.99
2418,2418,418,4,86.99
2419,2419,419,5,87.99
2420,2420,420,1,88.99
2421,2421,421,2,89.99
2422,2422,422,3,90.99
2423,2423,423,4,91.99
2424,2424,424,5,92.99
2425,2425,425,1,93.99
2426,2426,426,2,94.99
2427,2427,427,3,95.99
2428,2428,428,4,96.99
2429,2429,429,5,97.99
2430,2430,430,1,98.99
2431,2431,431,2,9.99
2432,2432,432,3,10.99
2433,2433,433,4,11.99
2434,2434,434,5,12.99
2435,2435,435,1,13.99
2436,2436,436,2,14.99
2437,2437,437,3,15.99
2438,2438,438,4,16.99
2439,2439,439,5,17.99
2440,2440,440,1,18.99
2441,2441,441,2,19.99
2442,2442,442,3,20.99
2443,2443,443,4,21.99
2444,2444,444,5,22.99
2445,2445,445,1,23.99
2446,2446,446,2,24.99
2447,2447,447,3,25.99
2448,2448,448,4,26.99
2449,2449,449,5,27.99
2450,2450,450,1,28.99
2451,2451,451,2,29.99
2452,2452,452,3,30.99
2453,2453,453,4,31.99
2454,2454,454,5,32.99
2455,2455,455,1,33.99
2456,2456,456,2,34.99
2457,2457,457,3,35.99
2458,2458,458,4,36.99
2459,2459,459,5,37.99
2460,2460,460,1,38.99
2461,2461,461,2,39.99
2462,2462,462,3,40.99
2463,2463,463,4,41.99
2464,2464,464,5,42.99
2465,2465,465,1,43.99
2466,2466,466,2,44.99
2467,2467,467,3,45.99
2468,2468,468,4,46.99
2469,2469,469,5,47.99
2470,2470,470,1,48.99
2471,2471,471,2,49.99
2472,2472,472,3,50.99
2473,2473,473,4,51.99
2474,2474,474,5,52.99
2475,2475,475,1,53.99
2476,2476,476,2,54.99
2477,2477,477,3,55.99
2478,2478,478,4,56.99
2479,2479,479,5,57.99
2480,2480,480,1,58.99
2481,2481,481,2,59.99
2482,2482,482,3,60.99
2483,2483,483,4,61.99
2484,2484,484,5,62.99
2485,2485,485,1,63.99
2486,2486,486,2,64.99
2487,2487,487,3,65.99
2488,2488,488,4,66.99
2489,2489,489,5,67.99
2490,2490,490,1,68.99
2491,2491,491,2,69.99
2492,2492,492,3,70.99
2493,2493,493,4,71.99
2494,2494,494,5,72.99
2495,2495,495,1,73.99
2496,2496,496,2,74.99
2497,2497,497,3,75.99
2498,2498,498,4,76.99
2499,2499,499,5,77.99
2500,2500,500,1,78.99
2501,2501,1,2,79.99
2502,2502,2,3,80.99
2503,2503,3,4,81.99
2504,2504,4,5,82.99
2505,2505,5,1,83.99
2506,2506,6,2,84.99
2507,2507,7,3,85.99
2508,2508,8,4,86.99
2509,2509,9,5,87.99
2510,2510,10,1,88.99
2511,2511,11,2,89.99
2512,2512,12,3,90.99
2513,2513,13,4,91.99
2514,2514,14,5,92.99
2515,2515,15,1,93.99
2516,2516,16,2,94.99
2517,2517,17,3,95.99
2518,2518,18,4,96.99
2519,2519,19,5,97.99
2520,2520,20,1,98.99
2521,2521,21,2,9.99
2522,2522,22,3,10.99
2523,2523,23,4,11.99
2524,2524,24,5,12.99
2525,2525,25,1,13.99
2526,2526,26,2,14.99
2527,2527,27,3,15.99
2528,2528,28,4,16.99
2529,2529,29,5,17.99
2530,2530,30,1,18.99
2531,2531,31,2,19.99
2532,2532,32,3,20.99
2533,2533,33,4,21.99
2534,2534,34,5,22.99
2535,2535,35,1,23.99
2536,2536,36,2,24.99
2537,2537,37,3,25.99
2538,2538,38,4,26.99
2539,2539,39,5,27.99
2540,2540,40,1,28.99
2541,2541,41,2,29.99
2542,2542,42,3,30.99
2543,2543,43,4,31.99
2544,2544,44,5,32.99
2545,2545,45,1,33.99
2546,2546,46,2,34.99
2547,2547,47,3,35.99
2548,2548,48,4,36.99
2549,2549,49,5,37.99
2550,2550,50,1,38.99
2551,2551,51,2,39.99
2552,2552,52,3,40.99
2553,2553,53,4,41.99
2554,2554,54,5,42.99
2555,2555,55,1,43.99
2556,2556,56,2,44.99
2557,2557,57,3,45.99
2558,2558,58,4,46.99
2559,2559,59,5,47.99
2560,2560,60,1,48.99
2561,2561,61,2,49.99
2562,2562,62,3,50.99
2563,2563,63,4,51.99
2564,2564,64,5,52.99
2565,2565,65,1,53.99
2566,2566,66,2,54.99
2567,2567,67,3,55.99
2568,2568,68,4,56.99
2569,2569,69,5,57.99
2570,2570,70,1,58.99
2571,2571,71,2,59.99
2572,2572,72,3,60.99
2573,2573,73,4,61.99
2574,2574,74,5,62.99
2575,2575,75,1,63.99
2576,2576,76,2,64.99
2577,2577,77,3,65.99
2578,2578,78,4,66.99
2579,2579,79,5,67.99
2580,2580,80,1,68.99
2581,2581,81,2,69.99
2582,2582,82,3,70.99
2583,2583,83,4,71.99
2584,2584,84,5,72.99
2585,2585,85,1,73.99
2586,2586,86,2,74.99
2587,2587,87,3,75.99
2588,2588,88,4,76.99
2589,2589,89,5,77.99
2590,2590,90,1,78.99
2591,2591,91,2,79.99
2592,2592,92,3,80.99
2593,2593,93,4,81.99
2594,2594,94,5,82.99
2595,2595,95,1,83.99
2596,2596,96,2,84.99
2597,2597,97,3,85.99
2598,2598,98,4,86.99
2599,2599,99,5,87.99
2600,2600,100,1,88.99
2601,2601,101,2,89.99
2602,2602,102,3,90.99
2603,2603,103,4,91.99
2604,2604,104,5,92.99
2605,2605,105,1,93.99
2606,2606,106,2,94.99
2607,2607,107,3,95.99
2608,2608,108,4,96.99
2609,2609,109,5,97.99
2610,2610,110,1,98.99
2611,2611,111,2,9.99
2612,2612,112,3,10.99
2613,2613,113,4,11.99
2614,2614,114,5,12.99
2615,2615,115,1,13.99
2616,2616,116,2,14.99
2617,2617,117,3,15.99
2618,2618,118,4,16.99
2619,2619,119,5,17.99
2620,2620,120,1,18.99
2621,2621,121,2,19.99
2622,2622,122,3,20.99
2623,2623,123,4,21.99
2624,2624,124,5,22.99
2625,2625,125,1,23.99
2626,2626,126,2,24.99
2627,2627,127,3,25.99
2628,2628,128,4,26.99
2629,2629,129,5,27.99
2630,2630,130,1,28.99
2631,2631,131,2,29.99
2632,2632,132,3,30.99
2633,2633,133,4,31.99
2634,2634,134,5,32.99
2635,2635,135,1,33.99
2636,2636,136,2,34.99
2637,2637,137,3,35.99
2638,2638,138,4,36.99
2639,2639,139,5,37.99
2640,2640,140,1,38.99
2641,2641,141,2,39.99
2642,2642,142,3,40.99
2643,2643,143,4,41.99
2644,2644,144,5,42.99
2645,2645,145,1,43.99
2646,2646,146,2,44.99
2647,2647,147,3,45.99
2648,2648,148,4,46.99
2649,2649,149,5,47.99
2650,2650,150,1,48.99
2651,2651,151,2,49.99
2652,2652,152,3,50.99
2653,2653,153,4,51.99
2654,2654,154,5,52.99
2655,2655,155,1,53.99
2656,2656,156,2,54.99
2657,2657,157,3,55.99
2658,2658,158,4,56.99
2659,2659,159,5,57.99
2660,2660,160,1,58.99
2661,2661,161,2,59.99
2662,2662,162,3,60.99
2663,2663,163,4,61.99
2664,2664,164,5,62.99
2665,2665,165,1,63.99
2666,2666,166,2,64.99
2667,2667,167,3,65.99
2668,2668,168,4,66.99
2669,2669,169,5,67.99
2670,2670,170,1,68.99
2671,2671,171,2,69.99
2672,2672,172,3,70.99
2673,2673,173,4,71.99
2674,2674,174,5,72.99
2675,2675,175,1,73.99
2676,2676,176,2,74.99
2677,2677,177,3,75.99
2678,2678,178,4,76.99
2679,2679,179,5,77.99
2680,2680,180,1,78.99
2681,2681,181,2,79.99
2682,2682,182,3,80.99
2683,2683,183,4,81.99
2684,2684,184,5,82.99
2685,2685,185,1,83.99
2686,2686,186,2,84.99
2687,2687,187,3,85.99
2688,2688,188,4,86.99
2689,2689,189,5,87.99
2690,2690,190,1,88.99
2691,2691,191,2,89.99
2692,2692,192,3,90.99
2693,2693,193,4,91.99
2694,2694,194,5,92.99
2695,2695,195,1,93.99
2696,2696,196,2,94.99
2697,2697,197,3,95.99
2698,2698,198,4,96.99
2699,2699,199,5,97.99
2700,2700,200,1,98.99
2701,2701,201,2,9.99
2702,2702,202,3,10.99
2703,2703,203,4,11.99
2704,2704,204,5,12.99
2705,2705,205,1,13.99
2706,2706,206,2,14.99
2707,2707,207,3,15.99
2708,2708,208,4,16.99
2709,2709,209,5,17.99
2710,2710,210,1,18.99
2711,2711,211,2,19.99
2712,2712,212,3,20.99
2713,2713,213,4,21.99
2714,2714,214,5,22.99
2715,2715,215,1,23.99
2716,2716,216,2,24.99
2717,2717,217,3,25.99
2718,2718,218,4,26.99
2719,2719,219,5,27.99
2720,2720,220,1,28.99
2721,2721,221,2,29.99
2722,2722,222,3,30.99
2723,2723,223,4,31.99
2724,2724,224,5,32.99
2725,2725,225,1,33.99
2726,2726,226,2,34.99
2727,2727,227,3,35.99
2728,2728,228,4,36.99
2729,2729,229,5,37.99
2730,2730,230,1,38.99
2731,2731,231,2,39.99
2732,2732,232,3,40.99
2733,2733,233,4,41.99
2734,2734,234,5,42.99
2735,2735,235,1,43.99
2736,2736,236,2,44.99
2737,2737,237,3,45.99
2738,2738,238,4,46.99
2739,2739,239,5,47.99
2740,2740,240,1,48.99
2741,2741,241,2,49.99
2742,2742,242,3,50.99
2743,2743,243,4,51.99
2744,2744,244,5,52.99
2745,2745,245,1,53.99
2746,2746,246,2,54.99
2747,2747,247,3,55.99
2748,2748,248,4,56.99
2749,2749,249,5,57.99
2750,2750,250,1,58.99
2751,2751,251,2,59.99
2752,2752,252,3,60.99
2753,2753,253,4,61.99
2754,2754,254,5,62.99
2755,2755,255,1,63.99
2756,2756,256,2,64.99
2757,2757,257,3,65.99
2758,2758,258,4,66.99
2759,2759,259,5,67.99
2760,2760,260,1,68.99
2761,2761,261,2,69.99
2762,2762,262,3,70.99
2763,2763,263,4,71.99
2764,2764,264,5,72.99
2765,2765,265,1,73.99
2766,2766,266,2,74.99
2767,2767,267,3,75.99
2768,2768,268,4,76.99
2769,2769,269,5,77.99
2770,2770,270,1,78.99
2771,2771,271,2,79.99
2772,2772,272,3,80.99
2773,2773,273,4,81.99
2774,2774,274,5,82.99
2775,2775,275,1,83.99
2776,2776,276,2,84.99
2777,2777,277,3,85.99
2778,2778,278,4,86.99
2779,2779,279,5,87.99
2780,2780,280,1,88.99
2781,2781,281,2,89.99
2782,2782,282,3,90.99
2783,2783,283,4,91.99
2784,2784,284,5,92.99
2785,2785,285,1,93.99
2786,2786,286,2,94.99
2787,2787,287,3,95.99
2788,2788,288,4,96.99
2789,2789,289,5,97.99
2790,2790,290,1,98.99
2791,2791,291,2,9.99
2792,2792,292,3,10.99
2793,2793,293,4,11.99
2794,2794,294,5,12.99
2795,2795,295,1,13.99
2796,2796,296,2,14.99
2797,2797,297,3,15.99
2798,2798,298,4,16.99
2799,2799,299,5,17.99
2800,2800,300,1,18.99
2801,2801,301,2,19.99
2802,2802,302,3,20.99
2803,2803,303,4,21.99
2804,2804,304,5,22.99
2805,2805,305,1,23.99
2806,2806,306,2,24.99
2807,2807,307,3,25.99
2808,2808,308,4,26.99
2809,2809,309,5,27.99
2810,2810,310,1,28.99
2811,2811,311,2,29.99
2812,2812,312,3,30.99
2813,2813,313,4,31.99
2814,2814,314,5,32.99
2815,2815,315,1,33.99
2816,2816,316,2,34.99
2817,2817,317,3,35.99
2818,2818,318,4,36.99
2819,2819,319,5,37.99
2820,2820,320,1,38.99
2821,2821,321,2,39.99
2822,2822,322,3,40.99
2823,2823,323,4,41.99
2824,2824,324,5,42.99
2825,2825,325,1,43.99
2826,2826,326,2,44.99
2827,2827,327,3,45.99
2828,2828,328,4,46.99
2829,2829,329,5,47.99
2830,2830,330,1,48.99
2831,2831,331,2,49.99
2832,2832,332,3,50.99
2833,2833,333,4,51.99
2834,2834,334,5,52.99
2835,2835,335,1,53.99
2836,2836,336,2,54.99
2837,2837,337,3,55.99
2838,2838,338,4,56.99
2839,2839,339,5,57.99
2840,2840,340,1,58.99
2841,2841,341,2,59.99
2842,2842,342,3,60.99
2843,2843,343,4,61.99
2844,2844,344,5,62.99
2845,2845,345,1,63.99
2846,2846,346,2,64.99
2847,2847,347,3,65.99
2848,2848,348,4,66.99
2849,2849,349,5,67.99
2850,2850,350,1,68.99
2851,2851,351,2,69.99
2852,2852,352,3,70.99
2853,2853,353,4,71.99
2854,2854,354,5,72.99
2855,2855,355,1,73.99
2856,2856,356,2,74.99
2857,2857,357,3,75.99
2858,2858,358,4,76.99
2859,2859,359,5,77.99
2860,2860,360,1,78.99
2861,2861,361,2,79.99
2862,2862,362,3,80.99
2863,2863,363,4,81.99
2864,2864,364,5,82.99
2865,2865,365,1,83.99
2866,2866,366,2,84.99
2867,2867,367,3,85.99
2868,2868,368,4,86.99
2869,2869,369,5,87.99
2870,2870,370,1,88.99
2871,2871,371,2,89.99
2872,2872,372,3,90.99
2873,2873,373,4,91.99
2874,2874,374,5,92.99
2875,2875,375,1,93.99
2876,2876,376,2,94.99
2877,2877,377,3,95.99
2878,2878,378,4,96.99
2879,2879,379,5,97.99
2880,2880,380,1,98.99
2881,2881,381,2,9.99
2882,2882,382,3,10.99
2883,2883,383,4,11.99
2884,2884,384,5,12.99
2885,2885,385,1,13.99
2886,2886,386,2,14.99
2887,2887,387,3,15.99
2888,2888,388,4,16.99
2889,2889,389,5,17.99
2890,2890,390,1,18.99
2891,2891,391,2,19.99
2892,2892,392,3,20.99
2893,2893,393,4,21.99
2894,2894,394,5,22.99
2895,2895,395,1,23.99
2896,2896,396,2,24.99
2897,2897,397,3,25.99
2898,2898,398,4,26.99
2899,2899,399,5,27.99
2900,2900,400,1,28.99
2901,2901,401,2,29.99
2902,2902,402,3,30.99
2903,2903,403,4,31.99
2904,2904,404,5,32.99
2905,2905,405,1,33.99
2906,2906,406,2,34.99
2907,2907,407,3,35.99
2908,2908,408,4,36.99
2909,2909,409,5,37.99
2910,2910,410,1,38.99
2911,2911,411,2,39.99
2912,2912,412,3,40.99
2913,2913,413,4,41.99
2914,2914,414,5,42.99
2915,2915,415,1,43.99
2916,2916,416,2,44.99
2917,2917,417,3,45.99
2918,2918,418,4,46.99
2919,2919,419,5,47.99
2920,2920,420,1,48.99
2921,2921,421,2,49.99
2922,2922,422,3,50.99
2923,2923,423,4,51.99
2924,2924,424,5,52.99
2925,2925,425,1,53.99
2926,2926,426,2,54.99
2927,2927,427,3,55.99
2928,2928,428,4,56.99
2929,2929,429,5,57.99
2930,2930,430,1,58.99
2931,2931,431,2,59.99
2932,2932,432,3,60.99
2933,2933,433,4,61.99
2934,2934,434,5,62.99
2935,2935,435,1,63.99
2936,2936,436,2,64.99
2937,2937,437,3,65.99
2938,2938,438,4,66.99
2939,2939,439,5,67.99
2940,2940,440,1,68.99
2941,2941,441,2,69.99
2942,2942,442,3,70.99
2943,2943,443,4,71.99
2944,2944,444,5,72.99
2945,2945,445,1,73.99
2946,2946,446,2,74.99
2947,2947,447,3,75.99
2948,2948,448,4,76.99
2949,2949,449,5,77.99
2950,2950,450,1,78.99
2951,2951,451,2,79.99
2952,2952,452,3,80.99
2953,2953,453,4,81.99
2954,2954,454,5,82.99
2955,2955,455,1,83.99
2956,2956,456,2,84.99
2957,2957,457,3,85.99
2958,2958,458,4,86.99
2959,2959,459,5,87.99
2960,2960,460,1,88.99
2961,2961,461,2,89.99
2962,2962,462,3,90.99
2963,2963,463,4,91.99
2964,2964,464,5,92.99
2965,2965,465,1,93.99
2966,2966,466,2,94.99
2967,2967,467,3,95.99
2968,2968,468,4,96.99
2969,2969,469,5,97.99
2970,2970,470,1,98.99
2971,2971,471,2,9.99
2972,2972,472,3,10.99
2973,2973,473,4,11.99
2974,2974,474,5,12.99
2975,2975,475,1,13.99
2976,2976,476,2,14.99
2977,2977,477,3,15.99
2978,2978,478,4,16.99
2979,2979,479,5,17.99
2980,2980,480,1,18.99
2981,2981,481,2,19.99
2982,2982,482,3,20.99
2983,2983,483,4,21.99
2984,2984,484,5,22.99
2985,2985,485,1,23.99
2986,2986,486,2,24.99
2987,2987,487,3,25.99
2988,2988,488,4,26.99
2989,2989,489,5,27.99
2990,2990,490,1,28.99
2991,2991,491,2,29.99
2992,2992,492,3,30.99
2993,2993,493,4,31.99
2994,2994,494,5,32.99
2995,2995,495,1,33.99
2996,2996,496,2,34.99
2997,2997,497,3,35.99
2998,2998,498,4,36.99
2999,2999,499,5,37.99
3000,3000,500,1,38.99
3001,3001,1,2,39.99
3002,3002,2,3,40.99
3003,3003,3,4,41.99
3004,3004,4,5,42.99
3005,3005,5,1,43.99
3006,3006,6,2,44.99
3007,3007,7,3,45.99
3008,3008,8,4,46.99
3009,3009,9,5,47.99
3010,3010,10,1,48.99
3011,3011,11,2,49.99
3012,3012,12,3,50.99
3013,3013,13,4,51.99
3014,3014,14,5,52.99
3015,3015,15,1,53.99
3016,3016,16,2,54.99
3017,3017,17,3,55.99
3018,3018,18,4,56.99
3019,3019,19,5,57.99
3020,3020,20,1,58.99
3021,3021,21,2,59.99
3022,3022,22,3,60.99
3023,3023,23,4,61.99
3024,3024,24,5,62.99
3025,3025,25,1,63.99
3026,3026,26,2,64.99
3027,3027,27,3,65.99
3028,3028,28,4,66.99
3029,3029,29,5,67.99
3030,3030,30,1,68.99
3031,3031,31,2,69.99
3032,3032,32,3,70.99
3033,3033,33,4,71.99
3034,3034,34,5,72.99
3035,3035,35,1,73.99
3036,3036,36,2,74.99
3037,3037,37,3,75.99
3038,3038,38,4,76.99
3039,3039,39,5,77.99
3040,3040,40,1,78.99
3041,3041,41,2,79.99
3042,3042,42,3,80.99
3043,3043,43,4,81.99
3044,3044,44,5,82.99
3045,3045,45,1,83.99
3046,3046,46,2,84.99
3047,3047,47,3,85.99
3048,3048,48,4,86.99
3049,3049,49,5,87.99
3050,3050,50,1,88.99
3051,3051,51,2,89.99
3052,3052,52,3,90.99
3053,3053,53,4,91.99
3054,3054,54,5,92.99
3055,3055,55,1,93.99
3056,3056,56,2,94.99
3057,3057,57,3,95.99
3058,3058,58,4,96.99
3059,3059,59,5,97.99
3060,3060,60,1,98.99
3061,3061,61,2,9.99
3062,3062,62,3,10.99
3063,3063,63,4,11.99
3064,3064,64,5,12.99
3065,3065,65,1,13.99
3066,3066,66,2,14.99
3067,3067,67,3,15.99
3068,3068,68,4,16.99
3069,3069,69,5,17.99
3070,3070,70,1,18.99
3071,3071,71,2,19.99
3072,3072,72,3,20.99
3073,3073,73,4,21.99
3074,3074,74,5,22.99
3075,3075,75,1,23.99
3076,3076,76,2,24.99
3077,3077,77,3,25.99
3078,3078,78,4,26.99
3079,3079,79,5,27.99
3080,3080,80,1,28.99
3081,3081,81,2,29.99
3082,3082,82,3,30.99
3083,3083,83,4,31.99
3084,3084,84,5,32.99
3085,3085,85,1,33.99
3086,3086,86,2,34.99
3087,3087,87,3,35.99
3088,3088,88,4,36.99
3089,3089,89,5,37.99
3090,3090,90,1,38.99
3091,3091,91,2,39.99
3092,3092,92,3,40.99
3093,3093,93,4,41.99
3094,3094,94,5,42.99
3095,3095,95,1,43.99
3096,3096,96,2,44.99
3097,3097,97,3,45.99
3098,3098,98,4,46.99
3099,3099,99,5,47.99
3100,3100,100,1,48.99
3101,3101,101,2,49.99
3102,3102,102,3,50.99
3103,3103,103,4,51.99
3104,3104,104,5,52.99
3105,3105,105,1,53.99
3106,3106,106,2,54.99
3107,3107,107,3,55.99
3108,3108,108,4,56.99
3109,3109,109,5,57.99
3110,3110,110,1,58.99
3111,3111,111,2,59.99
3112,3112,112,3,60.99
3113,3113,113,4,61.99
3114,3114,114,5,62.99
3115,3115,115,1,63.99
3116,3116,116,2,64.99
3117,3117,117,3,65.99
3118,3118,118,4,66.99
3119,3119,119,5,67.99
3120,3120,120,1,68.99
3121,3121,121,2,69.99
3122,3122,122,3,70.99
3123,3123,123,4,71.99
3124,3124,124,5,72.99
3125,3125,125,1,73.99
3126,3126,126,2,74.99
3127,3127,127,3,75.99
3128,3128,128,4,76.99
3129,3129,129,5,77.99
3130,3130,130,1,78.99
3131,3131,131,2,79.99
3132,3132,132,3,80.99
3133,3133,133,4,81.99
3134,3134,134,5,82.99
3135,3135,135,1,83.99
3136,3136,136,2,84.99
3137,3137,137,3,85.99
3138,3138,138,4,86.99
3139,3139,139,5,87.99
3140,3140,140,1,88.99
3141,3141,141,2,89.99
3142,3142,142,3,90.99
3143,3143,143,4,91.99
3144,3144,144,5,92.99
3145,3145,145,1,93.99
3146,3146,146,2,94.99
3147,3147,147,3,95.99
3148,3148,148,4,96.99
3149,3149,149,5,97.99
3150,3150,150,1,98.99
3151,3151,151,2,9.99
3152,3152,152,3,10.99
3153,3153,153,4,11.99
3154,3154,154,5,12.99
3155,3155,155,1,13.99
3156,3156,156,2,14.99
3157,3157,157,3,15.99
3158,3158,158,4,16.99
3159,3159,159,5,17.99
3160,3160,160,1,18.99
3161,3161,161,2,19.99
3162,3162,162,3,20.99
3163,3163,163,4,21.99
3164,3164,164,5,22.99
3165,3165,165,1,23.99
3166,3166,166,2,24.99
3167,3167,167,3,25.99
3168,3168,168,4,26.99
3169,3169,169,5,27.99
3170,3170,170,1,28.99
3171,3171,171,2,29.99
3172,3172,172,3,30.99
3173,3173,173,4,31.99
3174,3174,174,5,32.99
3175,3175,175,1,33.99
3176,3176,176,2,34.99
3177,3177,177,3,35.99
3178,3178,178,4,36.99
3179,3179,179,5,37.99
3180,3180,180,1,38.99
3181,3181,181,2,39.99
3182,3182,182,3,40.99
3183,3183,183,4,41.99
3184,3184,184,5,42.99
3185,3185,185,1,43.99
3186,3186,186,2,44.99
3187,3187,187,3,45.99
3188,3188,188,4,46.99
3189,3189,189,5,47.99
3190,3190,190,1,48.99
3191,3191,191,2,49.99
3192,3192,192,3,50.99
3193,3193,193,4,51.99
3194,3194,194,5,52.99
3195,3195,195,1,53.99
3196,3196,196,2,54.99
3197,3197,197,3,55.99
3198,3198,198,4,56.99
3199,3199,199,5,57.99
3200,3200,200,1,58.99
3201,3201,201,2,59.99
3202,3202,202,3,60.99
3203,3203,203,4,61.99
3204,3204,204,5,62.99
3205,3205,205,1,63.99
3206,3206,206,2,64.99
3207,3207,207,3,65.99
3208,3208,208,4,66.99
3209,3209,209,5,67.99
3210,3210,210,1,68.99
3211,3211,211,2,69.99
3212,3212,212,3,70.99
3213,3213,213,4,71.99
3214,3214,214,5,72.99
3215,3215,215,1,73.99
3216,3216,216,2,74.99
3217,3217,217,3,75.99
3218,3218,218,4,76.99
3219,3219,219,5,77.99
3220,3220,220,1,78.99
3221,3221,221,2,79.99
3222,3222,222,3,80.99
3223,3223,223,4,81.99
3224,3224,224,5,82.99
3225,3225,225,1,83.99
3226,3226,226,2,84.99
3227,3227,227,3,85.99
3228,3228,228,4,86.99
3229,3229,229,5,87.99
3230,3230,230,1,88.99
3231,3231,231,2,89.99
3232,3232,232,3,90.99
3233,3233,233,4,91.99
3234,3234,234,5,92.99
3235,3235,235,1,93.99
3236,3236,236,2,94.99
3237,3237,237,3,95.99
3238,3238,238,4,96.99
3239,3239,239,5,97.99
3240,3240,240,1,98.99
3241,3241,241,2,9.99
3242,3242,242,3,10.99
3243,3243,243,4,11.99
3244,3244,244,5,12.99
3245,3245,245,1,13.99
3246,3246,246,2,14.99
3247,3247,247,3,15.99
3248,3248,248,4,16.99
3249,3249,249,5,17.99
3250,3250,250,1,18.99
3251,3251,251,2,19.99
3252,3252,252,3,20.99
3253,3253,253,4,21.99
3254,3254,254,5,22.99
3255,3255,255,1,23.99
3256,3256,256,2,24.99
3257,3257,257,3,25.99
3258,3258,258,4,26.99
3259,3259,259,5,27.99
3260,3260,260,1,28.99
3261,3261,261,2,29.99
3262,3262,262,3,30.99
3263,3263,263,4,31.99
3264,3264,264,5,32.99
3265,3265,265,1,33.99
3266,3266,266,2,34.99
3267,3267,267,3,35.99
3268,3268,268,4,36.99
3269,3269,269,5,37.99
3270,3270,270,1,38.99
3271,3271,271,2,39.99
3272,3272,272,3,40.99
3273,3273,273,4,41.99
3274,3274,274,5,42.99
3275,3275,275,1,43.99
3276,3276,276,2,44.99
3277,3277,277,3,45.99
3278,3278,278,4,46.99
3279,3279,279,5,47.99
3280,3280,280,1,48.99
3281,3281,281,2,49.99
3282,3282,282,3,50.99
3283,3283,283,4,51.99
3284,3284,284,5,52.99
3285,3285,285,1,53.99
3286,3286,286,2,54.99
3287,3287,287,3,55.99
3288,3288,288,4,56.99
3289,3289,289,5,57.99
3290,3290,290,1,58.99
3291,3291,291,2,59.99
3292,3292,292,3,60.99
3293,3293,293,4,61.99
3294,3294,294,5,62.99
3295,3295,295,1,63.99
3296,3296,296,2,64.99
3297,3297,297,3,65.99
3298,3298,298,4,66.99
3299,3299,299,5,67.99
3300,3300,300,1,68.99
3301,3301,301,2,69.99
3302,3302,302,3,70.99
3303,3303,303,4,71.99
3304,3304,304,5,72.99
3305,3305,305,1,73.99
3306,3306,306,2,74.99
3307,3307,307,3,75.99
3308,3308,308,4,76.99
3309,3309,309,5,77.99
3310,3310,310,1,78.99
3311,3311,311,2,79.99
3312,3312,312,3,80.99
3313,3313,313,4,81.99
3314,3314,314,5,82.99
3315,3315,315,1,83.99
3316,3316,316,2,84.99
3317,3317,317,3,85.99
3318,3318,318,4,86.99
3319,3319,319,5,87.99
3320,3320,320,1,88.99
3321,3321,321,2,89.99
3322,3322,322,3,90.99
3323,3323,323,4,91.99
3324,3324,324,5,92.99
3325,3325,325,1,93.99
3326,3326,326,2,94.99
3327,3327,327,3,95.99
3328,3328,328,4,96.99
3329,3329,329,5,97.99
3330,3330,330,1,98.99
3331,3331,331,2,9.99
3332,3332,332,3,10.99
3333,3333,333,4,11.99
3334,3334,334,5,12.99
3335,3335,335,1,13.99
3336,3336,336,2,14.99
3337,3337,337,3,15.99
3338,3338,338,4,16.99
3339,3339,339,5,17.99
3340,3340,340,1,18.99
3341,3341,341,2,19.99
3342,3342,342,3,20.99
3343,3343,343,4,21.99
3344,3344,344,5,22.99
3345,3345,345,1,23.99
3346,3346,346,2,24.99
3347,3347,347,3,25.99
3348,3348,348,4,26.99
3349,3349,349,5,27.99
3350,3350,350,1,28.99
3351,3351,351,2,29.99
3352,3352,352,3,30.99
3353,3353,353,4,31.99
3354,3354,354,5,32.99
3355,3355,355,1,33.99
3356,3356,356,2,34.99
3357,3357,357,3,35.99
3358,3358,358,4,36.99
3359,3359,359,5,37.99
3360,3360,360,1,38.99
3361,3361,361,2,39.99
3362,3362,362,3,40.99
3363,3363,363,4,41.99
3364,3364,364,5,42.99
3365,3365,365,1,43.99
3366,3366,366,2,44.99
3367,3367,367,3,45.99
3368,3368,368,4,46.99
3369,3369,369,5,47.99
3370,3370,370,1,48.99
3371,3371,371,2,49.99
3372,3372,372,3,50.99
3373,3373,373,4,51.99
3374,3374,374,5,52.99
3375,3375,375,1,53.99
3376,3376,376,2,54.99
3377,3377,377,3,55.99
3378,3378,378,4,56.99
3379,3379,379,5,57.99
3380,3380,380,1,58.99
3381,3381,381,2,59.99
3382,3382,382,3,60.99
3383,3383,383,4,61.99
3384,3384,384,5,62.99
3385,3385,385,1,63.99
3386,3386,386,2,64.99
3387,3387,387,3,65.99
3388,3388,388,4,66.99
3389,3389,389,5,67.99
3390,3390,390,1,68.99
3391,3391,391,2,69.99
3392,3392,392,3,70.99
3393,3393,393,4,71.99
3394,3394,394,5,72.99
3395,3395,395,1,73.99
3396,3396,396,2,74.99
3397,3397,397,3,75.99
3398,3398,398,4,76.99
3399,3399,399,5,77.99
3400,3400,400,1,78.99
3401,3401,401,2,79.99
3402,3402,402,3,80.99
3403,3403,403,4,81.99
3404,3404,404,5,82.99
3405,3405,405,1,83.99
3406,3406,406,2,84.99
3407,3407,407,3,85.99
3408,3408,408,4,86.99
3409,3409,409,5,87.99
3410,3410,410,1,88.99
3411,3411,411,2,89.99
3412,3412,412,3,90.99
3413,3413,413,4,91.99
3414,3414,414,5,92.99
3415,3415,415,1,93.99
3416,3416,416,2,94.99
3417,3417,417,3,95.99
3418,3418,418,4,96.99
3419,3419,419,5,97.99
3420,3420,420,1,98.99
3421,3421,421,2,9.99
3422,3422,422,3,10.99
3423,3423,423,4,11.99
3424,3424,424,5,12.99
3425,3425,425,1,13.99
3426,3426,426,2,14.99
3427,3427,427,3,15.99
3428,3428,428,4,16.99
3429,3429,429,5,17.99
3430,3430,430,1,18.99
3431,3431,431,2,19.99
3432,3432,432,3,20.99
3433,3433,433,4,21.99
3434,3434,434,5,22.99
3435,3435,435,1,23.99
3436,3436,436,2,24.99
3437,3437,437,3,25.99
3438,3438,438,4,26.99
3439,3439,439,5,27.99
3440,3440,440,1,28.99
3441,3441,441,2,29.99
3442,3442,442,3,30.99
3443,3443,443,4,31.99
3444,3444,444,5,32.99
3445,3445,445,1,33.99
3446,3446,446,2,34.99
3447,3447,447,3,35.99
3448,3448,448,4,36.99
3449,3449,449,5,37.99
3450,3450,450,1,38.99
3451,3451,451,2,39.99
3452,3452,452,3,40.99
3453,3453,453,4,41.99
3454,3454,454,5,42.99
3455,3455,455,1,43.99
3456,3456,456,2,44.99
3457,3457,457,3,45.99
3458,3458,458,4,46.99
3459,3459,459,5,47.99
3460,3460,460,1,48.99
3461,3461,461,2,49.99
3462,3462,462,3,50.99
3463,3463,463,4,51.99
3464,3464,464,5,52.99
3465,3465,465,1,53.99
3466,3466,466,2,54.99
3467,3467,467,3,55.99
3468,3468,468,4,56.99
3469,3469,469,5,57.99
3470,3470,470,1,58.99
3471,3471,471,2,59.99
3472,3472,472,3,60.99
3473,3473,473,4,61.99
3474,3474,474,5,62.99
3475,3475,475,1,63.99
3476,3476,476,2,64.99
3477,3477,477,3,65.99
3478,3478,478,4,66.99
3479,3479,479,5,67.99
3480,3480,480,1,68.99
3481,3481,481,2,69.99
3482,3482,482,3,70.99
3483,3483,483,4,71.99
3484,3484,484,5,72.99
3485,3485,485,1,73.99
3486,3486,486,2,74.99
3487,3487,487,3,75.99
3488,3488,488,4,76.99
3489,3489,489,5,77.99
3490,3490,490,1,78.99
3491,3491,491,2,79.99
3492,3492,492,3,80.99
3493,3493,493,4,81.99
3494,3494,494,5,82.99
3495,3495,495,1,83.99
3496,3496,496,2,84.99
3497,3497,497,3,85.99
3498,3498,498,4,86.99
3499,3499,499,5,87.99
3500,3500,500,1,88.99
3501,3501,1,2,89.99
3502,3502,2,3,90.99
3503,3503,3,4,91.99
3504,3504,4,5,92.99
3505,3505,5,1,93.99
3506,3506,6,2,94.99
3507,3507,7,3,95.99
3508,3508,8,4,96.99
3509,3509,9,5,97.99
3510,3510,10,1,98.99
3511,3511,11,2,9.99
3512,3512,12,3,10.99
3513,3513,13,4,11.99
3514,3514,14,5,12.99
3515,3515,15,1,13.99
3516,3516,16,2,14.99
3517,3517,17,3,15.99
3518,3518,18,4,16.99
3519,3519,19,5,17.99
3520,3520,20,1,18.99
3521,3521,21,2,19.99
3522,3522,22,3,20.99
3523,3523,23,4,21.99
3524,3524,24,5,22.99
3525,3525,25,1,23.99
3526,3526,26,2,24.99
3527,3527,27,3,25.99
3528,3528,28,4,26.99
3529,3529,29,5,27.99
3530,3530,30,1,28.99
3531,3531,31,2,29.99
3532,3532,32,3,30.99
3533,3533,33,4,31.99
3534,3534,34,5,32.99
3535,3535,35,1,33.99
3536,3536,36,2,34.99
3537,3537,37,3,35.99
3538,3538,38,4,36.99
3539,3539,39,5,37.99
3540,3540,40,1,38.99
3541,3541,41,2,39.99
3542,3542,42,3,40.99
3543,3543,43,4,41.99
3544,3544,44,5,42.99
3545,3545,45,1,43.99
3546,3546,46,2,44.99
3547,3547,47,3,45.99
3548,3548,48,4,46.99
3549,3549,49,5,47.99
3550,3550,50,1,48.99
3551,3551,51,2,49.99
3552,3552,52,3,50.99
3553,3553,53,4,51.99
3554,3554,54,5,52.99
3555,3555,55,1,53.99
3556,3556,56,2,54.99
3557,3557,57,3,55.99
3558,3558,58,4,56.99
3559,3559,59,5,57.99
3560,3560,60,1,58.99
3561,3561,61,2,59.99
3562,3562,62,3,60.99
3563,3563,63,4,61.99
3564,3564,64,5,62.99
3565,3565,65,1,63.99
3566,3566,66,2,64.99
3567,3567,67,3,65.99
3568,3568,68,4,66.99
3569,3569,69,5,67.99
3570,3570,70,1,68.99
3571,3571,71,2,69.99
3572,3572,72,3,70.99
3573,3573,73,4,71.99
3574,3574,74,5,72.99
3575,3575,75,1,73.99
3576,3576,76,2,74.99
3577,3577,77,3,75.99
3578,3578,78,4,76.99
3579,3579,79,5,77.99
3580,3580,80,1,78.99
3581,3581,81,2,79.99
3582,3582,82,3,80.99
3583,3583,83,4,81.99
3584,3584,84,5,82.99
3585,3585,85,1,83.99
3586,3586,86,2,84.99
3587,3587,87,3,85.99
3588,3588,88,4,86.99
3589,3589,89,5,87.99
3590,3590,90,1,88.99
3591,3591,91,2,89.99
3592,3592,92,3,90.99
3593,3593,93,4,91.99
3594,3594,94,5,92.99
3595,3595,95,1,93.99
3596,3596,96,2,94.99
3597,3597,97,3,95.99
3598,3598,98,4,96.99
3599,3599,99,5,97.99
3600,3600,100,1,98.99
3601,3601,101,2,9.99
3602,3602,102,3,10.99
3603,3603,103,4,11.99
3604,3604,104,5,12.99
3605,3605,105,1,13.99
3606,3606,106,2,14.99
3607,3607,107,3,15.99
3608,3608,108,4,16.99
3609,3609,109,5,17.99
3610,3610,110,1,18.99
3611,3611,111,2,19.99
3612,3612,112,3,20.99
3613,3613,113,4,21.99
3614,3614,114,5,22.99
3615,3615,115,1,23.99
3616,3616,116,2,24.99
3617,3617,117,3,25.99
3618,3618,118,4,26.99
3619,3619,119,5,27.99
3620,3620,120,1,28.99
3621,3621,121,2,29.99
3622,3622,122,3,30.99
3623,3623,123,4,31.99
3624,3624,124,5,32.99
3625,3625,125,1,33.99
3626,3626,126,2,34.99
3627,3627,127,3,35.99
3628,3628,128,4,36.99
3629,3629,129,5,37.99
3630,3630,130,1,38.99
3631,3631,131,2,39.99
3632,3632,132,3,40.99
3633,3633,133,4,41.99
3634,3634,134,5,42.99
3635,3635,135,1,43.99
3636,3636,136,2,44.99
3637,3637,137,3,45.99
3638,3638,138,4,46.99
3639,3639,139,5,47.99
3640,3640,140,1,48.99
3641,3641,141,2,49.99
3642,3642,142,3,50.99
3643,3643,143,4,51.99
3644,3644,144,5,52.99
3645,3645,145,1,53.99
3646,3646,146,2,54.99
3647,3647,147,3,55.99
3648,3648,148,4,56.99
3649,3649,149,5,57.99
3650,3650,150,1,58.99
3651,3651,151,2,59.99
3652,3652,152,3,60.99
3653,3653,153,4,61.99
3654,3654,154,5,62.99
3655,3655,155,1,63.99
3656,3656,156,2,64.99
3657,3657,157,3,65.99
3658,3658,158,4,66.99
3659,3659,159,5,67.99
3660,3660,160,1,68.99
3661,3661,161,2,69.99
3662,3662,162,3,70.99
3663,3663,163,4,71.99
3664,3664,164,5,72.99
3665,3665,165,1,73.99
3666,3666,166,2,74.99
3667,3667,167,3,75.99
3668,3668,168,4,76.99
3669,3669,169,5,77.99
3670,3670,170,1,78.99
3671,3671,171,2,79.99
3672,3672,172,3,80.99
3673,3673,173,4,81.99
3674,3674,174,5,82.99
3675,3675,175,1,83.99
3676,3676,176,2,84.99
3677,3677,177,3,85.99
3678,3678,178,4,86.99
3679,3679,179,5,87.99
3680,3680,180,1,88.99
3681,3681,181,2,89.99
3682,3682,182,3,90.99
3683,3683,183,4,91.99
3684,3684,184,5,92.99
3685,3685,185,1,93.99
3686,3686,186,2,94.99
3687,3687,187,3,95.99
3688,3688,188,4,96.99
3689,3689,189,5,97.99
3690,3690,190,1,98.99
3691,3691,191,2,9.99
3692,3692,192,3,10.99
3693,3693,193,4,11.99
3694,3694,194,5,12.99
3695,3695,195,1,13.99
3696,3696,196,2,14.99
3697,3697,197,3,15.99
3698,3698,198,4,16.99
3699,3699,199,5,17.99
3700,3700,200,1,18.99
3701,3701,201,2,19.99
3702,3702,202,3,20.99
3703,3703,203,4,21.99
3704,3704,204,5,22.99
3705,3705,205,1,23.99
3706,3706,206,2,24.99
3707,3707,207,3,25.99
3708,3708,208,4,26.99
3709,3709,209,5,27.99
3710,3710,210,1,28.99
3711,3711,211,2,29.99
3712,3712,212,3,30.99
3713,3713,213,4,31.99
3714,3714,214,5,32.99
3715,3715,215,1,33.99
3716,3716,216,2,34.99
3717,3717,217,3,35.99
3718,3718,218,4,36.99
3719,3719,219,5,37.99
3720,3720,220,1,38.99
3721,3721,221,2,39.99
3722,3722,222,3,40.99
3723,3723,223,4,41.99
3724,3724,224,5,42.99
3725,3725,225,1,43.99
3726,3726,226,2,44.99
3727,3727,227,3,45.99
3728,3728,228,4,46.99
3729,3729,229,5,47.99
3730,3730,230,1,48.99
3731,3731,231,2,49.99
3732,3732,232,3,50.99
3733,3733,233,4,51.99
3734,3734,234,5,52.99
3735,3735,235,1,53.99
3736,3736,236,2,54.99
3737,3737,237,3,55.99
3738,3738,238,4,56.99
3739,3739,239,5,57.99
3740,3740,240,1,58.99
3741,3741,241,2,59.99
3742,3742,242,3,60.99
3743,3743,243,4,61.99
3744,3744,244,5,62.99
3745,3745,245,1,63.99
3746,3746,246,2,64.99
3747,3747,247,3,65.99
3748,3748,248,4,66.99
3749,3749,249,5,67.99
3750,3750,250,1,68.99
3751,3751,251,2,69.99
3752,3752,252,3,70.99
3753,3753,253,4,71.99
3754,3754,254,5,72.99
3755,3755,255,1,73.99
3756,3756,256,2,74.99
3757,3757,257,3,75.99
3758,3758,258,4,76.99
3759,3759,259,5,77.99
3760,3760,260,1,78.99
3761,3761,261,2,79.99
3762,3762,262,3,80.99
3763,3763,263,4,81.99
3764,3764,264,5,82.99
3765,3765,265,1,83.99
3766,3766,266,2,84.99
3767,3767,267,3,85.99
3768,3768,268,4,86.99
3769,3769,269,5,87.99
3770,3770,270,1,88.99
3771,3771,271,2,89.99
3772,3772,272,3,90.99
3773,3773,273,4,91.99
3774,3774,274,5,92.99
3775,3775,275,1,93.99
3776,3776,276,2,94.99
3777,3777,277,3,95.99
3778,3778,278,4,96.99
3779,3779,279,5,97.99
3780,3780,280,1,98.99
3781,3781,281,2,9.99
3782,3782,282,3,10.99
3783,3783,283,4,11.99
3784,3784,284,5,12.99
3785,3785,285,1,13.99
3786,3786,286,2,14.99
3787,3787,287,3,15.99
3788,3788,288,4,16.99
3789,3789,289,5,17.99
3790,3790,290,1,18.99
3791,3791,291,2,19.99
3792,3792,292,3,20.99
3793,3793,293,4,21.99
3794,3794,294,5,22.99
3795,3795,295,1,23.99
3796,3796,296,2,24.99
3797,3797,297,3,25.99
3798,3798,298,4,26.99
3799,3799,299,5,27.99
3800,3800,300,1,28.99
3801,3801,301,2,29.99
3802,3802,302,3,30.99
3803,3803,303,4,31.99
3804,3804,304,5,32.99
3805,3805,305,1,33.99
3806,3806,306,2,34.99
3807,3807,307,3,35.99
3808,3808,308,4,36.99
3809,3809,309,5,37.99
3810,3810,310,1,38.99
3811,3811,311,2,39.99
3812,3812,312,3,40.99
3813,3813,313,4,41.99
3814,3814,314,5,42.99
3815,3815,315,1,43.99
3816,3816,316,2,44.99
3817,3817,317,3,45.99
3818,3818,318,4,46.99
3819,3819,319,5,47.99
3820,3820,320,1,48.99
3821,3821,321,2,49.99
3822,3822,322,3,50.99
3823,3823,323,4,51.99
3824,3824,324,5,52.99
3825,3825,325,1,53.99
3826,3826,326,2,54.99
3827,3827,327,3,55.99
3828,3828,328,4,56.99
3829,3829,329,5,57.99
3830,3830,330,1,58.99
3831,3831,331,2,59.99
3832,3832,332,3,60.99
3833,3833,333,4,61.99
3834,3834,334,5,62.99
3835,3835,335,1,63.99
3836,3836,336,2,64.99
3837,3837,337,3,65.99
3838,3838,338,4,66.99
3839,3839,339,5,67.99
3840,3840,340,1,68.99
3841,3841,341,2,69.99
3842,3842,342,3,70.99
3843,3843,343,4,71.99
3844,3844,344,5,72.99
3845,3845,345,1,73.99
3846,3846,346,2,74.99
3847,3847,347,3,75.99
3848,3848,348,4,76.99
3849,3849,349,5,77.99
3850,3850,350,1,78.99
3851,3851,351,2,79.99
3852,3852,352,3,80.99
3853,3853,353,4,81.99
3854,3854,354,5,82.99
3855,3855,355,1,83.99
3856,3856,356,2,84.99
3857,3857,357,3,85.99
3858,3858,358,4,86.99
3859,3859,359,5,87.99
3860,3860,360,1,88.99
3861,3861,361,2,89.99
3862,3862,362,3,90.99
3863,3863,363,4,91.99
3864,3864,364,5,92.99
3865,3865,365,1,93.99
3866,3866,366,2,94.99
3867,3867,367,3,95.99
3868,3868,368,4,96.99
3869,3869,369,5,97.99
3870,3870,370,1,98.99
3871,3871,371,2,9.99
3872,3872,372,3,10.99
3873,3873,373,4,11.99
3874,3874,374,5,12.99
3875,3875,375,1,13.99
3876,3876,376,2,14.99
3877,3877,377,3,15.99
3878,3878,378,4,16.99
3879,3879,379,5,17.99
3880,3880,380,1,18.99
3881,3881,381,2,19.99
3882,3882,382,3,20.99
3883,3883,383,4,21.99
3884,3884,384,5,22.99
3885,3885,385,1,23.99
3886,3886,386,2,24.99
3887,3887,387,3,25.99
3888,3888,388,4,26.99
3889,3889,389,5,27.99
3890,3890,390,1,28.99
3891,3891,391,2,29.99
3892,3892,392,3,30.99
3893,3893,393,4,31.99
3894,3894,394,5,32.99
3895,3895,395,1,33.99
3896,3896,396,2,34.99
3897,3897,397,3,35.99
3898,3898,398,4,36.99
3899,3899,399,5,37.99
3900,3900,400,1,38.99
3901,3901,401,2,39.99
3902,3902,402,3,40.99
3903,3903,403,4,41.99
3904,3904,404,5,42.99
3905,3905,405,1,43.99
3906,3906,406,2,44.99
3907,3907,407,3,45.99
3908,3908,408,4,46.99
3909,3909,409,5,47.99
3910,3910,410,1,48.99
3911,3911,411,2,49.99
3912,3912,412,3,50.99
3913,3913,413,4,51.99
3914,3914,414,5,52.99
3915,3915,415,1,53.99
3916,3916,416,2,54.99
3917,3917,417,3,55.99
3918,3918,418,4,56.99
3919,3919,419,5,57.99
3920,3920,420,1,58.99
3921,3921,421,2,59.99
3922,3922,422,3,60.99
3923,3923,423,4,61.99
3924,3924,424,5,62.99
3925,3925,425,1,63.99
3926,3926,426,2,64.99
3927,3927,427,3,65.99
3928,3928,428,4,66.99
3929,3929,429,5,67.99
3930,3930,430,1,68.99
3931,3931,431,2,69.99
3932,3932,432,3,70.99
3933,3933,433,4,71.99
3934,3934,434,5,72.99
3935,3935,435,1,73.99
3936,3936,436,2,74.99
3937,3937,437,3,75.99
3938,3938,438,4,76.99
3939,3939,439,5,77.99
3940,3940,440,1,78.99
3941,3941,441,2,79.99
3942,3942,442,3,80.99
3943,3943,443,4,81.99
3944,3944,444,5,82.99
3945,3945,445,1,83.99
3946,3946,446,2,84.99
3947,3947,447,3,85.99
3948,3948,448,4,86.99
3949,3949,449,5,87.99
3950,3950,450,1,88.99
3951,3951,451,2,89.99
3952,3952,452,3,90.99
3953,3953,453,4,91.99
3954,3954,454,5,92.99
3955,3955,455,1,93.99
3956,3956,456,2,94.99
3957,3957,457,3,95.99
3958,3958,458,4,96.99
3959,3959,459,5,97.99
3960,3960,460,1,98.99
3961,3961,461,2,9.99
3962,3962,462,3,10.99
3963,3963,463,4,11.99
3964,3964,464,5,12.99
3965,3965,465,1,13.99
3966,3966,466,2,14.99
3967,3967,467,3,15.99
3968,3968,468,4,16.99
3969,3969,469,5,17.99
3970,3970,470,1,18.99
3971,3971,471,2,19.99
3972,3972,472,3,20.99
3973,3973,473,4,21.99
3974,3974,474,5,22.99
3975,3975,475,1,23.99
3976,3976,476,2,24.99
3977,3977,477,3,25.99
3978,3978,478,4,26.99
3979,3979,479,5,27.99
3980,3980,480,1,28.99
3981,3981,481,2,29.99
3982,3982,482,3,30.99
3983,3983,483,4,31.99
3984,3984,484,5,32.99
3985,3985,485,1,33.99
3986,3986,486,2,34.99
3987,3987,487,3,35.99
3988,3988,488,4,36.99
3989,3989,489,5,37.99
3990,3990,490,1,38.99
3991,3991,491,2,39.99
3992,3992,492,3,40.99
3993,3993,493,4,41.99
3994,3994,494,5,42.99
3995,3995,495,1,43.99
3996,3996,496,2,44.99
3997,3997,497,3,45.99
3998,3998,498,4,46.99
3999,3999,499,5,47.99
4000,4000,500,1,48.99
4001,4001,1,2,49.99
4002,4002,2,3,50.99
4003,4003,3,4,51.99
4004,4004,4,5,52.99
4005,4005,5,1,53.99
4006,4006,6,2,54.99
4007,4007,7,3,55.99
4008,4008,8,4,56.99
4009,4009,9,5,57.99
4010,4010,10,1,58.99
4011,4011,11,2,59.99
4012,4012,12,3,60.99
4013,4013,13,4,61.99
4014,4014,14,5,62.99
4015,4015,15,1,63.99
4016,4016,16,2,64.99
4017,4017,17,3,65.99
4018,4018,18,4,66.99
4019,4019,19,5,67.99
4020,4020,20,1,68.99
4021,4021,21,2,69.99
4022,4022,22,3,70.99
4023,4023,23,4,71.99
4024,4024,24,5,72.99
4025,4025,25,1,73.99
4026,4026,26,2,74.99
4027,4027,27,3,75.99
4028,4028,28,4,76.99
4029,4029,29,5,77.99
4030,4030,30,1,78.99
4031,4031,31,2,79.99
4032,4032,32,3,80.99
4033,4033,33,4,81.99
4034,4034,34,5,82.99
4035,4035,35,1,83.99
4036,4036,36,2,84.99
4037,4037,37,3,85.99
4038,4038,38,4,86.99
4039,4039,39,5,87.99
4040,4040,40,1,88.99
4041,4041,41,2,89.99
4042,4042,42,3,90.99
4043,4043,43,4,91.99
4044,4044,44,5,92.99
4045,4045,45,1,93.99
4046,4046,46,2,94.99
4047,4047,47,3,95.99
4048,4048,48,4,96.99
4049,4049,49,5,97.99
4050,4050,50,1,98.99
4051,4051,51,2,9.99
4052,4052,52,3,10.99
4053,4053,53,4,11.99
4054,4054,54,5,12.99
4055,4055,55,1,13.99
4056,4056,56,2,14.99
4057,4057,57,3,15.99
4058,4058,58,4,16.99
4059,4059,59,5,17.99
4060,4060,60,1,18.99
4061,4061,61,2,19.99
4062,4062,62,3,20.99
4063,4063,63,4,21.99
4064,4064,64,5,22.99
4065,4065,65,1,23.99
4066,4066,66,2,24.99
4067,4067,67,3,25.99
4068,4068,68,4,26.99
4069,4069,69,5,27.99
4070,4070,70,1,28.99
4071,4071,71,2,29.99
4072,4072,72,3,30.99
4073,4073,73,4,31.99
4074,4074,74,5,32.99
4075,4075,75,1,33.99
4076,4076,76,2,34.99
4077,4077,77,3,35.99
4078,4078,78,4,36.99
4079,4079,79,5,37.99
4080,4080,80,1,38.99
4081,4081,81,2,39.99
4082,4082,82,3,40.99
4083,4083,83,4,41.99
4084,4084,84,5,42.99
4085,4085,85,1,43.99
4086,4086,86,2,44.99
4087,4087,87,3,45.99
4088,4088,88,4,46.99
4089,4089,89,5,47.99
4090,4090,90,1,48.99
4091,4091,91,2,49.99
4092,4092,92,3,50.99
4093,4093,93,4,51.99
4094,4094,94,5,52.99
4095,4095,95,1,53.99
4096,4096,96,2,54.99
4097,4097,97,3,55.99
4098,4098,98,4,56.99
4099,4099,99,5,57.99
4100,4100,100,1,58.99
4101,4101,101,2,59.99
4102,4102,102,3,60.99
4103,4103,103,4,61.99
4104,4104,104,5,62.99
4105,4105,105,1,63.99
4106,4106,106,2,64.99
4107,4107,107,3,65.99
4108,4108,108,4,66.99
4109,4109,109,5,67.99
4110,4110,110,1,68.99
4111,4111,111,2,69.99
4112,4112,112,3,70.99
4113,4113,113,4,71.99
4114,4114,114,5,72.99
4115,4115,115,1,73.99
4116,4116,116,2,74.99
4117,4117,117,3,75.99
4118,4118,118,4,76.99
4119,4119,119,5,77.99
4120,4120,120,1,78.99
4121,4121,121,2,79.99
4122,4122,122,3,80.99
4123,4123,123,4,81.99
4124,4124,124,5,82.99
4125,4125,125,1,83.99
4126,4126,126,2,84.99
4127,4127,127,3,85.99
4128,4128,128,4,86.99
4129,4129,129,5,87.99
4130,4130,130,1,88.99
4131,4131,131,2,89.99
4132,4132,132,3,90.99
4133,4133,133,4,91.99
4134,4134,134,5,92.99
4135,4135,135,1,93.99
4136,4136,136,2,94.99
4137,4137,137,3,95.99
4138,4138,138,4,96.99
4139,4139,139,5,97.99
4140,4140,140,1,98.99
4141,4141,141,2,9.99
4142,4142,142,3,10.99
4143,4143,143,4,11.99
4144,4144,144,5,12.99
4145,4145,145,1,13.99
4146,4146,146,2,14.99
4147,4147,147,3,15.99
4148,4148,148,4,16.99
4149,4149,149,5,17.99
4150,4150,150,1,18.99
4151,4151,151,2,19.99
4152,4152,152,3,20.99
4153,4153,153,4,21.99
4154,4154,154,5,22.99
4155,4155,155,1,23.99
4156,4156,156,2,24.99
4157,4157,157,3,25.99
4158,4158,158,4,26.99
4159,4159,159,5,27.99
4160,4160,160,1,28.99
4161,4161,161,2,29.99
4162,4162,162,3,30.99
4163,4163,163,4,31.99
4164,4164,164,5,32.99
4165,4165,165,1,33.99
4166,4166,166,2,34.99
4167,4167,167,3,35.99
4168,4168,168,4,36.99
4169,4169,169,5,37.99
4170,4170,170,1,38.99
4171,4171,171,2,39.99
4172,4172,172,3,40.99
4173,4173,173,4,41.99
4174,4174,174,5,42.99
4175,4175,175,1,43.99
4176,4176,176,2,44.99
4177,4177,177,3,45.99
4178,4178,178,4,46.99
4179,4179,179,5,47.99
4180,4180,180,1,48.99
4181,4181,181,2,49.99
4182,4182,182,3,50.99
4183,4183,183,4,51.99
4184,4184,184,5,52.99
4185,4185,185,1,53.99
4186,4186,186,2,54.99
4187,4187,187,3,55.99
4188,4188,188,4,56.99
4189,4189,189,5,57.99
4190,4190,190,1,58.99
4191,4191,191,2,59.99
4192,4192,192,3,60.99
4193,4193,193,4,61.99
4194,4194,194,5,62.99
4195,4195,195,1,63.99
4196,4196,196,2,64.99
4197,4197,197,3,65.99
4198,4198,198,4,66.99
4199,4199,199,5,67.99
4200,4200,200,1,68.99
4201,4201,201,2,69.99
4202,4202,202,3,70.99
4203,4203,203,4,71.99
4204,4204,204,5,72.99
4205,4205,205,1,73.99
4206,4206,206,2,74.99
4207,4207,207,3,75.99
4208,4208,208,4,76.99
4209,4209,209,5,77.99
4210,4210,210,1,78.99
4211,4211,211,2,79.99
4212,4212,212,3,80.99
4213,4213,213,4,81.99
4214,4214,214,5,82.99
4215,4215,215,1,83.99
4216,4216,216,2,84.99
4217,4217,217,3,85.99
4218,4218,218,4,86.99
4219,4219,219,5,87.99
4220,4220,220,1,88.99
4221,4221,221,2,89.99
4222,4222,222,3,90.99
4223,4223,223,4,91.99
4224,4224,224,5,92.99
4225,4225,225,1,93.99
4226,4226,226,2,94.99
4227,4227,227,3,95.99
4228,4228,228,4,96.99
4229,4229,229,5,97.99
4230,4230,230,1,98.99
4231,4231,231,2,9.99
4232,4232,232,3,10.99
4233,4233,233,4,11.99
4234,4234,234,5,12.99
4235,4235,235,1,13.99
4236,4236,236,2,14.99
4237,4237,237,3,15.99
4238,4238,238,4,16.99
4239,4239,239,5,17.99
4240,4240,240,1,18.99
4241,4241,241,2,19.99
4242,4242,242,3,20.99
4243,4243,243,4,21.99
4244,4244,244,5,22.99
4245,4245,245,1,23.99
4246,4246,246,2,24.99
4247,4247,247,3,25.99
4248,4248,248,4,26.99
4249,4249,249,5,27.99
4250,4250,250,1,28.99
4251,4251,251,2,29.99
4252,4252,252,3,30.99
4253,4253,253,4,31.99
4254,4254,254,5,32.99
4255,4255,255,1,33.99
4256,4256,256,2,34.99
4257,4257,257,3,35.99
4258,4258,258,4,36.99
4259,4259,259,5,37.99
4260,4260,260,1,38.99
4261,4261,261,2,39.99
4262,4262,262,3,40.99
4263,4263,263,4,41.99
4264,4264,264,5,42.99
4265,4265,265,1,43.99
4266,4266,266,2,44.99
4267,4267,267,3,45.99
4268,4268,268,4,46.99
4269,4269,269,5,47.99
4270,4270,270,1,48.99
4271,4271,271,2,49.99
4272,4272,272,3,50.99
4273,4273,273,4,51.99
4274,4274,274,5,52.99
4275,4275,275,1,53.99
4276,4276,276,2,54.99
4277,4277,277,3,55.99
4278,4278,278,4,56.99
4279,4279,279,5,57.99
4280,4280,280,1,58.99
4281,4281,281,2,59.99
4282,4282,282,3,60.99
4283,4283,283,4,61.99
4284,4284,284,5,62.99
4285,4285,285,1,63.99
4286,4286,286,2,64.99
4287,4287,287,3,65.99
4288,4288,288,4,66.99
4289,4289,289,5,67.99
4290,4290,290,1,68.99
4291,4291,291,2,69.99
4292,4292,292,3,70.99
4293,4293,293,4,71.99
4294,4294,294,5,72.99
4295,4295,295,1,73.99
4296,4296,296,2,74.99
4297,4297,297,3,75.99
4298,4298,298,4,76.99
4299,4299,299,5,77.99
4300,4300,300,1,78.99
4301,4301,301,2,79.99
4302,4302,302,3,80.99
4303,4303,303,4,81.99
4304,4304,304,5,82.99
4305,4305,305,1,83.99
4306,4306,306,2,84.99
4307,4307,307,3,85.99
4308,4308,308,4,86.99
4309,4309,309,5,87.99
4310,4310,310,1,88.99
4311,4311,311,2,89.99
4312,4312,312,3,90.99
4313,4313,313,4,91.99
4314,4314,314,5,92.99
4315,4315,315,1,93.99
4316,4316,316,2,94.99
4317,4317,317,3,95.99
4318,4318,318,4,96.99
4319,4319,319,5,97.99
4320,4320,320,1,98.99
4321,4321,321,2,9.99
4322,4322,322,3,10.99
4323,4323,323,4,11.99
4324,4324,324,5,12.99
4325,4325,325,1,13.99
4326,4326,326,2,14.99
4327,4327,327,3,15.99
4328,4328,328,4,16.99
4329,4329,329,5,17.99
4330,4330,330,1,18.99
4331,4331,331,2,19.99
4332,4332,332,3,20.99
4333,4333,333,4,21.99
4334,4334,334,5,22.99
4335,4335,335,1,23.99
4336,4336,336,2,24.99
4337,4337,337,3,25.99
4338,4338,338,4,26.99
4339,4339,339,5,27.99
4340,4340,340,1,28.99
4341,4341,341,2,29.99
4342,4342,342,3,30.99
4343,4343,343,4,31.99
4344,4344,344,5,32.99
4345,4345,345,1,33.99
4346,4346,346,2,34.99
4347,4347,347,3,35.99
4348,4348,348,4,36.99
4349,4349,349,5,37.99
4350,4350,350,1,38.99
4351,4351,351,2,39.99
4352,4352,352,3,40.99
4353,4353,353,4,41.99
4354,4354,354,5,42.99
4355,4355,355,1,43.99
4356,4356,356,2,44.99
4357,4357,357,3,45.99
4358,4358,358,4,46.99
4359,4359,359,5,47.99
4360,4360,360,1,48.99
4361,4361,361,2,49.99
4362,4362,362,3,50.99
4363,4363,363,4,51.99
4364,4364,364,5,52.99
4365,4365,365,1,53.99
4366,4366,366,2,54.99
4367,4367,367,3,55.99
4368,4368,368,4,56.99
4369,4369,369,5,57.99
4370,4370,370,1,58.99
4371,4371,371,2,59.99
4372,4372,372,3,60.99
4373,4373,373,4,61.99
4374,4374,374,5,62.99
4375,4375,375,1,63.99
4376,4376,376,2,64.99
4377,4377,377,3,65.99
4378,4378,378,4,66.99
4379,4379,379,5,67.99
4380,4380,380,1,68.99
4381,4381,381,2,69.99
4382,4382,382,3,70.99
4383,4383,383,4,71.99
4384,4384,384,5,72.99
4385,4385,385,1,73.99
4386,4386,386,2,74.99
4387,4387,387,3,75.99
4388,4388,388,4,76.99
4389,4389,389,5,77.99
4390,4390,390,1,78.99
4391,4391,391,2,79.99
4392,4392,392,3,80.99
4393,4393,393,4,81.99
4394,4394,394,5,82.99
4395,4395,395,1,83.99
4396,4396,396,2,84.99
4397,4397,397,3,85.99
4398,4398,398,4,86.99
4399,4399,399,5,87.99
4400,4400,400,1,88.99
4401,4401,401,2,89.99
4402,4402,402,3,90.99
4403,4403,403,4,91.99
4404,4404,404,5,92.99
4405,4405,405,1,93.99
4406,4406,406,2,94.99
4407,4407,407,3,95.99
4408,4408,408,4,96.99
4409,4409,409,5,97.99
4410,4410,410,1,98.99
4411,4411,411,2,9.99
4412,4412,412,3,10.99
4413,4413,413,4,11.99
4414,4414,414,5,12.99
4415,4415,415,1,13.99
4416,4416,416,2,14.99
4417,4417,417,3,15.99
4418,4418,418,4,16.99
4419,4419,419,5,17.99
4420,4420,420,1,18.99
4421,4421,421,2,19.99
4422,4422,422,3,20.99
4423,4423,423,4,21.99
4424,4424,424,5,22.99
4425,4425,425,1,23.99
4426,4426,426,2,24.99
4427,4427,427,3,25.99
4428,4428,428,4,26.99
4429,4429,429,5,27.99
4430,4430,430,1,28.99
4431,4431,431,2,29.99
4432,4432,432,3,30.99
4433,4433,433,4,31.99
4434,4434,434,5,32.99
4435,4435,435,1,33.99
4436,4436,436,2,34.99
4437,4437,437,3,35.99
4438,4438,438,4,36.99
4439,4439,439,5,37.99
4440,4440,440,1,38.99
4441,4441,441,2,39.99
4442,4442,442,3,40.99
4443,4443,443,4,41.99
4444,4444,444,5,42.99
4445,4445,445,1,43.99
4446,4446,446,2,44.99
4447,4447,447,3,45.99
4448,4448,448,4,46.99
4449,4449,449,5,47.99
4450,4450,450,1,48.99
4451,4451,451,2,49.99
4452,4452,452,3,50.99
4453,4453,453,4,51.99
4454,4454,454,5,52.99
4455,4455,455,1,53.99
4456,4456,456,2,54.99
4457,4457,457,3,55.99
4458,4458,458,4,56.99
4459,4459,459,5,57.99
4460,4460,460,1,58.99
4461,4461,461,2,59.99
4462,4462,462,3,60.99
4463,4463,463,4,61.99
4464,4464,464,5,62.99
4465,4465,465,1,63.99
4466,4466,466,2,64.99
4467,4467,467,3,65.99
4468,4468,468,4,66.99
4469,4469,469,5,67.99
4470,4470,470,1,68.99
4471,4471,471,2,69.99
4472,4472,472,3,70.99
4473,4473,473,4,71.99
4474,4474,474,5,72.99
4475,4475,475,1,73.99
4476,4476,476,2,74.99
4477,4477,477,3,75.99
4478,4478,478,4,76.99
4479,4479,479,5,77.99
4480,4480,480,1,78.99
4481,4481,481,2,79.99
4482,4482,482,3,80.99
4483,4483,483,4,81.99
4484,4484,484,5,82.99
4485,4485,485,1,83.99
4486,4486,486,2,84.99
4487,4487,487,3,85.99
4488,4488,488,4,86.99
4489,4489,489,5,87.99
4490,4490,490,1,88.99
4491,4491,491,2,89.99
4492,4492,492,3,90.99
4493,4493,493,4,91.99
4494,4494,494,5,92.99
4495,4495,495,1,93.99
4496,4496,496,2,94.99
4497,4497,497,3,95.99
4498,4498,498,4,96.99
4499,4499,499,5,97.99
4500,4500,500,1,98.99
4501,4501,1,2,9.99
4502,4502,2,3,10.99
4503,4503,3,4,11.99
4504,4504,4,5,12.99
4505,4505,5,1,13.99
4506,4506,6,2,14.99
4507,4507,7,3,15.99
4508,4508,8,4,16.99
4509,4509,9,5,17.99
4510,4510,10,1,18.99
4511,4511,11,2,19.99
4512,4512,12,3,20.99
4513,4513,13,4,21.99
4514,4514,14,5,22.99
4515,4515,15,1,23.99
4516,4516,16,2,24.99
4517,4517,17,3,25.99
4518,4518,18,4,26.99
4519,4519,19,5,27.99
4520,4520,20,1,28.99
4521,4521,21,2,29.99
4522,4522,22,3,30.99
4523,4523,23,4,31.99
4524,4524,24,5,32.99
4525,4525,25,1,33.99
4526,4526,26,2,34.99
4527,4527,27,3,35.99
4528,4528,28,4,36.99
4529,4529,29,5,37.99
4530,4530,30,1,38.99
4531,4531,31,2,39.99
4532,4532,32,3,40.99
4533,4533,33,4,41.99
4534,4534,34,5,42.99
4535,4535,35,1,43.99
4536,4536,36,2,44.99
4537,4537,37,3,45.99
4538,4538,38,4,46.99
4539,4539,39,5,47.99
4540,4540,40,1,48.99
4541,4541,41,2,49.99
4542,4542,42,3,50.99
4543,4543,43,4,51.99
4544,4544,44,5,52.99
4545,4545,45,1,53.99
4546,4546,46,2,54.99
4547,4547,47,3,55.99
4548,4548,48,4,56.99
4549,4549,49,5,57.99
4550,4550,50,1,58.99
4551,4551,51,2,59.99
4552,4552,52,3,60.99
4553,4553,53,4,61.99
4554,4554,54,5,62.99
4555,4555,55,1,63.99
4556,4556,56,2,64.99
4557,4557,57,3,65.99
4558,4558,58,4,66.99
4559,4559,59,5,67.99
4560,4560,60,1,68.99
4561,4561,61,2,69.99
4562,4562,62,3,70.99
4563,4563,63,4,71.99
4564,4564,64,5,72.99
4565,4565,65,1,73.99
4566,4566,66,2,74.99
4567,4567,67,3,75.99
4568,4568,68,4,76.99
4569,4569,69,5,77.99
4570,4570,70,1,78.99
4571,4571,71,2,79.99
4572,4572,72,3,80.99
4573,4573,73,4,81.99
4574,4574,74,5,82.99
4575,4575,75,1,83.99
4576,4576,76,2,84.99
4577,4577,77,3,85.99
4578,4578,78,4,86.99
4579,4579,79,5,87.99
4580,4580,80,1,88.99
4581,4581,81,2,89.99
4582,4582,82,3,90.99
4583,4583,83,4,91.99
4584,4584,84,5,92.99
4585,4585,85,1,93.99
4586,4586,86,2,94.99
4587,4587,87,3,95.99
4588,4588,88,4,96.99
4589,4589,89,5,97.99
4590,4590,90,1,98.99
4591,4591,91,2,9.99
4592,4592,92,3,10.99
4593,4593,93,4,11.99
4594,4594,94,5,12.99
4595,4595,95,1,13.99
4596,4596,96,2,14.99
4597,4597,97,3,15.99
4598,4598,98,4,16.99
4599,4599,99,5,17.99
4600,4600,100,1,18.99
4601,4601,101,2,19.99
4602,4602,102,3,20.99
4603,4603,103,4,21.99
4604,4604,104,5,22.99
4605,4605,105,1,23.99
4606,4606,106,2,24.99
4607,4607,107,3,25.99
4608,4608,108,4,26.99
4609,4609,109,5,27.99
4610,4610,110,1,28.99
4611,4611,111,2,29.99
4612,4612,112,3,30.99
4613,4613,113,4,31.99
4614,4614,114,5,32.99
4615,4615,115,1,33.99
4616,4616,116,2,34.99
4617,4617,117,3,35.99
4618,4618,118,4,36.99
4619,4619,119,5,37.99
4620,4620,120,1,38.99
4621,4621,121,2,39.99
4622,4622,122,3,40.99
4623,4623,123,4,41.99
4624,4624,124,5,42.99
4625,4625,125,1,43.99
4626,4626,126,2,44.99
4627,4627,127,3,45.99
4628,4628,128,4,46.99
4629,4629,129,5,47.99
4630,4630,130,1,48.99
4631,4631,131,2,49.99
4632,4632,132,3,50.99
4633,4633,133,4,51.99
4634,4634,134,5,52.99
4635,4635,135,1,53.99
4636,4636,136,2,54.99
4637,4637,137,3,55.99
4638,4638,138,4,56.99
4639,4639,139,5,57.99
4640,4640,140,1,58.99
4641,4641,141,2,59.99
4642,4642,142,3,60.99
4643,4643,143,4,61.99
4644,4644,144,5,62.99
4645,4645,145,1,63.99
4646,4646,146,2,64.99
4647,4647,147,3,65.99
4648,4648,148,4,66.99
4649,4649,149,5,67.99
4650,4650,150,1,68.99
4651,4651,151,2,69.99
4652,4652,152,3,70.99
4653,4653,153,4,71.99
4654,4654,154,5,72.99
4655,4655,155,1,73.99
4656,4656,156,2,74.99
4657,4657,157,3,75.99
4658,4658,158,4,76.99
4659,4659,159,5,77.99
4660,4660,160,1,78.99
4661,4661,161,2,79.99
4662,4662,162,3,80.99
4663,4663,163,4,81.99
4664,4664,164,5,82.99
4665,4665,165,1,83.99
4666,4666,166,2,84.99
4667,4667,167,3,85.99
4668,4668,168,4,86.99
4669,4669,169,5,87.99
4670,4670,170,1,88.99
4671,4671,171,2,89.99
4672,4672,172,3,90.99
4673,4673,173,4,91.99
4674,4674,174,5,92.99
4675,4675,175,1,93.99
4676,4676,176,2,94.99
4677,4677,177,3,95.99
4678,4678,178,4,96.99
4679,4679,179,5,97.99
4680,4680,180,1,98.99
4681,4681,181,2,9.99
4682,4682,182,3,10.99
4683,4683,183,4,11.99
4684,4684,184,5,12.99
4685,4685,185,1,13.99
4686,4686,186,2,14.99
4687,4687,187,3,15.99
4688,4688,188,4,16.99
4689,4689,189,5,17.99
4690,4690,190,1,18.99
4691,4691,191,2,19.99
4692,4692,192,3,20.99
4693,4693,193,4,21.99
4694,4694,194,5,22.99
4695,4695,195,1,23.99
4696,4696,196,2,24.99
4697,4697,197,3,25.99
4698,4698,198,4,26.99
4699,4699,199,5,27.99
4700,4700,200,1,28.99
4701,4701,201,2,29.99
4702,4702,202,3,30.99
4703,4703,203,4,31.99
4704,4704,204,5,32.99
4705,4705,205,1,33.99
4706,4706,206,2,34.99
4707,4707,207,3,35.99
4708,4708,208,4,36.99
4709,4709,209,5,37.99
4710,4710,210,1,38.99
4711,4711,211,2,39.99
4712,4712,212,3,40.99
4713,4713,213,4,41.99
4714,4714,214,5,42.99
4715,4715,215,1,43.99
4716,4716,216,2,44.99
4717,4717,217,3,45.99
4718,4718,218,4,46.99
4719,4719,219,5,47.99
4720,4720,220,1,48.99
4721,4721,221,2,49.99
4722,4722,222,3,50.99
4723,4723,223,4,51.99
4724,4724,224,5,52.99
4725,4725,225,1,53.99
4726,4726,226,2,54.99
4727,4727,227,3,55.99
4728,4728,228,4,56.99
4729,4729,229,5,57.99
4730,4730,230,1,58.99
4731,4731,231,2,59.99
4732,4732,232,3,60.99
4733,4733,233,4,61.99
4734,4734,234,5,62.99
4735,4735,235,1,63.99
4736,4736,236,2,64.99
4737,4737,237,3,65.99
4738,4738,238,4,66.99
4739,4739,239,5,67.99
4740,4740,240,1,68.99
4741,4741,241,2,69.99
4742,4742,242,3,70.99
4743,4743,243,4,71.99
4744,4744,244,5,72.99
4745,4745,245,1,73.99
4746,4746,246,2,74.99
4747,4747,247,3,75.99
4748,4748,248,4,76.99
4749,4749,249,5,77.99
4750,4750,250,1,78.99
4751,4751,251,2,79.99
4752,4752,252,3,80.99
4753,4753,253,4,81.99
4754,4754,254,5,82.99
4755,4755,255,1,83.99
4756,4756,256,2,84.99
4757,4757,257,3,85.99
4758,4758,258,4,86.99
4759,4759,259,5,87.99
4760,4760,260,1,88.99
4761,4761,261,2,89.99
4762,4762,262,3,90.99
4763,4763,263,4,91.99
4764,4764,264,5,92.99
4765,4765,265,1,93.99
4766,4766,266,2,94.99
4767,4767,267,3,95.99
4768,4768,268,4,96.99
4769,4769,269,5,97.99
4770,4770,270,1,98.99
4771,4771,271,2,9.99
4772,4772,272,3,10.99
4773,4773,273,4,11.99
4774,4774,274,5,12.99
4775,4775,275,1,13.99
4776,4776,276,2,14.99
4777,4777,277,3,15.99
4778,4778,278,4,16.99
4779,4779,279,5,17.99
4780,4780,280,1,18.99
4781,4781,281,2,19.99
4782,4782,282,3,20.99
4783,4783,283,4,21.99
4784,4784,284,5,22.99
4785,4785,285,1,23.99
4786,4786,286,2,24.99
4787,4787,287,3,25.99
4788,4788,288,4,26.99
4789,4789,289,5,27.99
4790,4790,290,1,28.99
4791,4791,291,2,29.99
4792,4792,292,3,30.99
4793,4793,293,4,31.99
4794,4794,294,5,32.99
4795,4795,295,1,33.99
4796,4796,296,2,34.99
4797,4797,297,3,35.99
4798,4798,298,4,36.99
4799,4799,299,5,37.99
4800,4800,300,1,38.99
4801,4801,301,2,39.99
4802,4802,302,3,40.99
4803,4803,303,4,41.99
4804,4804,304,5,42.99
4805,4805,305,1,43.99
4806,4806,306,2,44.99
4807,4807,307,3,45.99
4808,4808,308,4,46.99
4809,4809,309,5,47.99
4810,4810,310,1,48.99
4811,4811,311,2,49.99
4812,4812,312,3,50.99
4813,4813,313,4,51.99
4814,4814,314,5,52.99
4815,4815,315,1,53.99
4816,4816,316,2,54.99
4817,4817,317,3,55.99
4818,4818,318,4,56.99
4819,4819,319,5,57.99
4820,4820,320,1,58.99
4821,4821,321,2,59.99
4822,4822,322,3,60.99
4823,4823,323,4,61.99
4824,4824,324,5,62.99
4825,4825,325,1,63.99
4826,4826,326,2,64.99
4827,4827,327,3,65.99
4828,4828,328,4,66.99
4829,4829,329,5,67.99
4830,4830,330,1,68.99
4831,4831,331,2,69.99
4832,4832,332,3,70.99
4833,4833,333,4,71.99
4834,4834,334,5,72.99
4835,4835,335,1,73.99
4836,4836,336,2,74.99
4837,4837,337,3,75.99
4838,4838,338,4,76.99
4839,4839,339,5,77.99
4840,4840,340,1,78.99
4841,4841,341,2,79.99
4842,4842,342,3,80.99
4843,4843,343,4,81.99
4844,4844,344,5,82.99
4845,4845,345,1,83.99
4846,4846,346,2,84.99
4847,4847,347,3,85.99
4848,4848,348,4,86.99
4849,4849,349,5,87.99
4850,4850,350,1,88.99
4851,4851,351,2,89.99
4852,4852,352,3,90.99
4853,4853,353,4,91.99
4854,4854,354,5,92.99
4855,4855,355,1,93.99
4856,4856,356,2,94.99
4857,4857,357,3,95.99
4858,4858,358,4,96.99
4859,4859,359,5,97.99
4860,4860,360,1,98.99
4861,4861,361,2,9.99
4862,4862,362,3,10.99
4863,4863,363,4,11.99
4864,4864,364,5,12.99
4865,4865,365,1,13.99
4866,4866,366,2,14.99
4867,4867,367,3,15.99
4868,4868,368,4,16.99
4869,4869,369,5,17.99
4870,4870,370,1,18.99
4871,4871,371,2,19.99
4872,4872,372,3,20.99
4873,4873,373,4,21.99
4874,4874,374,5,22.99
4875,4875,375,1,23.99
4876,4876,376,2,24.99
4877,4877,377,3,25.99
4878,4878,378,4,26.99
4879,4879,379,5,27.99
4880,4880,380,1,28.99
4881,4881,381,2,29.99
4882,4882,382,3,30.99
4883,4883,383,4,31.99
4884,4884,384,5,32.99
4885,4885,385,1,33.99
4886,4886,386,2,34.99
4887,4887,387,3,35.99
4888,4888,388,4,36.99
4889,4889,389,5,37.99
4890,4890,390,1,38.99
4891,4891,391,2,39.99
4892,4892,392,3,40.99
4893,4893,393,4,41.99
4894,4894,394,5,42.99
4895,4895,395,1,43.99
4896,4896,396,2,44.99
4897,4897,397,3,45.99
4898,4898,398,4,46.99
4899,4899,399,5,47.99
4900,4900,400,1,48.99
4901,4901,401,2,49.99
4902,4902,402,3,50.99
4903,4903,403,4,51.99
4904,4904,404,5,52.99
4905,4905,405,1,53.99
4906,4906,406,2,54.99
4907,4907,407,3,55.99
4908,4908,408,4,56.99
4909,4909,409,5,57.99
4910,4910,410,1,58.99
4911,4911,411,2,59.99
4912,4912,412,3,60.99
4913,4913,413,4,61.99
4914,4914,414,5,62.99
4915,4915,415,1,63.99
4916,4916,416,2,64.99
4917,4917,417,3,65.99
4918,4918,418,4,66.99
4919,4919,419,5,67.99
4920,4920,420,1,68.99
4921,4921,421,2,69.99
4922,4922,422,3,70.99
4923,4923,423,4,71.99
4924,4924,424,5,72.99
4925,4925,425,1,73.99
4926,4926,426,2,74.99
4927,4927,427,3,75.99
4928,4928,428,4,76.99
4929,4929,429,5,77.99
4930,4930,430,1,78.99
4931,4931,431,2,79.99
4932,4932,432,3,80.99
4933,4933,433,4,81.99
4934,4934,434,5,82.99
4935,4935,435,1,83.99
4936,4936,436,2,84.99
4937,4937,437,3,85.99
4938,4938,438,4,86.99
4939,4939,439,5,87.99
4940,4940,440,1,88.99
4941,4941,441,2,89.99
4942,4942,442,3,90.99
4943,4943,443,4,91.99
4944,4944,444,5,92.99
4945,4945,445,1,93.99
4946,4946,446,2,94.99
4947,4947,447,3,95.99
4948,4948,448,4,96.99
4949,4949,449,5,97.99
4950,4950,450,1,98.99
4951,4951,451,2,9.99
4952,4952,452,3,10.99
4953,4953,453,4,11.99
4954,4954,454,5,12.99
4955,4955,455,1,13.99
4956,4956,456,2,14.99
4957,4957,457,3,15.99
4958,4958,458,4,16.99
4959,4959,459,5,17.99
4960,4960,460,1,18.99
4961,4961,461,2,19.99
4962,4962,462,3,20.99
4963,4963,463,4,21.99
4964,4964,464,5,22.99
4965,4965,465,1,23.99
4966,4966,466,2,24.99
4967,4967,467,3,25.99
4968,4968,468,4,26.99
4969,4969,469,5,27.99
4970,4970,470,1,28.99
4971,4971,471,2,29.99
4972,4972,472,3,30.99
4973,4973,473,4,31.99
4974,4974,474,5,32.99
4975,4975,475,1,33.99
4976,4976,476,2,34.99
4977,4977,477,3,35.99
4978,4978,478,4,36.99
4979,4979,479,5,37.99
4980,4980,480,1,38.99
4981,4981,481,2,39.99
4982,4982,482,3,40.99
4983,4983,483,4,41.99
4984,4984,484,5,42.99
4985,4985,485,1,43.99
4986,4986,486,2,44.99
4987,4987,487,3,45.99
4988,4988,488,4,46.99
4989,4989,489,5,47.99
4990,4990,490,1,48.99
4991,4991,491,2,49.99
4992,4992,492,3,50.99
4993,4993,493,4,51.99
4994,4994,494,5,52.99
4995,4995,495,1,53.99
4996,4996,496,2,54.99
4997,4997,497,3,55.99
4998,4998,498,4,56.99
4999,4999,499,5,57.99
5000,5000,500,1,58.99
5001,1,1,2,59.99
5002,2,2,3,60.99
5003,3,3,4,61.99
5004,4,4,5,62.99
5005,5,5,1,63.99
5006,6,6,2,64.99
5007,7,7,3,65.99
5008,8,8,4,66.99
5009,9,9,5,67.99
5010,10,10,1,68.99
5011,11,11,2,69.99
5012,12,12,3,70.99
5013,13,13,4,71.99
5014,14,14,5,72.99
5015,15,15,1,73.99
5016,16,16,2,74.99
5017,17,17,3,75.99
5018,18,18,4,76.99
5019,19,19,5,77.99
5020,20,20,1,78.99
5021,21,21,2,79.99
5022,22,22,3,80.99
5023,23,23,4,81.99
5024,24,24,5,82.99
5025,25,25,1,83.99
5026,26,26,2,84.99
5027,27,27,3,85.99
5028,28,28,4,86.99
5029,29,29,5,87.99
5030,30,30,1,88.99
5031,31,31,2,89.99
5032,32,32,3,90.99
5033,33,33,4,91.99
5034,34,34,5,92.99
5035,35,35,1,93.99
5036,36,36,2,94.99
5037,37,37,3,95.99
5038,38,38,4,96.99
5039,39,39,5,97.99
5040,40,40,1,98.99
5041,41,41,2,9.99
5042,42,42,3,10.99
5043,43,43,4,11.99
5044,44,44,5,12.99
5045,45,45,1,13.99
5046,46,46,2,14.99
5047,47,47,3,15.99
5048,48,48,4,16.99
5049,49,49,5,17.99
5050,50,50,1,18.99
5051,51,51,2,19.99
5052,52,52,3,20.99
5053,53,53,4,21.99
5054,54,54,5,22.99
5055,55,55,1,23.99
5056,56,56,2,24.99
5057,57,57,3,25.99
5058,58,58,4,26.99
5059,59,59,5,27.99
5060,60,60,1,28.99
5061,61,61,2,29.99
5062,62,62,3,30.99
5063,63,63,4,31.99
5064,64,64,5,32.99
5065,65,65,1,33.99
5066,66,66,2,34.99
5067,67,67,3,35.99
5068,68,68,4,36.99
5069,69,69,5,37.99
5070,70,70,1,38.99
5071,71,71,2,39.99
5072,72,72,3,40.99
5073,73,73,4,41.99
5074,74,74,5,42.99
5075,75,75,1,43.99
5076,76,76,2,44.99
5077,77,77,3,45.99
5078,78,78,4,46.99
5079,79,79,5,47.99
5080,80,80,1,48.99
5081,81,81,2,49.99
5082,82,82,3,50.99
5083,83,83,4,51.99
5084,84,84,5,52.99
5085,85,85,1,53.99
5086,86,86,2,54.99
5087,87,87,3,55.99
5088,88,88,4,56.99
5089,89,89,5,57.99
5090,90,90,1,58.99
5091,91,91,2,59.99
5092,92,92,3,60.99
5093,93,93,4,61.99
5094,94,94,5,62.99
5095,95,95,1,63.99
5096,96,96,2,64.99
5097,97,97,3,65.99
5098,98,98,4,66.99
5099,99,99,5,67.99
5100,100,100,1,68.99
5101,101,101,2,69.99
5102,102,102,3,70.99
5103,103,103,4,71.99
5104,104,104,5,72.99
5105,105,105,1,73.99
5106,106,106,2,74.99
5107,107,107,3,75.99
5108,108,108,4,76.99
5109,109,109,5,77.99
5110,110,110,1,78.99
5111,111,111,2,79.99
5112,112,112,3,80.99
5113,113,113,4,81.99
5114,114,114,5,82.99
5115,115,115,1,83.99
5116,116,116,2,84.99
5117,117,117,3,85.99
5118,118,118,4,86.99
5119,119,119,5,87.99
5120,120,120,1,88.99
5121,121,121,2,89.99
5122,122,122,3,90.99
5123,123,123,4,91.99
5124,124,124,5,92.99
5125,125,125,1,93.99
5126,126,126,2,94.99
5127,127,127,3,95.99
5128,128,128,4,96.99
5129,129,129,5,97.99
5130,130,130,1,98.99
5131,131,131,2,9.99
5132,132,132,3,10.99
5133,133,133,4,11.99
5134,134,134,5,12.99
5135,135,135,1,13.99
5136,136,136,2,14.99
5137,137,137,3,15.99
5138,138,138,4,16.99
5139,139,139,5,17.99
5140,140,140,1,18.99
5141,141,141,2,19.99
5142,142,142,3,20.99
5143,143,143,4,21.99
5144,144,144,5,22.99
5145,145,145,1,23.99
5146,146,146,2,24.99
5147,147,147,3,25.99
5148,148,148,4,26.99
5149,149,149,5,27.99
5150,150,150,1,28.99
5151,151,151,2,29.99
5152,152,152,3,30.99
5153,153,153,4,31.99
5154,154,154,5,32.99
5155,155,155,1,33.99
5156,156,156,2,34.99
5157,157,157,3,35.99
5158,158,158,4,36.99
5159,159,159,5,37.99
5160,160,160,1,38.99
5161,161,161,2,39.99
5162,162,162,3,40.99
5163,163,163,4,41.99
5164,164,164,5,42.99
5165,165,165,1,43.99
5166,166,166,2,44.99
5167,167,167,3,45.99
5168,168,168,4,46.99
5169,169,169,5,47.99
5170,170,170,1,48.99
5171,171,171,2,49.99
5172,172,172,3,50.99
5173,173,173,4,51.99
5174,174,174,5,52.99
5175,175,175,1,53.99
5176,176,176,2,54.99
5177,177,177,3,55.99
5178,178,178,4,56.99
5179,179,179,5,57.99
5180,180,180,1,58.99
5181,181,181,2,59.99
5182,182,182,3,60.99
5183,183,183,4,61.99
5184,184,184,5,62.99
5185,185,185,1,63.99
5186,186,186,2,64.99
5187,187,187,3,65.99
5188,188,188,4,66.99
5189,189,189,5,67.99
5190,190,190,1,68.99
5191,191,191,2,69.99
5192,192,192,3,70.99
5193,193,193,4,71.99
5194,194,194,5,72.99
5195,195,195,1,73.99
5196,196,196,2,74.99
5197,197,197,3,75.99
5198,198,198,4,76.99
5199,199,199,5,77.99
5200,200,200,1,78.99
5201,201,201,2,79.99
5202,202,202,3,80.99
5203,203,203,4,81.99
5204,204,204,5,82.99
5205,205,205,1,83.99
5206,206,206,2,84.99
5207,207,207,3,85.99
5208,208,208,4,86.99
5209,209,209,5,87.99
5210,210,210,1,88.99
5211,211,211,2,89.99
5212,212,212,3,90.99
5213,213,213,4,91.99
5214,214,214,5,92.99
5215,215,215,1,93.99
5216,216,216,2,94.99
5217,217,217,3,95.99
5218,218,218,4,96.99
5219,219,219,5,97.99
5220,220,220,1,98.99
5221,221,221,2,9.99
5222,222,222,3,10.99
5223,223,223,4,11.99
5224,224,224,5,12.99
5225,225,225,1,13.99
5226,226,226,2,14.99
5227,227,227,3,15.99
5228,228,228,4,16.99
5229,229,229,5,17.99
5230,230,230,1,18.99
5231,231,231,2,19.99
5232,232,232,3,20.99
5233,233,233,4,21.99
5234,234,234,5,22.99
5235,235,235,1,23.99
5236,236,236,2,24.99
5237,237,237,3,25.99
5238,238,238,4,26.99
5239,239,239,5,27.99
5240,240,240,1,28.99
5241,241,241,2,29.99
5242,242,242,3,30.99
5243,243,243,4,31.99
5244,244,244,5,32.99
5245,245,245,1,33.99
5246,246,246,2,34.99
5247,247,247,3,35.99
5248,248,248,4,36.99
5249,249,249,5,37.99
5250,250,250,1,38.99
5251,251,251,2,39.99
5252,252,252,3,40.99
5253,253,253,4,41.99
5254,254,254,5,42.99
5255,255,255,1,43.99
5256,256,256,2,44.99
5257,257,257,3,45.99
5258,258,258,4,46.99
5259,259,259,5,47.99
5260,260,260,1,48.99
5261,261,261,2,49.99
5262,262,262,3,50.99
5263,263,263,4,51.99
5264,264,264,5,52.99
5265,265,265,1,53.99
5266,266,266,2,54.99
5267,267,267,3,55.99
5268,268,268,4,56.99
5269,269,269,5,57.99
5270,270,270,1,58.99
5271,271,271,2,59.99
5272,272,272,3,60.99
5273,273,273,4,61.99
5274,274,274,5,62.99
5275,275,275,1,63.99
5276,276,276,2,64.99
5277,277,277,3,65.99
5278,278,278,4,66.99
5279,279,279,5,67.99
5280,280,280,1,68.99
5281,281,281,2,69.99
5282,282,282,3,70.99
5283,283,283,4,71.99
5284,284,284,5,72.99
5285,285,285,1,73.99
5286,286,286,2,74.99
5287,287,287,3,75.99
5288,288,288,4,76.99
5289,289,289,5,77.99
5290,290,290,1,78.99
5291,291,291,2,79.99
5292,292,292,3,80.99
5293,293,293,4,81.99
5294,294,294,5,82.99
5295,295,295,1,83.99
5296,296,296,2,84.99
5297,297,297,3,85.99
5298,298,298,4,86.99
5299,299,299,5,87.99
5300,300,300,1,88.99
5301,301,301,2,89.99
5302,302,302,3,90.99
5303,303,303,4,91.99
5304,304,304,5,92.99
5305,305,305,1,93.99
5306,306,306,2,94.99
5307,307,307,3,95.99
5308,308,308,4,96.99
5309,309,309,5,97.99
5310,310,310,1,98.99
5311,311,311,2,9.99
5312,312,312,3,10.99
5313,313,313,4,11.99
5314,314,314,5,12.99
5315,315,315,1,13.99
5316,316,316,2,14.99
5317,317,317,3,15.99
5318,318,318,4,16.99
5319,319,319,5,17.99
5320,320,320,1,18.99
5321,321,321,2,19.99
5322,322,322,3,20.99
5323,323,323,4,21.99
5324,324,324,5,22.99
5325,325,325,1,23.99
5326,326,326,2,24.99
5327,327,327,3,25.99
5328,328,328,4,26.99
5329,329,329,5,27.99
5330,330,330,1,28.99
5331,331,331,2,29.99
5332,332,332,3,30.99
5333,333,333,4,31.99
5334,334,334,5,32.99
5335,335,335,1,33.99
5336,336,336,2,34.99
5337,337,337,3,35.99
5338,338,338,4,36.99
5339,339,339,5,37.99
5340,340,340,1,38.99
5341,341,341,2,39.99
5342,342,342,3,40.99
5343,343,343,4,41.99
5344,344,344,5,42.99
5345,345,345,1,43.99
5346,346,346,2,44.99
5347,347,347,3,45.99
5348,348,348,4,46.99
5349,349,349,5,47.99
5350,350,350,1,48.99
5351,351,351,2,49.99
5352,352,352,3,50.99
5353,353,353,4,51.99
5354,354,354,5,52.99
5355,355,355,1,53.99
5356,356,356,2,54.99
5357,357,357,3,55.99
5358,358,358,4,56.99
5359,359,359,5,57.99
5360,360,360,1,58.99
5361,361,361,2,59.99
5362,362,362,3,60.99
5363,363,363,4,61.99
5364,364,364,5,62.99
5365,365,365,1,63.99
5366,366,366,2,64.99
5367,367,367,3,65.99
5368,368,368,4,66.99
5369,369,369,5,67.99
5370,370,370,1,68.99
5371,371,371,2,69.99
5372,372,372,3,70.99
5373,373,373,4,71.99
5374,374,374,5,72.99
5375,375,375,1,73.99
5376,376,376,2,74.99
5377,377,377,3,75.99
5378,378,378,4,76.99
5379,379,379,5,77.99
5380,380,380,1,78.99
5381,381,381,2,79.99
5382,382,382,3,80.99
5383,383,383,4,81.99
5384,384,384,5,82.99
5385,385,385,1,83.99
5386,386,386,2,84.99
5387,387,387,3,85.99
5388,388,388,4,86.99
5389,389,389,5,87.99
5390,390,390,1,88.99
5391,391,391,2,89.99
5392,392,392,3,90.99
5393,393,393,4,91.99
5394,394,394,5,92.99
5395,395,395,1,93.99
5396,396,396,2,94.99
5397,397,397,3,95.99
5398,398,398,4,96.99
5399,399,399,5,97.99
5400,400,400,1,98.99
5401,401,401,2,9.99
5402,402,402,3,10.99
5403,403,403,4,11.99
5404,404,404,5,12.99
5405,405,405,1,13.99
5406,406,406,2,14.99
5407,407,407,3,15.99
5408,408,408,4,16.99
5409,409,409,5,17.99
5410,410,410,1,18.99
5411,411,411,2,19.99
5412,412,412,3,20.99
5413,413,413,4,21.99
5414,414,414,5,22.99
5415,415,415,1,23.99
5416,416,416,2,24.99
5417,417,417,3,25.99
5418,418,418,4,26.99
5419,419,419,5,27.99
5420,420,420,1,28.99
5421,421,421,2,29.99
5422,422,422,3,30.99
5423,423,423,4,31.99
5424,424,424,5,32.99
5425,425,425,1,33.99
5426,426,426,2,34.99
5427,427,427,3,35.99
5428,428,428,4,36.99
5429,429,429,5,37.99
5430,430,430,1,38.99
5431,431,431,2,39.99
5432,432,432,3,40.99
5433,433,433,4,41.99
5434,434,434,5,42.99
5435,435,435,1,43.99
5436,436,436,2,44.99
5437,437,437,3,45.99
5438,438,438,4,46.99
5439,439,439,5,47.99
5440,440,440,1,48.99
5441,441,441,2,49.99
5442,442,442,3,50.99
5443,443,443,4,51.99
5444,444,444,5,52.99
5445,445,445,1,53.99
5446,446,446,2,54.99
5447,447,447,3,55.99
5448,448,448,4,56.99
5449,449,449,5,57.99
5450,450,450,1,58.99
5451,451,451,2,59.99
5452,452,452,3,60.99
5453,453,453,4,61.99
5454,454,454,5,62.99
5455,455,455,1,63.99
5456,456,456,2,64.99
5457,457,457,3,65.99
5458,458,458,4,66.99
5459,459,459,5,67.99
5460,460,460,1,68.99
5461,461,461,2,69.99
5462,462,462,3,70.99
5463,463,463,4,71.99
5464,464,464,5,72.99
5465,465,465,1,73.99
5466,466,466,2,74.99
5467,467,467,3,75.99
5468,468,468,4,76.99
5469,469,469,5,77.99
5470,470,470,1,78.99
5471,471,471,2,79.99
5472,472,472,3,80.99
5473,473,473,4,81.99
5474,474,474,5,82.99
5475,475,475,1,83.99
5476,476,476,2,84.99
5477,477,477,3,85.99
5478,478,478,4,86.99
5479,479,479,5,87.99
5480,480,480,1,88.99
5481,481,481,2,89.99
5482,482,482,3,90.99
5483,483,483,4,91.99
5484,484,484,5,92.99
5485,485,485,1,93.99
5486,486,486,2,94.99
5487,487,487,3,95.99
5488,488,488,4,96.99
5489,489,489,5,97.99
5490,490,490,1,98.99
5491,491,491,2,9.99
5492,492,492,3,10.99
5493,493,493,4,11.99
5494,494,494,5,12.99
5495,495,495,1,13.99
5496,496,496,2,14.99
5497,497,497,3,15.99
5498,498,498,4,16.99
5499,499,499,5,17.99
5500,500,500,1,18.99
5501,501,1,2,19.99
5502,502,2,3,20.99
5503,503,3,4,21.99
5504,504,4,5,22.99
5505,505,5,1,23.99
5506,506,6,2,24.99
5507,507,7,3,25.99
5508,508,8,4,26.99
5509,509,9,5,27.99
5510,510,10,1,28.99
5511,511,11,2,29.99
5512,512,12,3,30.99
5513,513,13,4,31.99
5514,514,14,5,32.99
5515,515,15,1,33.99
5516,516,16,2,34.99
5517,517,17,3,35.99
5518,518,18,4,36.99
5519,519,19,5,37.99
5520,520,20,1,38.99
5521,521,21,2,39.99
5522,522,22,3,40.99
5523,523,23,4,41.99
5524,524,24,5,42.99
5525,525,25,1,43.99
5526,526,26,2,44.99
5527,527,27,3,45.99
5528,528,28,4,46.99
5529,529,29,5,47.99
5530,530,30,1,48.99
5531,531,31,2,49.99
5532,532,32,3,50.99
5533,533,33,4,51.99
5534,534,34,5,52.99
5535,535,35,1,53.99
5536,536,36,2,54.99
5537,537,37,3,55.99
5538,538,38,4,56.99
5539,539,39,5,57.99
5540,540,40,1,58.99
5541,541,41,2,59.99
5542,542,42,3,60.99
5543,543,43,4,61.99
5544,544,44,5,62.99
5545,545,45,1,63.99
5546,546,46,2,64.99
5547,547,47,3,65.99
5548,548,48,4,66.99
5549,549,49,5,67.99
5550,550,50,1,68.99
5551,551,51,2,69.99
5552,552,52,3,70.99
5553,553,53,4,71.99
5554,554,54,5,72.99
5555,555,55,1,73.99
5556,556,56,2,74.99
5557,557,57,3,75.99
5558,558,58,4,76.99
5559,559,59,5,77.99
5560,560,60,1,78.99
5561,561,61,2,79.99
5562,562,62,3,80.99
5563,563,63,4,81.99
5564,564,64,5,82.99
5565,565,65,1,83.99
5566,566,66,2,84.99
5567,567,67,3,85.99
5568,568,68,4,86.99
5569,569,69,5,87.99
5570,570,70,1,88.99
5571,571,71,2,89.99
5572,572,72,3,90.99
5573,573,73,4,91.99
5574,574,74,5,92.99
5575,575,75,1,93.99
5576,576,76,2,94.99
5577,577,77,3,95.99
5578,578,78,4,96.99
5579,579,79,5,97.99
5580,580,80,1,98.99
5581,581,81,2,9.99
5582,582,82,3,10.99
5583,583,83,4,11.99
5584,584,84,5,12.99
5585,585,85,1,13.99
5586,586,86,2,14.99
5587,587,87,3,15.99
5588,588,88,4,16.99
5589,589,89,5,17.99
5590,590,90,1,18.99
5591,591,91,2,19.99
5592,592,92,3,20.99
5593,593,93,4,21.99
5594,594,94,5,22.99
5595,595,95,1,23.99
5596,596,96,2,24.99
5597,597,97,3,25.99
5598,598,98,4,26.99
5599,599,99,5,27.99
5600,600,100,1,28.99
5601,601,101,2,29.99
5602,602,102,3,30.99
5603,603,103,4,31.99
5604,604,104,5,32.99
5605,605,105,1,33.99
5606,606,106,2,34.99
5607,607,107,3,35.99
5608,608,108,4,36.99
5609,609,109,5,37.99
5610,610,110,1,38.99
5611,611,111,2,39.99
5612,612,112,3,40.99
5613,613,113,4,41.99
5614,614,114,5,42.99
5615,615,115,1,43.99
5616,616,116,2,44.99
5617,617,117,3,45.99
5618,618,118,4,46.99
5619,619,119,5,47.99
5620,620,120,1,48.99
5621,621,121,2,49.99
5622,622,122,3,50.99
5623,623,123,4,51.99
5624,624,124,5,52.99
5625,625,125,1,53.99
5626,626,126,2,54.99
5627,627,127,3,55.99
5628,628,128,4,56.99
5629,629,129,5,57.99
5630,630,130,1,58.99
5631,631,131,2,59.99
5632,632,132,3,60.99
5633,633,133,4,61.99
5634,634,134,5,62.99
5635,635,135,1,63.99
5636,636,136,2,64.99
5637,637,137,3,65.99
5638,638,138,4,66.99
5639,639,139,5,67.99
5640,640,140,1,68.99
5641,641,141,2,69.99
5642,642,142,3,70.99
5643,643,143,4,71.99
5644,644,144,5,72.99
5645,645,145,1,73.99
5646,646,146,2,74.99
5647,647,147,3,75.99
5648,648,148,4,76.99
5649,649,149,5,77.99
5650,650,150,1,78.99
5651,651,151,2,79.99
5652,652,152,3,80.99
5653,653,153,4,81.99
5654,654,154,5,82.99
5655,655,155,1,83.99
5656,656,156,2,84.99
5657,657,157,3,85.99
5658,658,158,4,86.99
5659,659,159,5,87.99
5660,660,160,1,88.99
5661,661,161,2,89.99
5662,662,162,3,90.99
5663,663,163,4,91.99
5664,664,164,5,92.99
5665,665,165,1,93.99
5666,666,166,2,94.99
5667,667,167,3,95.99
5668,668,168,4,96.99
5669,669,169,5,97.99
5670,670,170,1,98.99
5671,671,171,2,9.99
5672,672,172,3,10.99
5673,673,173,4,11.99
5674,674,174,5,12.99
5675,675,175,1,13.99
5676,676,176,2,14.99
5677,677,177,3,15.99
5678,678,178,4,16.99
5679,679,179,5,17.99
5680,680,180,1,18.99
5681,681,181,2,19.99
5682,682,182,3,20.99
5683,683,183,4,21.99
5684,684,184,5,22.99
5685,685,185,1,23.99
5686,686,186,2,24.99
5687,687,187,3,25.99
5688,688,188,4,26.99
5689,689,189,5,27.99
5690,690,190,1,28.99
5691,691,191,2,29.99
5692,692,192,3,30.99
5693,693,193,4,31.99
5694,694,194,5,32.99
5695,695,195,1,33.99
5696,696,196,2,34.99
5697,697,197,3,35.99
5698,698,198,4,36.99
5699,699,199,5,37.99
5700,700,200,1,38.99
5701,701,201,2,39.99
5702,702,202,3,40.99
5703,703,203,4,41.99
5704,704,204,5,42.99
5705,705,205,1,43.99
5706,706,206,2,44.99
5707,707,207,3,45.99
5708,708,208,4,46.99
5709,709,209,5,47.99
5710,710,210,1,48.99
5711,711,211,2,49.99
5712,712,212,3,50.99
5713,713,213,4,51.99
5714,714,214,5,52.99
5715,715,215,1,53.99
5716,716,216,2,54.99
5717,717,217,3,55.99
5718,718,218,4,56.99
5719,719,219,5,57.99
5720,720,220,1,58.99
5721,721,221,2,59.99
5722,722,222,3,60.99
5723,723,223,4,61.99
5724,724,224,5,62.99
5725,725,225,1,63.99
5726,726,226,2,64.99
5727,727,227,3,65.99
5728,728,228,4,66.99
5729,729,229,5,67.99
5730,730,230,1,68.99
5731,731,231,2,69.99
5732,732,232,3,70.99
5733,733,233,4,71.99
5734,734,234,5,72.99
5735,735,235,1,73.99
5736,736,236,2,74.99
5737,737,237,3,75.99
5738,738,238,4,76.99
5739,739,239,5,77.99
5740,740,240,1,78.99
5741,741,241,2,79.99
5742,742,242,3,80.99
5743,743,243,4,81.99
5744,744,244,5,82.99
5745,745,245,1,83.99
5746,746,246,2,84.99
5747,747,247,3,85.99
5748,748,248,4,86.99
5749,749,249,5,87.99
5750,750,250,1,88.99
5751,751,251,2,89.99
5752,752,252,3,90.99
5753,753,253,4,91.99
5754,754,254,5,92.99
5755,755,255,1,93.99
5756,756,256,2,94.99
5757,757,257,3,95.99
5758,758,258,4,96.99
5759,759,259,5,97.99
5760,760,260,1,98.99
5761,761,261,2,9.99
5762,762,262,3,10.99
5763,763,263,4,11.99
5764,764,264,5,12.99
5765,765,265,1,13.99
5766,766,266,2,14.99
5767,767,267,3,15.99
5768,768,268,4,16.99
5769,769,269,5,17.99
5770,770,270,1,18.99
5771,771,271,2,19.99
5772,772,272,3,20.99
5773,773,273,4,21.99
5774,774,274,5,22.99
5775,775,275,1,23.99
5776,776,276,2,24.99
5777,777,277,3,25.99
5778,778,278,4,26.99
5779,779,279,5,27.99
5780,780,280,1,28.99
5781,781,281,2,29.99
5782,782,282,3,30.99
5783,783,283,4,31.99
5784,784,284,5,32.99
5785,785,285,1,33.99
5786,786,286,2,34.99
5787,787,287,3,35.99
5788,788,288,4,36.99
5789,789,289,5,37.99
5790,790,290,1,38.99
5791,791,291,2,39.99
5792,792,292,3,40.99
5793,793,293,4,41.99
5794,794,294,5,42.99
5795,795,295,1,43.99
5796,796,296,2,44.99
5797,797,297,3,45.99
5798,798,298,4,46.99
5799,799,299,5,47.99
5800,800,300,1,48.99
5801,801,301,2,49.99
5802,802,302,3,50.99
5803,803,303,4,51.99
5804,804,304,5,52.99
5805,805,305,1,53.99
5806,806,306,2,54.99
5807,807,307,3,55.99
5808,808,308,4,56.99
5809,809,309,5,57.99
5810,810,310,1,58.99
5811,811,311,2,59.99
5812,812,312,3,60.99
5813,813,313,4,61.99
5814,814,314,5,62.99
5815,815,315,1,63.99
5816,816,316,2,64.99
5817,817,317,3,65.99
5818,818,318,4,66.99
5819,819,319,5,67.99
5820,820,320,1,68.99
5821,821,321,2,69.99
5822,822,322,3,70.99
5823,823,323,4,71.99
5824,824,324,5,72.99
5825,825,325,1,73.99
5826,826,326,2,74.99
5827,827,327,3,75.99
5828,828,328,4,76.99
5829,829,329,5,77.99
5830,830,330,1,78.99
5831,831,331,2,79.99
5832,832,332,3,80.99
5833,833,333,4,81.99
5834,834,334,5,82.99
5835,835,335,1,83.99
5836,836,336,2,84.99
5837,837,337,3,85.99
5838,838,338,4,86.99
5839,839,339,5,87.99
5840,840,340,1,88.99
5841,841,341,2,89.99
5842,842,342,3,90.99
5843,843,343,4,91.99
5844,844,344,5,92.99
5845,845,345,1,93.99
5846,846,346,2,94.99
5847,847,347,3,95.99
5848,848,348,4,96.99
5849,849,349,5,97.99
5850,850,350,1,98.99
5851,851,351,2,9.99
5852,852,352,3,10.99
5853,853,353,4,11.99
5854,854,354,5,12.99
5855,855,355,1,13.99
5856,856,356,2,14.99
5857,857,357,3,15.99
5858,858,358,4,16.99
5859,859,359,5,17.99
5860,860,360,1,18.99
5861,861,361,2,19.99
5862,862,362,3,20.99
5863,863,363,4,21.99
5864,864,364,5,22.99
5865,865,365,1,23.99
5866,866,366,2,24.99
5867,867,367,3,25.99
5868,868,368,4,26.99
5869,869,369,5,27.99
5870,870,370,1,28.99
5871,871,371,2,29.99
5872,872,372,3,30.99
5873,873,373,4,31.99
5874,874,374,5,32.99
5875,875,375,1,33.99
5876,876,376,2,34.99
5877,877,377,3,35.99
5878,878,378,4,36.99
5879,879,379,5,37.99
5880,880,380,1,38.99
5881,881,381,2,39.99
5882,882,382,3,40.99
5883,883,383,4,41.99
5884,884,384,5,42.99
5885,885,385,1,43.99
5886,886,386,2,44.99
5887,887,387,3,45.99
5888,888,388,4,46.99
5889,889,389,5,47.99
5890,890,390,1,48.99
5891,891,391,2,49.99
5892,892,392,3,50.99
5893,893,393,4,51.99
5894,894,394,5,52.99
5895,895,395,1,53.99
5896,896,396,2,54.99
5897,897,397,3,55.99
5898,898,398,4,56.99
5899,899,399,5,57.99
5900,900,400,1,58.99
5901,901,401,2,59.99
5902,902,402,3,60.99
5903,903,403,4,61.99
5904,904,404,5,62.99
5905,905,405,1,63.99
5906,906,406,2,64.99
5907,907,407,3,65.99
5908,908,408,4,66.99
5909,909,409,5,67.99
5910,910,410,1,68.99
5911,911,411,2,69.99
5912,912,412,3,70.99
5913,913,413,4,71.99
5914,914,414,5,72.99
5915,915,415,1,73.99
5916,916,416,2,74.99
5917,917,417,3,75.99
5918,918,418,4,76.99
5919,919,419,5,77.99
5920,920,420,1,78.99
5921,921,421,2,79.99
5922,922,422,3,80.99
5923,923,423,4,81.99
5924,924,424,5,82.99
5925,925,425,1,83.99
5926,926,426,2,84.99
5927,927,427,3,85.99
5928,928,428,4,86.99
5929,929,429,5,87.99
5930,930,430,1,88.99
5931,931,431,2,89.99
5932,932,432,3,90.99
5933,933,433,4,91.99
5934,934,434,5,92.99
5935,935,435,1,93.99
5936,936,436,2,94.99
5937,937,437,3,95.99
5938,938,438,4,96.99
5939,939,439,5,97.99
5940,940,440,1,98.99
5941,941,441,2,9.99
5942,942,442,3,10.99
5943,943,443,4,11.99
5944,944,444,5,12.99
5945,945,445,1,13.99
5946,946,446,2,14.99
5947,947,447,3,15.99
5948,948,448,4,16.99
5949,949,449,5,17.99
5950,950,450,1,18.99
5951,951,451,2,19.99
5952,952,452,3,20.99
5953,953,453,4,21.99
5954,954,454,5,22.99
5955,955,455,1,23.99
5956,956,456,2,24.99
5957,957,457,3,25.99
5958,958,458,4,26.99
5959,959,459,5,27.99
5960,960,460,1,28.99
5961,961,461,2,29.99
5962,962,462,3,30.99
5963,963,463,4,31.99
5964,964,464,5,32.99
5965,965,465,1,33.99
5966,966,466,2,34.99
5967,967,467,3,35.99
5968,968,468,4,36.99
5969,969,469,5,37.99
5970,970,470,1,38.99
5971,971,471,2,39.99
5972,972,472,3,40.99
5973,973,473,4,41.99
5974,974,474,5,42.99
5975,975,475,1,43.99
5976,976,476,2,44.99
5977,977,477,3,45.99
5978,978,478,4,46.99
5979,979,479,5,47.99
5980,980,480,1,48.99
5981,981,481,2,49.99
5982,982,482,3,50.99
5983,983,483,4,51.99
5984,984,484,5,52.99
5985,985,485,1,53.99
5986,986,486,2,54.99
5987,987,487,3,55.99
5988,988,488,4,56.99
5989,989,489,5,57.99
5990,990,490,1,58.99
5991,991,491,2,59.99
5992,992,492,3,60.99
5993,993,493,4,61.99
5994,994,494,5,62.99
5995,995,495,1,63.99
5996,996,496,2,64.99
5997,997,497,3,65.99
5998,998,498,4,66.99
5999,999,499,5,67.99
6000,1000,500,1,68.99
6001,1001,1,2,69.99
6002,1002,2,3,70.99
6003,1003,3,4,71.99
6004,1004,4,5,72.99
6005,1005,5,1,73.99
6006,1006,6,2,74.99
6007,1007,7,3,75.99
6008,1008,8,4,76.99
6009,1009,9,5,77.99
6010,1010,10,1,78.99
6011,1011,11,2,79.99
6012,1012,12,3,80.99
6013,1013,13,4,81.99
6014,1014,14,5,82.99
6015,1015,15,1,83.99
6016,1016,16,2,84.99
6017,1017,17,3,85.99
6018,1018,18,4,86.99
6019,1019,19,5,87.99
6020,1020,20,1,88.99
6021,1021,21,2,89.99
6022,1022,22,3,90.99
6023,1023,23,4,91.99
6024,1024,24,5,92.99
6025,1025,25,1,93.99
6026,1026,26,2,94.99
6027,1027,27,3,95.99
6028,1028,28,4,96.99
6029,1029,29,5,97.99
6030,1030,30,1,98.99
6031,1031,31,2,9.99
6032,1032,32,3,10.99
6033,1033,33,4,11.99
6034,1034,34,5,12.99
6035,1035,35,1,13.99
6036,1036,36,2,14.99
6037,1037,37,3,15.99
6038,1038,38,4,16.99
6039,1039,39,5,17.99
6040,1040,40,1,18.99
6041,1041,41,2,19.99
6042,1042,42,3,20.99
6043,1043,43,4,21.99
6044,1044,44,5,22.99
6045,1045,45,1,23.99
6046,1046,46,2,24.99
6047,1047,47,3,25.99
6048,1048,48,4,26.99
6049,1049,49,5,27.99
6050,1050,50,1,28.99
6051,1051,51,2,29.99
6052,1052,52,3,30.99
6053,1053,53,4,31.99
6054,1054,54,5,32.99
6055,1055,55,1,33.99
6056,1056,56,2,34.99
6057,1057,57,3,35.99
6058,1058,58,4,36.99
6059,1059,59,5,37.99
6060,1060,60,1,38.99
6061,1061,61,2,39.99
6062,1062,62,3,40.99
6063,1063,63,4,41.99
6064,1064,64,5,42.99
6065,1065,65,1,43.99
6066,1066,66,2,44.99
6067,1067,67,3,45.99
6068,1068,68,4,46.99
6069,1069,69,5,47.99
6070,1070,70,1,48.99
6071,1071,71,2,49.99
6072,1072,72,3,50.99
6073,1073,73,4,51.99
6074,1074,74,5,52.99
6075,1075,75,1,53.99
6076,1076,76,2,54.99
6077,1077,77,3,55.99
6078,1078,78,4,56.99
6079,1079,79,5,57.99
6080,1080,80,1,58.99
6081,1081,81,2,59.99
6082,1082,82,3,60.99
6083,1083,83,4,61.99
6084,1084,84,5,62.99
6085,1085,85,1,63.99
6086,1086,86,2,64.99
6087,1087,87,3,65.99
6088,1088,88,4,66.99
6089,1089,89,5,67.99
6090,1090,90,1,68.99
6091,1091,91,2,69.99
6092,1092,92,3,70.99
6093,1093,93,4,71.99
6094,1094,94,5,72.99
6095,1095,95,1,73.99
6096,1096,96,2,74.99
6097,1097,97,3,75.99
6098,1098,98,4,76.99
6099,1099,99,5,77.99
6100,1100,100,1,78.99
6101,1101,101,2,79.99
6102,1102,102,3,80.99
6103,1103,103,4,81.99
6104,1104,104,5,82.99
6105,1105,105,1,83.99
6106,1106,106,2,84.99
6107,1107,107,3,85.99
6108,1108,108,4,86.99
6109,1109,109,5,87.99
6110,1110,110,1,88.99
6111,1111,111,2,89.99
6112,1112,112,3,90.99
6113,1113,113,4,91.99
6114,1114,114,5,92.99
6115,1115,115,1,93.99
6116,1116,116,2,94.99
6117,1117,117,3,95.99
6118,1118,118,4,96.99
6119,1119,119,5,97.99
6120,1120,120,1,98.99
6121,1121,121,2,9.99
6122,1122,122,3,10.99
6123,1123,123,4,11.99
6124,1124,124,5,12.99
6125,1125,125,1,13.99
6126,1126,126,2,14.99
6127,1127,127,3,15.99
6128,1128,128,4,16.99
6129,1129,129,5,17.99
6130,1130,130,1,18.99
6131,1131,131,2,19.99
6132,1132,132,3,20.99
6133,1133,133,4,21.99
6134,1134,134,5,22.99
6135,1135,135,1,23.99
6136,1136,136,2,24.99
6137,1137,137,3,25.99
6138,1138,138,4,26.99
6139,1139,139,5,27.99
6140,1140,140,1,28.99
6141,1141,141,2,29.99
6142,1142,142,3,30.99
6143,1143,143,4,31.99
6144,1144,144,5,32.99
6145,1145,145,1,33.99
6146,1146,146,2,34.99
6147,1147,147,3,35.99
6148,1148,148,4,36.99
6149,1149,149,5,37.99
6150,1150,150,1,38.99
6151,1151,151,2,39.99
6152,1152,152,3,40.99
6153,1153,153,4,41.99
6154,1154,154,5,42.99
6155,1155,155,1,43.99
6156,1156,156,2,44.99
6157,1157,157,3,45.99
6158,1158,158,4,46.99
6159,1159,159,5,47.99
6160,1160,160,1,48.99
6161,1161,161,2,49.99
6162,1162,162,3,50.99
6163,1163,163,4,51.99
6164,1164,164,5,52.99
6165,1165,165,1,53.99
6166,1166,166,2,54.99
6167,1167,167,3,55.99
6168,1168,168,4,56.99
6169,1169,169,5,57.99
6170,1170,170,1,58.99
6171,1171,171,2,59.99
6172,1172,172,3,60.99
6173,1173,173,4,61.99
6174,1174,174,5,62.99
6175,1175,175,1,63.99
6176,1176,176,2,64.99
6177,1177,177,3,65.99
6178,1178,178,4,66.99
6179,1179,179,5,67.99
6180,1180,180,1,68.99
6181,1181,181,2,69.99
6182,1182,182,3,70.99
6183,1183,183,4,71.99
6184,1184,184,5,72.99
6185,1185,185,1,73.99
6186,1186,186,2,74.99
6187,1187,187,3,75.99
6188,1188,188,4,76.99
6189,1189,189,5,77.99
6190,1190,190,1,78.99
6191,1191,191,2,79.99
6192,1192,192,3,80.99
6193,1193,193,4,81.99
6194,1194,194,5,82.99
6195,1195,195,1,83.99
6196,1196,196,2,84.99
6197,1197,197,3,85.99
6198,1198,198,4,86.99
6199,1199,199,5,87.99
6200,1200,200,1,88.99
6201,1201,201,2,89.99
6202,1202,202,3,90.99
6203,1203,203,4,91.99
6204,1204,204,5,92.99
6205,1205,205,1,93.99
6206,1206,206,2,94.99
6207,1207,207,3,95.99
6208,1208,208,4,96.99
6209,1209,209,5,97.99
6210,1210,210,1,98.99
6211,1211,211,2,9.99
6212,1212,212,3,10.99
6213,1213,213,4,11.99
6214,1214,214,5,12.99
6215,1215,215,1,13.99
6216,1216,216,2,14.99
6217,1217,217,3,15.99
6218,1218,218,4,16.99
6219,1219,219,5,17.99
6220,1220,220,1,18.99
6221,1221,221,2,19.99
6222,1222,222,3,20.99
6223,1223,223,4,21.99
6224,1224,224,5,22.99
6225,1225,225,1,23.99
6226,1226,226,2,24.99
6227,1227,227,3,25.99
6228,1228,228,4,26.99
6229,1229,229,5,27.99
6230,1230,230,1,28.99
6231,1231,231,2,29.99
6232,1232,232,3,30.99
6233,1233,233,4,31.99
6234,1234,234,5,32.99
6235,1235,235,1,33.99
6236,1236,236,2,34.99
6237,1237,237,3,35.99
6238,1238,238,4,36.99
6239,1239,239,5,37.99
6240,1240,240,1,38.99
6241,1241,241,2,39.99
6242,1242,242,3,40.99
6243,1243,243,4,41.99
6244,1244,244,5,42.99
6245,1245,245,1,43.99
6246,1246,246,2,44.99
6247,1247,247,3,45.99
6248,1248,248,4,46.99
6249,1249,249,5,47.99
6250,1250,250,1,48.99
6251,1251,251,2,49.99
6252,1252,252,3,50.99
6253,1253,253,4,51.99
6254,1254,254,5,52.99
6255,1255,255,1,53.99
6256,1256,256,2,54.99
6257,1257,257,3,55.99
6258,1258,258,4,56.99
6259,1259,259,5,57.99
6260,1260,260,1,58.99
6261,1261,261,2,59.99
6262,1262,262,3,60.99
6263,1263,263,4,61.99
6264,1264,264,5,62.99
6265,1265,265,1,63.99
6266,1266,266,2,64.99
6267,1267,267,3,65.99
6268,1268,268,4,66.99
6269,1269,269,5,67.99
6270,1270,270,1,68.99
6271,1271,271,2,69.99
6272,1272,272,3,70.99
6273,1273,273,4,71.99
6274,1274,274,5,72.99
6275,1275,275,1,73.99
6276,1276,276,2,74.99
6277,1277,277,3,75.99
6278,1278,278,4,76.99
6279,1279,279,5,77.99
6280,1280,280,1,78.99
6281,1281,281,2,79.99
6282,1282,282,3,80.99
6283,1283,283,4,81.99
6284,1284,284,5,82.99
6285,1285,285,1,83.99
6286,1286,286,2,84.99
6287,1287,287,3,85.99
6288,1288,288,4,86.99
6289,1289,289,5,87.99
6290,1290,290,1,88.99
6291,1291,291,2,89.99
6292,1292,292,3,90.99
6293,1293,293,4,91.99
6294,1294,294,5,92.99
6295,1295,295,1,93.99
6296,1296,296,2,94.99
6297,1297,297,3,95.99
6298,1298,298,4,96.99
6299,1299,299,5,97.99
6300,1300,300,1,98.99
6301,1301,301,2,9.99
6302,1302,302,3,10.99
6303,1303,303,4,11.99
6304,1304,304,5,12.99
6305,1305,305,1,13.99
6306,1306,306,2,14.99
6307,1307,307,3,15.99
6308,1308,308,4,16.99
6309,1309,309,5,17.99
6310,1310,310,1,18.99
6311,1311,311,2,19.99
6312,1312,312,3,20.99
6313,1313,313,4,21.99
6314,1314,314,5,22.99
6315,1315,315,1,23.99
6316,1316,316,2,24.99
6317,1317,317,3,25.99
6318,1318,318,4,26.99
6319,1319,319,5,27.99
6320,1320,320,1,28.99
6321,1321,321,2,29.99
6322,1322,322,3,30.99
6323,1323,323,4,31.99
6324,1324,324,5,32.99
6325,1325,325,1,33.99
6326,1326,326,2,34.99
6327,1327,327,3,35.99
6328,1328,328,4,36.99
6329,1329,329,5,37.99
6330,1330,330,1,38.99
6331,1331,331,2,39.99
6332,1332,332,3,40.99
6333,1333,333,4,41.99
6334,1334,334,5,42.99
6335,1335,335,1,43.99
6336,1336,336,2,44.99
6337,1337,337,3,45.99
6338,1338,338,4,46.99
6339,1339,339,5,47.99
6340,1340,340,1,48.99
6341,1341,341,2,49.99
6342,1342,342,3,50.99
6343,1343,343,4,51.99
6344,1344,344,5,52.99
6345,1345,345,1,53.99
6346,1346,346,2,54.99
6347,1347,347,3,55.99
6348,1348,348,4,56.99
6349,1349,349,5,57.99
6350,1350,350,1,58.99
6351,1351,351,2,59.99
6352,1352,352,3,60.99
6353,1353,353,4,61.99
6354,1354,354,5,62.99
6355,1355,355,1,63.99
6356,1356,356,2,64.99
6357,1357,357,3,65.99
6358,1358,358,4,66.99
6359,1359,359,5,67.99
6360,1360,360,1,68.99
6361,1361,361,2,69.99
6362,1362,362,3,70.99
6363,1363,363,4,71.99
6364,1364,364,5,72.99
6365,1365,365,1,73.99
6366,1366,366,2,74.99
6367,1367,367,3,75.99
6368,1368,368,4,76.99
6369,1369,369,5,77.99
6370,1370,370,1,78.99
6371,1371,371,2,79.99
6372,1372,372,3,80.99
6373,1373,373,4,81.99
6374,1374,374,5,82.99
6375,1375,375,1,83.99
6376,1376,376,2,84.99
6377,1377,377,3,85.99
6378,1378,378,4,86.99
6379,1379,379,5,87.99
6380,1380,380,1,88.99
6381,1381,381,2,89.99
6382,1382,382,3,90.99
6383,1383,383,4,91.99
6384,1384,384,5,92.99
6385,1385,385,1,93.99
6386,1386,386,2,94.99
6387,1387,387,3,95.99
6388,1388,388,4,96.99
6389,1389,389,5,97.99
6390,1390,390,1,98.99
6391,1391,391,2,9.99
6392,1392,392,3,10.99
6393,1393,393,4,11.99
6394,1394,394,5,12.99
6395,1395,395,1,13.99
6396,1396,396,2,14.99
6397,1397,397,3,15.99
6398,1398,398,4,16.99
6399,1399,399,5,17.99
6400,1400,400,1,18.99
6401,1401,401,2,19.99
6402,1402,402,3,20.99
6403,1403,403,4,21.99
6404,1404,404,5,22.99
6405,1405,405,1,23.99
6406,1406,406,2,24.99
6407,1407,407,3,25.99
6408,1408,408,4,26.99
6409,1409,409,5,27.99
6410,1410,410,1,28.99
6411,1411,411,2,29.99
6412,1412,412,3,30.99
6413,1413,413,4,31.99
6414,1414,414,5,32.99
6415,1415,415,1,33.99
6416,1416,416,2,34.99
6417,1417,417,3,35.99
6418,1418,418,4,36.99
6419,1419,419,5,37.99
6420,1420,420,1,38.99
6421,1421,421,2,39.99
6422,1422,422,3,40.99
6423,1423,423,4,41.99
6424,1424,424,5,42.99
6425,1425,425,1,43.99
6426,1426,426,2,44.99
6427,1427,427,3,45.99
6428,1428,428,4,46.99
6429,1429,429,5,47.99
6430,1430,430,1,48.99
6431,1431,431,2,49.99
6432,1432,432,3,50.99
6433,1433,433,4,51.99
6434,1434,434,5,52.99
6435,1435,435,1,53.99
6436,1436,436,2,54.99
6437,1437,437,3,55.99
6438,1438,438,4,56.99
6439,1439,439,5,57.99
6440,1440,440,1,58.99
6441,1441,441,2,59.99
6442,1442,442,3,60.99
6443,1443,443,4,61.99
6444,1444,444,5,62.99
6445,1445,445,1,63.99
6446,1446,446,2,64.99
6447,1447,447,3,65.99
6448,1448,448,4,66.99
6449,1449,449,5,67.99
6450,1450,450,1,68.99
6451,1451,451,2,69.99
6452,1452,452,3,70.99
6453,1453,453,4,71.99
6454,1454,454,5,72.99
6455,1455,455,1,73.99
6456,1456,456,2,74.99
6457,1457,457,3,75.99
6458,1458,458,4,76.99
6459,1459,459,5,77.99
6460,1460,460,1,78.99
6461,1461,461,2,79.99
6462,1462,462,3,80.99
6463,1463,463,4,81.99
6464,1464,464,5,82.99
6465,1465,465,1,83.99
6466,1466,466,2,84.99
6467,1467,467,3,85.99
6468,1468,468,4,86.99
6469,1469,469,5,87.99
6470,1470,470,1,88.99
6471,1471,471,2,89.99
6472,1472,472,3,90.99
6473,1473,473,4,91.99
6474,1474,474,5,92.99
6475,1475,475,1,93.99
6476,1476,476,2,94.99
6477,1477,477,3,95.99
6478,1478,478,4,96.99
6479,1479,479,5,97.99
6480,1480,480,1,98.99
6481,1481,481,2,9.99
6482,1482,482,3,10.99
6483,1483,483,4,11.99
6484,1484,484,5,12.99
6485,1485,485,1,13.99
6486,1486,486,2,14.99
6487,1487,487,3,15.99
6488,1488,488,4,16.99
6489,1489,489,5,17.99
6490,1490,490,1,18.99
6491,1491,491,2,19.99
6492,1492,492,3,20.99
6493,1493,493,4,21.99
6494,1494,494,5,22.99
6495,1495,495,1,23.99
6496,1496,496,2,24.99
6497,1497,497,3,25.99
6498,1498,498,4,26.99
6499,1499,499,5,27.99
6500,1500,500,1,28.99
6501,1501,1,2,29.99
6502,1502,2,3,30.99
6503,1503,3,4,31.99
6504,1504,4,5,32.99
6505,1505,5,1,33.99
6506,1506,6,2,34.99
6507,1507,7,3,35.99
6508,1508,8,4,36.99
6509,1509,9,5,37.99
6510,1510,10,1,38.99
6511,1511,11,2,39.99
6512,1512,12,3,40.99
6513,1513,13,4,41.99
6514,1514,14,5,42.99
6515,1515,15,1,43.99
6516,1516,16,2,44.99
6517,1517,17,3,45.99
6518,1518,18,4,46.99
6519,1519,19,5,47.99
6520,1520,20,1,48.99
6521,1521,21,2,49.99
6522,1522,22,3,50.99
6523,1523,23,4,51.99
6524,1524,24,5,52.99
6525,1525,25,1,53.99
6526,1526,26,2,54.99
6527,1527,27,3,55.99
6528,1528,28,4,56.99
6529,1529,29,5,57.99
6530,1530,30,1,58.99
6531,1531,31,2,59.99
6532,1532,32,3,60.99
6533,1533,33,4,61.99
6534,1534,34,5,62.99
6535,1535,35,1,63.99
6536,1536,36,2,64.99
6537,1537,37,3,65.99
6538,1538,38,4,66.99
6539,1539,39,5,67.99
6540,1540,40,1,68.99
6541,1541,41,2,69.99
6542,1542,42,3,70.99
6543,1543,43,4,71.99
6544,1544,44,5,72.99
6545,1545,45,1,73.99
6546,1546,46,2,74.99
6547,1547,47,3,75.99
6548,1548,48,4,76.99
6549,1549,49,5,77.99
6550,1550,50,1,78.99
6551,1551,51,2,79.99
6552,1552,52,3,80.99
6553,1553,53,4,81.99
6554,1554,54,5,82.99
6555,1555,55,1,83.99
6556,1556,56,2,84.99
6557,1557,57,3,85.99
6558,1558,58,4,86.99
6559,1559,59,5,87.99
6560,1560,60,1,88.99
6561,1561,61,2,89.99
6562,1562,62,3,90.99
6563,1563,63,4,91.99
6564,1564,64,5,92.99
6565,1565,65,1,93.99
6566,1566,66,2,94.99
6567,1567,67,3,95.99
6568,1568,68,4,96.99
6569,1569,69,5,97.99
6570,1570,70,1,98.99
6571,1571,71,2,9.99
6572,1572,72,3,10.99
6573,1573,73,4,11.99
6574,1574,74,5,12.99
6575,1575,75,1,13.99
6576,1576,76,2,14.99
6577,1577,77,3,15.99
6578,1578,78,4,16.99
6579,1579,79,5,17.99
6580,1580,80,1,18.99
6581,1581,81,2,19.99
6582,1582,82,3,20.99
6583,1583,83,4,21.99
6584,1584,84,5,22.99
6585,1585,85,1,23.99
6586,1586,86,2,24.99
6587,1587,87,3,25.99
6588,1588,88,4,26.99
6589,1589,89,5,27.99
6590,1590,90,1,28.99
6591,1591,91,2,29.99
6592,1592,92,3,30.99
6593,1593,93,4,31.99
6594,1594,94,5,32.99
6595,1595,95,1,33.99
6596,1596,96,2,34.99
6597,1597,97,3,35.99
6598,1598,98,4,36.99
6599,1599,99,5,37.99
6600,1600,100,1,38.99
6601,1601,101,2,39.99
6602,1602,102,3,40.99
6603,1603,103,4,41.99
6604,1604,104,5,42.99
6605,1605,105,1,43.99
6606,1606,106,2,44.99
6607,1607,107,3,45.99
6608,1608,108,4,46.99
6609,1609,109,5,47.99
6610,1610,110,1,48.99
6611,1611,111,2,49.99
6612,1612,112,3,50.99
6613,1613,113,4,51.99
6614,1614,114,5,52.99
6615,1615,115,1,53.99
6616,1616,116,2,54.99
6617,1617,117,3,55.99
6618,1618,118,4,56.99
6619,1619,119,5,57.99
6620,1620,120,1,58.99
6621,1621,121,2,59.99
6622,1622,122,3,60.99
6623,1623,123,4,61.99
6624,1624,124,5,62.99
6625,1625,125,1,63.99
6626,1626,126,2,64.99
6627,1627,127,3,65.99
6628,1628,128,4,66.99
6629,1629,129,5,67.99
6630,1630,130,1,68.99
6631,1631,131,2,69.99
6632,1632,132,3,70.99
6633,1633,133,4,71.99
6634,1634,134,5,72.99
6635,1635,135,1,73.99
6636,1636,136,2,74.99
6637,1637,137,3,75.99
6638,1638,138,4,76.99
6639,1639,139,5,77.99
6640,1640,140,1,78.99
6641,1641,141,2,79.99
6642,1642,142,3,80.99
6643,1643,143,4,81.99
6644,1644,144,5,82.99
6645,1645,145,1,83.99
6646,1646,146,2,84.99
6647,1647,147,3,85.99
6648,1648,148,4,86.99
6649,1649,149,5,87.99
6650,1650,150,1,88.99
6651,1651,151,2,89.99
6652,1652,152,3,90.99
6653,1653,153,4,91.99
6654,1654,154,5,92.99
6655,1655,155,1,93.99
6656,1656,156,2,94.99
6657,1657,157,3,95.99
6658,1658,158,4,96.99
6659,1659,159,5,97.99
6660,1660,160,1,98.99
6661,1661,161,2,9.99
6662,1662,162,3,10.99
6663,1663,163,4,11.99
6664,1664,164,5,12.99
6665,1665,165,1,13.99
6666,1666,166,2,14.99
6667,1667,167,3,15.99
6668,1668,168,4,16.99
6669,1669,169,5,17.99
6670,1670,170,1,18.99
6671,1671,171,2,19.99
6672,1672,172,3,20.99
6673,1673,173,4,21.99
6674,1674,174,5,22.99
6675,1675,175,1,23.99
6676,1676,176,2,24.99
6677,1677,177,3,25.99
6678,1678,178,4,26.99
6679,1679,179,5,27.99
6680,1680,180,1,28.99
6681,1681,181,2,29.99
6682,1682,182,3,30.99
6683,1683,183,4,31.99
6684,1684,184,5,32.99
6685,1685,185,1,33.99
6686,1686,186,2,34.99
6687,1687,187,3,35.99
6688,1688,188,4,36.99
6689,1689,189,5,37.99
6690,1690,190,1,38.99
6691,1691,191,2,39.99
6692,1692,192,3,40.99
6693,1693,193,4,41.99
6694,1694,194,5,42.99
6695,1695,195,1,43.99
6696,1696,196,2,44.99
6697,1697,197,3,45.99
6698,1698,198,4,46.99
6699,1699,199,5,47.99
6700,1700,200,1,48.99
6701,1701,201,2,49.99
6702,1702,202,3,50.99
6703,1703,203,4,51.99
6704,1704,204,5,52.99
6705,1705,205,1,53.99
6706,1706,206,2,54.99
6707,1707,207,3,55.99
6708,1708,208,4,56.99
6709,1709,209,5,57.99
6710,1710,210,1,58.99
6711,1711,211,2,59.99
6712,1712,212,3,60.99
6713,1713,213,4,61.99
6714,1714,214,5,62.99
6715,1715,215,1,63.99
6716,1716,216,2,64.99
6717,1717,217,3,65.99
6718,1718,218,4,66.99
6719,1719,219,5,67.99
6720,1720,220,1,68.99
6721,1721,221,2,69.99
6722,1722,222,3,70.99
6723,1723,223,4,71.99
6724,1724,224,5,72.99
6725,1725,225,1,73.99
6726,1726,226,2,74.99
6727,1727,227,3,75.99
6728,1728,228,4,76.99
6729,1729,229,5,77.99
6730,1730,230,1,78.99
6731,1731,231,2,79.99
6732,1732,232,3,80.99
6733,1733,233,4,81.99
6734,1734,234,5,82.99
6735,1735,235,1,83.99
6736,1736,236,2,84.99
6737,1737,237,3,85.99
6738,1738,238,4,86.99
6739,1739,239,5,87.99
6740,1740,240,1,88.99
6741,1741,241,2,89.99
6742,1742,242,3,90.99
6743,1743,243,4,91.99
6744,1744,244,5,92.99
6745,1745,245,1,93.99
6746,1746,246,2,94.99
6747,1747,247,3,95.99
6748,1748,248,4,96.99
6749,1749,249,5,97.99
6750,1750,250,1,98.99
6751,1751,251,2,9.99
6752,1752,252,3,10.99
6753,1753,253,4,11.99
6754,1754,254,5,12.99
6755,1755,255,1,13.99
6756,1756,256,2,14.99
6757,1757,257,3,15.99
6758,1758,258,4,16.99
6759,1759,259,5,17.99
6760,1760,260,1,18.99
6761,1761,261,2,19.99
6762,1762,262,3,20.99
6763,1763,263,4,21.99
6764,1764,264,5,22.99
6765,1765,265,1,23.99
6766,1766,266,2,24.99
6767,1767,267,3,25.99
6768,1768,268,4,26.99
6769,1769,269,5,27.99
6770,1770,270,1,28.99
6771,1771,271,2,29.99
6772,1772,272,3,30.99
6773,1773,273,4,31.99
6774,1774,274,5,32.99
6775,1775,275,1,33.99
6776,1776,276,2,34.99
6777,1777,277,3,35.99
6778,1778,278,4,36.99
6779,1779,279,5,37.99
6780,1780,280,1,38.99
6781,1781,281,2,39.99
6782,1782,282,3,40.99
6783,1783,283,4,41.99
6784,1784,284,5,42.99
6785,1785,285,1,43.99
6786,1786,286,2,44.99
6787,1787,287,3,45.99
6788,1788,288,4,46.99
6789,1789,289,5,47.99
6790,1790,290,1,48.99
6791,1791,291,2,49.99
6792,1792,292,3,50.99
6793,1793,293,4,51.99
6794,1794,294,5,52.99
6795,1795,295,1,53.99
6796,1796,296,2,54.99
6797,1797,297,3,55.99
6798,1798,298,4,56.99
6799,1799,299,5,57.99
6800,1800,300,1,58.99
6801,1801,301,2,59.99
6802,1802,302,3,60.99
6803,1803,303,4,61.99
6804,1804,304,5,62.99
6805,1805,305,1,63.99
6806,1806,306,2,64.99
6807,1807,307,3,65.99
6808,1808,308,4,66.99
6809,1809,309,5,67.99
6810,1810,310,1,68.99
6811,1811,311,2,69.99
6812,1812,312,3,70.99
6813,1813,313,4,71.99
6814,1814,314,5,72.99
6815,1815,315,1,73.99
6816,1816,316,2,74.99
6817,1817,317,3,75.99
6818,1818,318,4,76.99
6819,1819,319,5,77.99
6820,1820,320,1,78.99
6821,1821,321,2,79.99
6822,1822,322,3,80.99
6823,1823,323,4,81.99
6824,1824,324,5,82.99
6825,1825,325,1,83.99
6826,1826,326,2,84.99
6827,1827,327,3,85.99
6828,1828,328,4,86.99
6829,1829,329,5,87.99
6830,1830,330,1,88.99
6831,1831,331,2,89.99
6832,1832,332,3,90.99
6833,1833,333,4,91.99
6834,1834,334,5,92.99
6835,1835,335,1,93.99
6836,1836,336,2,94.99
6837,1837,337,3,95.99
6838,1838,338,4,96.99
6839,1839,339,5,97.99
6840,1840,340,1,98.99
6841,1841,341,2,9.99
6842,1842,342,3,10.99
6843,1843,343,4,11.99
6844,1844,344,5,12.99
6845,1845,345,1,13.99
6846,1846,346,2,14.99
6847,1847,347,3,15.99
6848,1848,348,4,16.99
6849,1849,349,5,17.99
6850,1850,350,1,18.99
6851,1851,351,2,19.99
6852,1852,352,3,20.99
6853,1853,353,4,21.99
6854,1854,354,5,22.99
6855,1855,355,1,23.99
6856,1856,356,2,24.99
6857,1857,357,3,25.99
6858,1858,358,4,26.99
6859,1859,359,5,27.99
6860,1860,360,1,28.99
6861,1861,361,2,29.99
6862,1862,362,3,30.99
6863,1863,363,4,31.99
6864,1864,364,5,32.99
6865,1865,365,1,33.99
6866,1866,366,2,34.99
6867,1867,367,3,35.99
6868,1868,368,4,36.99
6869,1869,369,5,37.99
6870,1870,370,1,38.99
6871,1871,371,2,39.99
6872,1872,372,3,40.99
6873,1873,373,4,41.99
6874,1874,374,5,42.99
6875,1875,375,1,43.99
6876,1876,376,2,44.99
6877,1877,377,3,45.99
6878,1878,378,4,46.99
6879,1879,379,5,47.99
6880,1880,380,1,48.99
6881,1881,381,2,49.99
6882,1882,382,3,50.99
6883,1883,383,4,51.99
6884,1884,384,5,52.99
6885,1885,385,1,53.99
6886,1886,386,2,54.99
6887,1887,387,3,55.99
6888,1888,388,4,56.99
6889,1889,389,5,57.99
6890,1890,390,1,58.99
6891,1891,391,2,59.99
6892,1892,392,3,60.99
6893,1893,393,4,61.99
6894,1894,394,5,62.99
6895,1895,395,1,63.99
6896,1896,396,2,64.99
6897,1897,397,3,65.99
6898,1898,398,4,66.99
6899,1899,399,5,67.99
6900,1900,400,1,68.99
6901,1901,401,2,69.99
6902,1902,402,3,70.99
6903,1903,403,4,71.99
6904,1904,404,5,72.99
6905,1905,405,1,73.99
6906,1906,406,2,74.99
6907,1907,407,3,75.99
6908,1908,408,4,76.99
6909,1909,409,5,77.99
6910,1910,410,1,78.99
6911,1911,411,2,79.99
6912,1912,412,3,80.99
6913,1913,413,4,81.99
6914,1914,414,5,82.99
6915,1915,415,1,83.99
6916,1916,416,2,84.99
6917,1917,417,3,85.99
6918,1918,418,4,86.99
6919,1919,419,5,87.99
6920,1920,420,1,88.99
6921,1921,421,2,89.99
6922,1922,422,3,90.99
6923,1923,423,4,91.99
6924,1924,424,5,92.99
6925,1925,425,1,93.99
6926,1926,426,2,94.99
6927,1927,427,3,95.99
6928,1928,428,4,96.99
6929,1929,429,5,97.99
6930,1930,430,1,98.99
6931,1931,431,2,9.99
6932,1932,432,3,10.99
6933,1933,433,4,11.99
6934,1934,434,5,12.99
6935,1935,435,1,13.99
6936,1936,436,2,14.99
6937,1937,437,3,15.99
6938,1938,438,4,16.99
6939,1939,439,5,17.99
6940,1940,440,1,18.99
6941,1941,441,2,19.99
6942,1942,442,3,20.99
6943,1943,443,4,21.99
6944,1944,444,5,22.99
6945,1945,445,1,23.99
6946,1946,446,2,24.99
6947,1947,447,3,25.99
6948,1948,448,4,26.99
6949,1949,449,5,27.99
6950,1950,450,1,28.99
6951,1951,451,2,29.99
6952,1952,452,3,30.99
6953,1953,453,4,31.99
6954,1954,454,5,32.99
6955,1955,455,1,33.99
6956,1956,456,2,34.99
6957,1957,457,3,35.99
6958,1958,458,4,36.99
6959,1959,459,5,37.99
6960,1960,460,1,38.99
6961,1961,461,2,39.99
6962,1962,462,3,40.99
6963,1963,463,4,41.99
6964,1964,464,5,42.99
6965,1965,465,1,43.99
6966,1966,466,2,44.99
6967,1967,467,3,45.99
6968,1968,468,4,46.99
6969,1969,469,5,47.99
6970,1970,470,1,48.99
6971,1971,471,2,49.99
6972,1972,472,3,50.99
6973,1973,473,4,51.99
6974,1974,474,5,52.99
6975,1975,475,1,53.99
6976,1976,476,2,54.99
6977,1977,477,3,55.99
6978,1978,478,4,56.99
6979,1979,479,5,57.99
6980,1980,480,1,58.99
6981,1981,481,2,59.99
6982,1982,482,3,60.99
6983,1983,483,4,61.99
6984,1984,484,5,62.99
6985,1985,485,1,63.99
6986,1986,486,2,64.99
6987,1987,487,3,65.99
6988,1988,488,4,66.99
6989,1989,489,5,67.99
6990,1990,490,1,68.99
6991,1991,491,2,69.99
6992,1992,492,3,70.99
6993,1993,493,4,71.99
6994,1994,494,5,72.99
6995,1995,495,1,73.99
6996,1996,496,2,74.99
6997,1997,497,3,75.99
6998,1998,498,4,76.99
6999,1999,499,5,77.99
7000,2000,500,1,78.99
7001,2001,1,2,79.99
7002,2002,2,3,80.99
7003,2003,3,4,81.99
7004,2004,4,5,82.99
7005,2005,5,1,83.99
7006,2006,6,2,84.99
7007,2007,7,3,85.99
7008,2008,8,4,86.99
7009,2009,9,5,87.99
7010,2010,10,1,88.99
7011,2011,11,2,89.99
7012,2012,12,3,90.99
7013,2013,13,4,91.99
7014,2014,14,5,92.99
7015,2015,15,1,93.99
7016,2016,16,2,94.99
7017,2017,17,3,95.99
7018,2018,18,4,96.99
7019,2019,19,5,97.99
7020,2020,20,1,98.99
7021,2021,21,2,9.99
7022,2022,22,3,10.99
7023,2023,23,4,11.99
7024,2024,24,5,12.99
7025,2025,25,1,13.99
7026,2026,26,2,14.99
7027,2027,27,3,15.99
7028,2028,28,4,16.99
7029,2029,29,5,17.99
7030,2030,30,1,18.99
7031,2031,31,2,19.99
7032,2032,32,3,20.99
7033,2033,33,4,21.99
7034,2034,34,5,22.99
7035,2035,35,1,23.99
7036,2036,36,2,24.99
7037,2037,37,3,25.99
7038,2038,38,4,26.99
7039,2039,39,5,27.99
7040,2040,40,1,28.99
7041,2041,41,2,29.99
7042,2042,42,3,30.99
7043,2043,43,4,31.99
7044,2044,44,5,32.99
7045,2045,45,1,33.99
7046,2046,46,2,34.99
7047,2047,47,3,35.99
7048,2048,48,4,36.99
7049,2049,49,5,37.99
7050,2050,50,1,38.99
7051,2051,51,2,39.99
7052,2052,52,3,40.99
7053,2053,53,4,41.99
7054,2054,54,5,42.99
7055,2055,55,1,43.99
7056,2056,56,2,44.99
7057,2057,57,3,45.99
7058,2058,58,4,46.99
7059,2059,59,5,47.99
7060,2060,60,1,48.99
7061,2061,61,2,49.99
7062,2062,62,3,50.99
7063,2063,63,4,51.99
7064,2064,64,5,52.99
7065,2065,65,1,53.99
7066,2066,66,2,54.99
7067,2067,67,3,55.99
7068,2068,68,4,56.99
7069,2069,69,5,57.99
7070,2070,70,1,58.99
7071,2071,71,2,59.99
7072,2072,72,3,60.99
7073,2073,73,4,61.99
7074,2074,74,5,62.99
7075,2075,75,1,63.99
7076,2076,76,2,64.99
7077,2077,77,3,65.99
7078,2078,78,4,66.99
7079,2079,79,5,67.99
7080,2080,80,1,68.99
7081,2081,81,2,69.99
7082,2082,82,3,70.99
7083,2083,83,4,71.99
7084,2084,84,5,72.99
7085,2085,85,1,73.99
7086,2086,86,2,74.99
7087,2087,87,3,75.99
7088,2088,88,4,76.99
7089,2089,89,5,77.99
7090,2090,90,1,78.99
7091,2091,91,2,79.99
7092,2092,92,3,80.99
7093,2093,93,4,81.99
7094,2094,94,5,82.99
7095,2095,95,1,83.99
7096,2096,96,2,84.99
7097,2097,97,3,85.99
7098,2098,98,4,86.99
7099,2099,99,5,87.99
7100,2100,100,1,88.99
7101,2101,101,2,89.99
7102,2102,102,3,90.99
7103,2103,103,4,91.99
7104,2104,104,5,92.99
7105,2105,105,1,93.99
7106,2106,106,2,94.99
7107,2107,107,3,95.99
7108,2108,108,4,96.99
7109,2109,109,5,97.99
7110,2110,110,1,98.99
7111,2111,111,2,9.99
7112,2112,112,3,10.99
7113,2113,113,4,11.99
7114,2114,114,5,12.99
7115,2115,115,1,13.99
7116,2116,116,2,14.99
7117,2117,117,3,15.99
7118,2118,118,4,16.99
7119,2119,119,5,17.99
7120,2120,120,1,18.99
7121,2121,121,2,19.99
7122,2122,122,3,20.99
7123,2123,123,4,21.99
7124,2124,124,5,22.99
7125,2125,125,1,23.99
7126,2126,126,2,24.99
7127,2127,127,3,25.99
7128,2128,128,4,26.99
7129,2129,129,5,27.99
7130,2130,130,1,28.99
7131,2131,131,2,29.99
7132,2132,132,3,30.99
7133,2133,133,4,31.99
7134,2134,134,5,32.99
7135,2135,135,1,33.99
7136,2136,136,2,34.99
7137,2137,137,3,35.99
7138,2138,138,4,36.99
7139,2139,139,5,37.99
7140,2140,140,1,38.99
7141,2141,141,2,39.99
7142,2142,142,3,40.99
7143,2143,143,4,41.99
7144,2144,144,5,42.99
7145,2145,145,1,43.99
7146,2146,146,2,44.99
7147,2147,147,3,45.99
7148,2148,148,4,46.99
7149,2149,149,5,47.99
7150,2150,150,1,48.99
7151,2151,151,2,49.99
7152,2152,152,3,50.99
7153,2153,153,4,51.99
7154,2154,154,5,52.99
7155,2155,155,1,53.99
7156,2156,156,2,54.99
7157,2157,157,3,55.99
7158,2158,158,4,56.99
7159,2159,159,5,57.99
7160,2160,160,1,58.99
7161,2161,161,2,59.99
7162,2162,162,3,60.99
7163,2163,163,4,61.99
7164,2164,164,5,62.99
7165,2165,165,1,63.99
7166,2166,166,2,64.99
7167,2167,167,3,65.99
7168,2168,168,4,66.99
7169,2169,169,5,67.99
7170,2170,170,1,68.99
7171,2171,171,2,69.99
7172,2172,172,3,70.99
7173,2173,173,4,71.99
7174,2174,174,5,72.99
7175,2175,175,1,73.99
7176,2176,176,2,74.99
7177,2177,177,3,75.99
7178,2178,178,4,76.99
7179,2179,179,5,77.99
7180,2180,180,1,78.99
7181,2181,181,2,79.99
7182,2182,182,3,80.99
7183,2183,183,4,81.99
7184,2184,184,5,82.99
7185,2185,185,1,83.99
7186,2186,186,2,84.99
7187,2187,187,3,85.99
7188,2188,188,4,86.99
7189,2189,189,5,87.99
7190,2190,190,1,88.99
7191,2191,191,2,89.99
7192,2192,192,3,90.99
7193,2193,193,4,91.99
7194,2194,194,5,92.99
7195,2195,195,1,93.99
7196,2196,196,2,94.99
7197,2197,197,3,95.99
7198,2198,198,4,96.99
7199,2199,199,5,97.99
7200,2200,200,1,98.99
7201,2201,201,2,9.99
7202,2202,202,3,10.99
7203,2203,203,4,11.99
7204,2204,204,5,12.99
7205,2205,205,1,13.99
7206,2206,206,2,14.99
7207,2207,207,3,15.99
7208,2208,208,4,16.99
7209,2209,209,5,17.99
7210,2210,210,1,18.99
7211,2211,211,2,19.99
7212,2212,212,3,20.99
7213,2213,213,4,21.99
7214,2214,214,5,22.99
7215,2215,215,1,23.99
7216,2216,216,2,24.99
7217,2217,217,3,25.99
7218,2218,218,4,26.99
7219,2219,219,5,27.99
7220,2220,220,1,28.99
7221,2221,221,2,29.99
7222,2222,222,3,30.99
7223,2223,223,4,31.99
7224,2224,224,5,32.99
7225,2225,225,1,33.99
7226,2226,226,2,34.99
7227,2227,227,3,35.99
7228,2228,228,4,36.99
7229,2229,229,5,37.99
7230,2230,230,1,38.99
7231,2231,231,2,39.99
7232,2232,232,3,40.99
7233,2233,233,4,41.99
7234,2234,234,5,42.99
7235,2235,235,1,43.99
7236,2236,236,2,44.99
7237,2237,237,3,45.99
7238,2238,238,4,46.99
7239,2239,239,5,47.99
7240,2240,240,1,48.99
7241,2241,241,2,49.99
7242,2242,242,3,50.99
7243,2243,243,4,51.99
7244,2244,244,5,52.99
7245,2245,245,1,53.99
7246,2246,246,2,54.99
7247,2247,247,3,55.99
7248,2248,248,4,56.99
7249,2249,249,5,57.99
7250,2250,250,1,58.99
7251,2251,251,2,59.99
7252,2252,252,3,60.99
7253,2253,253,4,61.99
7254,2254,254,5,62.99
7255,2255,255,1,63.99
7256,2256,256,2,64.99
7257,2257,257,3,65.99
7258,2258,258,4,66.99
7259,2259,259,5,67.99
7260,2260,260,1,68.99
7261,2261,261,2,69.99
7262,2262,262,3,70.99
7263,2263,263,4,71.99
7264,2264,264,5,72.99
7265,2265,265,1,73.99
7266,2266,266,2,74.99
7267,2267,267,3,75.99
7268,2268,268,4,76.99
7269,2269,269,5,77.99
7270,2270,270,1,78.99
7271,2271,271,2,79.99
7272,2272,272,3,80.99
7273,2273,273,4,81.99
7274,2274,274,5,82.99
7275,2275,275,1,83.99
7276,2276,276,2,84.99
7277,2277,277,3,85.99
7278,2278,278,4,86.99
7279,2279,279,5,87.99
7280,2280,280,1,88.99
7281,2281,281,2,89.99
7282,2282,282,3,90.99
7283,2283,283,4,91.99
7284,2284,284,5,92.99
7285,2285,285,1,93.99
7286,2286,286,2,94.99
7287,2287,287,3,95.99
7288,2288,288,4,96.99
7289,2289,289,5,97.99
7290,2290,290,1,98.99
7291,2291,291,2,9.99
7292,2292,292,3,10.99
7293,2293,293,4,11.99
7294,2294,294,5,12.99
7295,2295,295,1,13.99
7296,2296,296,2,14.99
7297,2297,297,3,15.99
7298,2298,298,4,16.99
7299,2299,299,5,17.99
7300,2300,300,1,18.99
7301,2301,301,2,19.99
7302,2302,302,3,20.99
7303,2303,303,4,21.99
7304,2304,304,5,22.99
7305,2305,305,1,23.99
7306,2306,306,2,24.99
7307,2307,307,3,25.99
7308,2308,308,4,26.99
7309,2309,309,5,27.99
7310,2310,310,1,28.99
7311,2311,311,2,29.99
7312,2312,312,3,30.99
7313,2313,313,4,31.99
7314,2314,314,5,32.99
7315,2315,315,1,33.99
7316,2316,316,2,34.99
7317,2317,317,3,35.99
7318,2318,318,4,36.99
7319,2319,319,5,37.99
7320,2320,320,1,38.99
7321,2321,321,2,39.99
7322,2322,322,3,40.99
7323,2323,323,4,41.99
7324,2324,324,5,42.99
7325,2325,325,1,43.99
7326,2326,326,2,44.99
7327,2327,327,3,45.99
7328,2328,328,4,46.99
7329,2329,329,5,47.99
7330,2330,330,1,48.99
7331,2331,331,2,49.99
7332,2332,332,3,50.99
7333,2333,333,4,51.99
7334,2334,334,5,52.99
7335,2335,335,1,53.99
7336,2336,336,2,54.99
7337,2337,337,3,55.99
7338,2338,338,4,56.99
7339,2339,339,5,57.99
7340,2340,340,1,58.99
7341,2341,341,2,59.99
7342,2342,342,3,60.99
7343,2343,343,4,61.99
7344,2344,344,5,62.99
7345,2345,345,1,63.99
7346,2346,346,2,64.99
7347,2347,347,3,65.99
7348,2348,348,4,66.99
7349,2349,349,5,67.99
7350,2350,350,1,68.99
7351,2351,351,2,69.99
7352,2352,352,3,70.99
7353,2353,353,4,71.99
7354,2354,354,5,72.99
7355,2355,355,1,73.99
7356,2356,356,2,74.99
7357,2357,357,3,75.99
7358,2358,358,4,76.99
7359,2359,359,5,77.99
7360,2360,360,1,78.99
7361,2361,361,2,79.99
7362,2362,362,3,80.99
7363,2363,363,4,81.99
7364,2364,364,5,82.99
7365,2365,365,1,83.99
7366,2366,366,2,84.99
7367,2367,367,3,85.99
7368,2368,368,4,86.99
7369,2369,369,5,87.99
7370,2370,370,1,88.99
7371,2371,371,2,89.99
7372,2372,372,3,90.99
7373,2373,373,4,91.99
7374,2374,374,5,92.99
7375,2375,375,1,93.99
7376,2376,376,2,94.99
7377,2377,377,3,95.99
7378,2378,378,4,96.99
7379,2379,379,5,97.99
7380,2380,380,1,98.99
7381,2381,381,2,9.99
7382,2382,382,3,10.99
7383,2383,383,4,11.99
7384,2384,384,5,12.99
7385,2385,385,1,13.99
7386,2386,386,2,14.99
7387,2387,387,3,15.99
7388,2388,388,4,16.99
7389,2389,389,5,17.99
7390,2390,390,1,18.99
7391,2391,391,2,19.99
7392,2392,392,3,20.99
7393,2393,393,4,21.99
7394,2394,394,5,22.99
7395,2395,395,1,23.99
7396,2396,396,2,24.99
7397,2397,397,3,25.99
7398,2398,398,4,26.99
7399,2399,399,5,27.99
7400,2400,400,1,28.99
7401,2401,401,2,29.99
7402,2402,402,3,30.99
7403,2403,403,4,31.99
7404,2404,404,5,32.99
7405,2405,405,1,33.99
7406,2406,406,2,34.99
7407,2407,407,3,35.99
7408,2408,408,4,36.99
7409,2409,409,5,37.99
7410,2410,410,1,38.99
7411,2411,411,2,39.99
7412,2412,412,3,40.99
7413,2413,413,4,41.99
7414,2414,414,5,42.99
7415,2415,415,1,43.99
7416,2416,416,2,44.99
7417,2417,417,3,45.99
7418,2418,418,4,46.99
7419,2419,419,5,47.99
7420,2420,420,1,48.99
7421,2421,421,2,49.99
7422,2422,422,3,50.99
7423,2423,423,4,51.99
7424,2424,424,5,52.99
7425,2425,425,1,53.99
7426,2426,426,2,54.99
7427,2427,427,3,55.99
7428,2428,428,4,56.99
7429,2429,429,5,57.99
7430,2430,430,1,58.99
7431,2431,431,2,59.99
7432,2432,432,3,60.99
7433,2433,433,4,61.99
7434,2434,434,5,62.99
7435,2435,435,1,63.99
7436,2436,436,2,64.99
7437,2437,437,3,65.99
7438,2438,438,4,66.99
7439,2439,439,5,67.99
7440,2440,440,1,68.99
7441,2441,441,2,69.99
7442,2442,442,3,70.99
7443,2443,443,4,71.99
7444,2444,444,5,72.99
7445,2445,445,1,73.99
7446,2446,446,2,74.99
7447,2447,447,3,75.99
7448,2448,448,4,76.99
7449,2449,449,5,77.99
7450,2450,450,1,78.99
7451,2451,451,2,79.99
7452,2452,452,3,80.99
7453,2453,453,4,81.99
7454,2454,454,5,82.99
7455,2455,455,1,83.99
7456,2456,456,2,84.99
7457,2457,457,3,85.99
7458,2458,458,4,86.99
7459,2459,459,5,87.99
7460,2460,460,1,88.99
7461,2461,461,2,89.99
7462,2462,462,3,90.99
7463,2463,463,4,91.99
7464,2464,464,5,92.99
7465,2465,465,1,93.99
7466,2466,466,2,94.99
7467,2467,467,3,95.99
7468,2468,468,4,96.99
7469,2469,469,5,97.99
7470,2470,470,1,98.99
7471,2471,471,2,9.99
7472,2472,472,3,10.99
7473,2473,473,4,11.99
7474,2474,474,5,12.99
7475,2475,475,1,13.99
7476,2476,476,2,14.99
7477,2477,477,3,15.99
7478,2478,478,4,16.99
7479,2479,479,5,17.99
7480,2480,480,1,18.99
7481,2481,481,2,19.99
7482,2482,482,3,20.99
7483,2483,483,4,21.99
7484,2484,484,5,22.99
7485,2485,485,1,23.99
7486,2486,486,2,24.99
7487,2487,487,3,25.99
7488,2488,488,4,26.99
7489,2489,489,5,27.99
7490,2490,490,1,28.99
7491,2491,491,2,29.99
7492,2492,492,3,30.99
7493,2493,493,4,31.99
7494,2494,494,5,32.99
7495,2495,495,1,33.99
7496,2496,496,2,34.99
7497,2497,497,3,35.99
7498,2498,498,4,36.99
7499,2499,499,5,37.99
7500,2500,500,1,38.99
7501,2501,1,2,39.99
7502,2502,2,3,40.99
7503,2503,3,4,41.99
7504,2504,4,5,42.99
7505,2505,5,1,43.99
7506,2506,6,2,44.99
7507,2507,7,3,45.99
7508,2508,8,4,46.99
7509,2509,9,5,47.99
7510,2510,10,1,48.99
7511,2511,11,2,49.99
7512,2512,12,3,50.99
7513,2513,13,4,51.99
7514,2514,14,5,52.99
7515,2515,15,1,53.99
7516,2516,16,2,54.99
7517,2517,17,3,55.99
7518,2518,18,4,56.99
7519,2519,19,5,57.99
7520,2520,20,1,58.99
7521,2521,21,2,59.99
7522,2522,22,3,60.99
7523,2523,23,4,61.99
7524,2524,24,5,62.99
7525,2525,25,1,63.99
7526,2526,26,2,64.99
7527,2527,27,3,65.99
7528,2528,28,4,66.99
7529,2529,29,5,67.99
7530,2530,30,1,68.99
7531,2531,31,2,69.99
7532,2532,32,3,70.99
7533,2533,33,4,71.99
7534,2534,34,5,72.99
7535,2535,35,1,73.99
7536,2536,36,2,74.99
7537,2537,37,3,75.99
7538,2538,38,4,76.99
7539,2539,39,5,77.99
7540,2540,40,1,78.99
7541,2541,41,2,79.99
7542,2542,42,3,80.99
7543,2543,43,4,81.99
7544,2544,44,5,82.99
7545,2545,45,1,83.99
7546,2546,46,2,84.99
7547,2547,47,3,85.99
7548,2548,48,4,86.99
7549,2549,49,5,87.99
7550,2550,50,1,88.99
7551,2551,51,2,89.99
7552,2552,52,3,90.99
7553,2553,53,4,91.99
7554,2554,54,5,92.99
7555,2555,55,1,93.99
7556,2556,56,2,94.99
7557,2557,57,3,95.99
7558,2558,58,4,96.99
7559,2559,59,5,97.99
7560,2560,60,1,98.99
7561,2561,61,2,9.99
7562,2562,62,3,10.99
7563,2563,63,4,11.99
7564,2564,64,5,12.99
7565,2565,65,1,13.99
7566,2566,66,2,14.99
7567,2567,67,3,15.99
7568,2568,68,4,16.99
7569,2569,69,5,17.99
7570,2570,70,1,18.99
7571,2571,71,2,19.99
7572,2572,72,3,20.99
7573,2573,73,4,21.99
7574,2574,74,5,22.99
7575,2575,75,1,23.99
7576,2576,76,2,24.99
7577,2577,77,3,25.99
7578,2578,78,4,26.99
7579,2579,79,5,27.99
7580,2580,80,1,28.99
7581,2581,81,2,29.99
7582,2582,82,3,30.99
7583,2583,83,4,31.99
7584,2584,84,5,32.99
7585,2585,85,1,33.99
7586,2586,86,2,34.99
7587,2587,87,3,35.99
7588,2588,88,4,36.99
7589,2589,89,5,37.99
7590,2590,90,1,38.99
7591,2591,91,2,39.99
7592,2592,92,3,40.99
7593,2593,93,4,41.99
7594,2594,94,5,42.99
7595,2595,95,1,43.99
7596,2596,96,2,44.99
7597,2597,97,3,45.99
7598,2598,98,4,46.99
7599,2599,99,5,47.99
7600,2600,100,1,48.99
7601,2601,101,2,49.99
7602,2602,102,3,50.99
7603,2603,103,4,51.99
7604,2604,104,5,52.99
7605,2605,105,1,53.99
7606,2606,106,2,54.99
7607,2607,107,3,55.99
7608,2608,108,4,56.99
7609,2609,109,5,57.99
7610,2610,110,1,58.99
7611,2611,111,2,59.99
7612,2612,112,3,60.99
7613,2613,113,4,61.99
7614,2614,114,5,62.99
7615,2615,115,1,63.99
7616,2616,116,2,64.99
7617,2617,117,3,65.99
7618,2618,118,4,66.99
7619,2619,119,5,67.99
7620,2620,120,1,68.99
7621,2621,121,2,69.99
7622,2622,122,3,70.99
7623,2623,123,4,71.99
7624,2624,124,5,72.99
7625,2625,125,1,73.99
7626,2626,126,2,74.99
7627,2627,127,3,75.99
7628,2628,128,4,76.99
7629,2629,129,5,77.99
7630,2630,130,1,78.99
7631,2631,131,2,79.99
7632,2632,132,3,80.99
7633,2633,133,4,81.99
7634,2634,134,5,82.99
7635,2635,135,1,83.99
7636,2636,136,2,84.99
7637,2637,137,3,85.99
7638,2638,138,4,86.99
7639,2639,139,5,87.99
7640,2640,140,1,88.99
7641,2641,141,2,89.99
7642,2642,142,3,90.99
7643,2643,143,4,91.99
7644,2644,144,5,92.99
7645,2645,145,1,93.99
7646,2646,146,2,94.99
7647,2647,147,3,95.99
7648,2648,148,4,96.99
7649,2649,149,5,97.99
7650,2650,150,1,98.99
7651,2651,151,2,9.99
7652,2652,152,3,10.99
7653,2653,153,4,11.99
7654,2654,154,5,12.99
7655,2655,155,1,13.99
7656,2656,156,2,14.99
7657,2657,157,3,15.99
7658,2658,158,4,16.99
7659,2659,159,5,17.99
7660,2660,160,1,18.99
7661,2661,161,2,19.99
7662,2662,162,3,20.99
7663,2663,163,4,21.99
7664,2664,164,5,22.99
7665,2665,165,1,23.99
7666,2666,166,2,24.99
7667,2667,167,3,25.99
7668,2668,168,4,26.99
7669,2669,169,5,27.99
7670,2670,170,1,28.99
7671,2671,171,2,29.99
7672,2672,172,3,30.99
7673,2673,173,4,31.99
7674,2674,174,5,32.99
7675,2675,175,1,33.99
7676,2676,176,2,34.99
7677,2677,177,3,35.99
7678,2678,178,4,36.99
7679,2679,179,5,37.99
7680,2680,180,1,38.99
7681,2681,181,2,39.99
7682,2682,182,3,40.99
7683,2683,183,4,41.99
7684,2684,184,5,42.99
7685,2685,185,1,43.99
7686,2686,186,2,44.99
7687,2687,187,3,45.99
7688,2688,188,4,46.99
7689,2689,189,5,47.99
7690,2690,190,1,48.99
7691,2691,191,2,49.99
7692,2692,192,3,50.99
7693,2693,193,4,51.99
7694,2694,194,5,52.99
7695,2695,195,1,53.99
7696,2696,196,2,54.99
7697,2697,197,3,55.99
7698,2698,198,4,56.99
7699,2699,199,5,57.99
7700,2700,200,1,58.99
7701,2701,201,2,59.99
7702,2702,202,3,60.99
7703,2703,203,4,61.99
7704,2704,204,5,62.99
7705,2705,205,1,63.99
7706,2706,206,2,64.99
7707,2707,207,3,65.99
7708,2708,208,4,66.99
7709,2709,209,5,67.99
7710,2710,210,1,68.99
7711,2711,211,2,69.99
7712,2712,212,3,70.99
7713,2713,213,4,71.99
7714,2714,214,5,72.99
7715,2715,215,1,73.99
7716,2716,216,2,74.99
7717,2717,217,3,75.99
7718,2718,218,4,76.99
7719,2719,219,5,77.99
7720,2720,220,1,78.99
7721,2721,221,2,79.99
7722,2722,222,3,80.99
7723,2723,223,4,81.99
7724,2724,224,5,82.99
7725,2725,225,1,83.99
7726,2726,226,2,84.99
7727,2727,227,3,85.99
7728,2728,228,4,86.99
7729,2729,229,5,87.99
7730,2730,230,1,88.99
7731,2731,231,2,89.99
7732,2732,232,3,90.99
7733,2733,233,4,91.99
7734,2734,234,5,92.99
7735,2735,235,1,93.99
7736,2736,236,2,94.99
7737,2737,237,3,95.99
7738,2738,238,4,96.99
7739,2739,239,5,97.99
7740,2740,240,1,98.99
7741,2741,241,2,9.99
7742,2742,242,3,10.99
7743,2743,243,4,11.99
7744,2744,244,5,12.99
7745,2745,245,1,13.99
7746,2746,246,2,14.99
7747,2747,247,3,15.99
7748,2748,248,4,16.99
7749,2749,249,5,17.99
7750,2750,250,1,18.99
7751,2751,251,2,19.99
7752,2752,252,3,20.99
7753,2753,253,4,21.99
7754,2754,254,5,22.99
7755,2755,255,1,23.99
7756,2756,256,2,24.99
7757,2757,257,3,25.99
7758,2758,258,4,26.99
7759,2759,259,5,27.99
7760,2760,260,1,28.99
7761,2761,261,2,29.99
7762,2762,262,3,30.99
7763,2763,263,4,31.99
7764,2764,264,5,32.99
7765,2765,265,1,33.99
7766,2766,266,2,34.99
7767,2767,267,3,35.99
7768,2768,268,4,36.99
7769,2769,269,5,37.99
7770,2770,270,1,38.99
7771,2771,271,2,39.99
7772,2772,272,3,40.99
7773,2773,273,4,41.99
7774,2774,274,5,42.99
7775,2775,275,1,43.99
7776,2776,276,2,44.99
7777,2777,277,3,45.99
7778,2778,278,4,46.99
7779,2779,279,5,47.99
7780,2780,280,1,48.99
7781,2781,281,2,49.99
7782,2782,282,3,50.99
7783,2783,283,4,51.99
7784,2784,284,5,52.99
7785,2785,285,1,53.99
7786,2786,286,2,54.99
7787,2787,287,3,55.99
7788,2788,288,4,56.99
7789,2789,289,5,57.99
7790,2790,290,1,58.99
7791,2791,291,2,59.99
7792,2792,292,3,60.99
7793,2793,293,4,61.99
7794,2794,294,5,62.99
7795,2795,295,1,63.99
7796,2796,296,2,64.99
7797,2797,297,3,65.99
7798,2798,298,4,66.99
7799,2799,299,5,67.99
7800,2800,300,1,68.99
7801,2801,301,2,69.99
7802,2802,302,3,70.99
7803,2803,303,4,71.99
7804,2804,304,5,72.99
7805,2805,305,1,73.99
7806,2806,306,2,74.99
7807,2807,307,3,75.99
7808,2808,308,4,76.99
7809,2809,309,5,77.99
7810,2810,310,1,78.99
7811,2811,311,2,79.99
7812,2812,312,3,80.99
7813,2813,313,4,81.99
7814,2814,314,5,82.99
7815,2815,315,1,83.99
7816,2816,316,2,84.99
7817,2817,317,3,85.99
7818,2818,318,4,86.99
7819,2819,319,5,87.99
7820,2820,320,1,88.99
7821,2821,321,2,89.99
7822,2822,322,3,90.99
7823,2823,323,4,91.99
7824,2824,324,5,92.99
7825,2825,325,1,93.99
7826,2826,326,2,94.99
7827,2827,327,3,95.99
7828,2828,328,4,96.99
7829,2829,329,5,97.99
7830,2830,330,1,98.99
7831,2831,331,2,9.99
7832,2832,332,3,10.99
7833,2833,333,4,11.99
7834,2834,334,5,12.99
7835,2835,335,1,13.99
7836,2836,336,2,14.99
7837,2837,337,3,15.99
7838,2838,338,4,16.99
7839,2839,339,5,17.99
7840,2840,340,1,18.99
7841,2841,341,2,19.99
7842,2842,342,3,20.99
7843,2843,343,4,21.99
7844,2844,344,5,22.99
7845,2845,345,1,23.99
7846,2846,346,2,24.99
7847,2847,347,3,25.99
7848,2848,348,4,26.99
7849,2849,349,5,27.99
7850,2850,350,1,28.99
7851,2851,351,2,29.99
7852,2852,352,3,30.99
7853,2853,353,4,31.99
7854,2854,354,5,32.99
7855,2855,355,1,33.99
7856,2856,356,2,34.99
7857,2857,357,3,35.99
7858,2858,358,4,36.99
7859,2859,359,5,37.99
7860,2860,360,1,38.99
7861,2861,361,2,39.99
7862,2862,362,3,40.99
7863,2863,363,4,41.99
7864,2864,364,5,42.99
7865,2865,365,1,43.99
7866,2866,366,2,44.99
7867,2867,367,3,45.99
7868,2868,368,4,46.99
7869,2869,369,5,47.99
7870,2870,370,1,48.99
7871,2871,371,2,49.99
7872,2872,372,3,50.99
7873,2873,373,4,51.99
7874,2874,374,5,52.99
7875,2875,375,1,53.99
7876,2876,376,2,54.99
7877,2877,377,3,55.99
7878,2878,378,4,56.99
7879,2879,379,5,57.99
7880,2880,380,1,58.99
7881,2881,381,2,59.99
7882,2882,382,3,60.99
7883,2883,383,4,61.99
7884,2884,384,5,62.99
7885,2885,385,1,63.99
7886,2886,386,2,64.99
7887,2887,387,3,65.99
7888,2888,388,4,66.99
7889,2889,389,5,67.99
7890,2890,390,1,68.99
7891,2891,391,2,69.99
7892,2892,392,3,70.99
7893,2893,393,4,71.99
7894,2894,394,5,72.99
7895,2895,395,1,73.99
7896,2896,396,2,74.99
7897,2897,397,3,75.99
7898,2898,398,4,76.99
7899,2899,399,5,77.99
7900,2900,400,1,78.99
7901,2901,401,2,79.99
7902,2902,402,3,80.99
7903,2903,403,4,81.99
7904,2904,404,5,82.99
7905,2905,405,1,83.99
7906,2906,406,2,84.99
7907,2907,407,3,85.99
7908,2908,408,4,86.99
7909,2909,409,5,87.99
7910,2910,410,1,88.99
7911,2911,411,2,89.99
7912,2912,412,3,90.99
7913,2913,413,4,91.99
7914,2914,414,5,92.99
7915,2915,415,1,93.99
7916,2916,416,2,94.99
7917,2917,417,3,95.99
7918,2918,418,4,96.99
7919,2919,419,5,97.99
7920,2920,420,1,98.99
7921,2921,421,2,9.99
7922,2922,422,3,10.99
7923,2923,423,4,11.99
7924,2924,424,5,12.99
7925,2925,425,1,13.99
7926,2926,426,2,14.99
7927,2927,427,3,15.99
7928,2928,428,4,16.99
7929,2929,429,5,17.99
7930,2930,430,1,18.99
7931,2931,431,2,19.99
7932,2932,432,3,20.99
7933,2933,433,4,21.99
7934,2934,434,5,22.99
7935,2935,435,1,23.99
7936,2936,436,2,24.99
7937,2937,437,3,25.99
7938,2938,438,4,26.99
7939,2939,439,5,27.99
7940,2940,440,1,28.99
7941,2941,441,2,29.99
7942,2942,442,3,30.99
7943,2943,443,4,31.99
7944,2944,444,5,32.99
7945,2945,445,1,33.99
7946,2946,446,2,34.99
7947,2947,447,3,35.99
7948,2948,448,4,36.99
7949,2949,449,5,37.99
7950,2950,450,1,38.99
7951,2951,451,2,39.99
7952,2952,452,3,40.99
7953,2953,453,4,41.99
7954,2954,454,5,42.99
7955,2955,455,1,43.99
7956,2956,456,2,44.99
7957,2957,457,3,45.99
7958,2958,458,4,46.99
7959,2959,459,5,47.99
7960,2960,460,1,48.99
7961,2961,461,2,49.99
7962,2962,462,3,50.99
7963,2963,463,4,51.99
7964,2964,464,5,52.99
7965,2965,465,1,53.99
7966,2966,466,2,54.99
7967,2967,467,3,55.99
7968,2968,468,4,56.99
7969,2969,469,5,57.99
7970,2970,470,1,58.99
7971,2971,471,2,59.99
7972,2972,472,3,60.99
7973,2973,473,4,61.99
7974,2974,474,5,62.99
7975,2975,475,1,63.99
7976,2976,476,2,64.99
7977,2977,477,3,65.99
7978,2978,478,4,66.99
7979,2979,479,5,67.99
7980,2980,480,1,68.99
7981,2981,481,2,69.99
7982,2982,482,3,70.99
7983,2983,483,4,71.99
7984,2984,484,5,72.99
7985,2985,485,1,73.99
7986,2986,486,2,74.99
7987,2987,487,3,75.99
7988,2988,488,4,76.99
7989,2989,489,5,77.99
7990,2990,490,1,78.99
7991,2991,491,2,79.99
7992,2992,492,3,80.99
7993,2993,493,4,81.99
7994,2994,494,5,82.99
7995,2995,495,1,83.99
7996,2996,496,2,84.99
7997,2997,497,3,85.99
7998,2998,498,4,86.99
7999,2999,499,5,87.99
8000,3000,500,1,88.99
8001,3001,1,2,89.99
8002,3002,2,3,90.99
8003,3003,3,4,91.99
8004,3004,4,5,92.99
8005,3005,5,1,93.99
8006,3006,6,2,94.99
8007,3007,7,3,95.99
8008,3008,8,4,96.99
8009,3009,9,5,97.99
8010,3010,10,1,98.99
8011,3011,11,2,9.99
8012,3012,12,3,10.99
8013,3013,13,4,11.99
8014,3014,14,5,12.99
8015,3015,15,1,13.99
8016,3016,16,2,14.99
8017,3017,17,3,15.99
8018,3018,18,4,16.99
8019,3019,19,5,17.99
8020,3020,20,1,18.99
8021,3021,21,2,19.99
8022,3022,22,3,20.99
8023,3023,23,4,21.99
8024,3024,24,5,22.99
8025,3025,25,1,23.99
8026,3026,26,2,24.99
8027,3027,27,3,25.99
8028,3028,28,4,26.99
8029,3029,29,5,27.99
8030,3030,30,1,28.99
8031,3031,31,2,29.99
8032,3032,32,3,30.99
8033,3033,33,4,31.99
8034,3034,34,5,32.99
8035,3035,35,1,33.99
8036,3036,36,2,34.99
8037,3037,37,3,35.99
8038,3038,38,4,36.99
8039,3039,39,5,37.99
8040,3040,40,1,38.99
8041,3041,41,2,39.99
8042,3042,42,3,40.99
8043,3043,43,4,41.99
8044,3044,44,5,42.99
8045,3045,45,1,43.99
8046,3046,46,2,44.99
8047,3047,47,3,45.99
8048,3048,48,4,46.99
8049,3049,49,5,47.99
8050,3050,50,1,48.99
8051,3051,51,2,49.99
8052,3052,52,3,50.99
8053,3053,53,4,51.99
8054,3054,54,5,52.99
8055,3055,55,1,53.99
8056,3056,56,2,54.99
8057,3057,57,3,55.99
8058,3058,58,4,56.99
8059,3059,59,5,57.99
8060,3060,60,1,58.99
8061,3061,61,2,59.99
8062,3062,62,3,60.99
8063,3063,63,4,61.99
8064,3064,64,5,62.99
8065,3065,65,1,63.99
8066,3066,66,2,64.99
8067,3067,67,3,65.99
8068,3068,68,4,66.99
8069,3069,69,5,67.99
8070,3070,70,1,68.99
8071,3071,71,2,69.99
8072,3072,72,3,70.99
8073,3073,73,4,71.99
8074,3074,74,5,72.99
8075,3075,75,1,73.99
8076,3076,76,2,74.99
8077,3077,77,3,75.99
8078,3078,78,4,76.99
8079,3079,79,5,77.99
8080,3080,80,1,78.99
8081,3081,81,2,79.99
8082,3082,82,3,80.99
8083,3083,83,4,81.99
8084,3084,84,5,82.99
8085,3085,85,1,83.99
8086,3086,86,2,84.99
8087,3087,87,3,85.99
8088,3088,88,4,86.99
8089,3089,89,5,87.99
8090,3090,90,1,88.99
8091,3091,91,2,89.99
8092,3092,92,3,90.99
8093,3093,93,4,91.99
8094,3094,94,5,92.99
8095,3095,95,1,93.99
8096,3096,96,2,94.99
8097,3097,97,3,95.99
8098,3098,98,4,96.99
8099,3099,99,5,97.99
8100,3100,100,1,98.99
8101,3101,101,2,9.99
8102,3102,102,3,10.99
8103,3103,103,4,11.99
8104,3104,104,5,12.99
8105,3105,105,1,13.99
8106,3106,106,2,14.99
8107,3107,107,3,15.99
8108,3108,108,4,16.99
8109,3109,109,5,17.99
8110,3110,110,1,18.99
8111,3111,111,2,19.99
8112,3112,112,3,20.99
8113,3113,113,4,21.99
8114,3114,114,5,22.99
8115,3115,115,1,23.99
8116,3116,116,2,24.99
8117,3117,117,3,25.99
8118,3118,118,4,26.99
8119,3119,119,5,27.99
8120,3120,120,1,28.99
8121,3121,121,2,29.99
8122,3122,122,3,30.99
8123,3123,123,4,31.99
8124,3124,124,5,32.99
8125,3125,125,1,33.99
8126,3126,126,2,34.99
8127,3127,127,3,35.99
8128,3128,128,4,36.99
8129,3129,129,5,37.99
8130,3130,130,1,38.99
8131,3131,131,2,39.99
8132,3132,132,3,40.99
8133,3133,133,4,41.99
8134,3134,134,5,42.99
8135,3135,135,1,43.99
8136,3136,136,2,44.99
8137,3137,137,3,45.99
8138,3138,138,4,46.99
8139,3139,139,5,47.99
8140,3140,140,1,48.99
8141,3141,141,2,49.99
8142,3142,142,3,50.99
8143,3143,143,4,51.99
8144,3144,144,5,52.99
8145,3145,145,1,53.99
8146,3146,146,2,54.99
8147,3147,147,3,55.99
8148,3148,148,4,56.99
8149,3149,149,5,57.99
8150,3150,150,1,58.99
8151,3151,151,2,59.99
8152,3152,152,3,60.99
8153,3153,153,4,61.99
8154,3154,154,5,62.99
8155,3155,155,1,63.99
8156,3156,156,2,64.99
8157,3157,157,3,65.99
8158,3158,158,4,66.99
8159,3159,159,5,67.99
8160,3160,160,1,68.99
8161,3161,161,2,69.99
8162,3162,162,3,70.99
8163,3163,163,4,71.99
8164,3164,164,5,72.99
8165,3165,165,1,73.99
8166,3166,166,2,74.99
8167,3167,167,3,75.99
8168,3168,168,4,76.99
8169,3169,169,5,77.99
8170,3170,170,1,78.99
8171,3171,171,2,79.99
8172,3172,172,3,80.99
8173,3173,173,4,81.99
8174,3174,174,5,82.99
8175,3175,175,1,83.99
8176,3176,176,2,84.99
8177,3177,177,3,85.99
8178,3178,178,4,86.99
8179,3179,179,5,87.99
8180,3180,180,1,88.99
8181,3181,181,2,89.99
8182,3182,182,3,90.99
8183,3183,183,4,91.99
8184,3184,184,5,92.99
8185,3185,185,1,93.99
8186,3186,186,2,94.99
8187,3187,187,3,95.99
8188,3188,188,4,96.99
8189,3189,189,5,97.99
8190,3190,190,1,98.99
8191,3191,191,2,9.99
8192,3192,192,3,10.99
8193,3193,193,4,11.99
8194,3194,194,5,12.99
8195,3195,195,1,13.99
8196,3196,196,2,14.99
8197,3197,197,3,15.99
8198,3198,198,4,16.99
8199,3199,199,5,17.99
8200,3200,200,1,18.99
8201,3201,201,2,19.99
8202,3202,202,3,20.99
8203,3203,203,4,21.99
8204,3204,204,5,22.99
8205,3205,205,1,23.99
8206,3206,206,2,24.99
8207,3207,207,3,25.99
8208,3208,208,4,26.99
8209,3209,209,5,27.99
8210,3210,210,1,28.99
8211,3211,211,2,29.99
8212,3212,212,3,30.99
8213,3213,213,4,31.99
8214,3214,214,5,32.99
8215,3215,215,1,33.99
8216,3216,216,2,34.99
8217,3217,217,3,35.99
8218,3218,218,4,36.99
8219,3219,219,5,37.99
8220,3220,220,1,38.99
8221,3221,221,2,39.99
8222,3222,222,3,40.99
8223,3223,223,4,41.99
8224,3224,224,5,42.99
8225,3225,225,1,43.99
8226,3226,226,2,44.99
8227,3227,227,3,45.99
8228,3228,228,4,46.99
8229,3229,229,5,47.99
8230,3230,230,1,48.99
8231,3231,231,2,49.99
8232,3232,232,3,50.99
8233,3233,233,4,51.99
8234,3234,234,5,52.99
8235,3235,235,1,53.99
8236,3236,236,2,54.99
8237,3237,237,3,55.99
8238,3238,238,4,56.99
8239,3239,239,5,57.99
8240,3240,240,1,58.99
8241,3241,241,2,59.99
8242,3242,242,3,60.99
8243,3243,243,4,61.99
8244,3244,244,5,62.99
8245,3245,245,1,63.99
8246,3246,246,2,64.99
8247,3247,247,3,65.99
8248,3248,248,4,66.99
8249,3249,249,5,67.99
8250,3250,250,1,68.99
8251,3251,251,2,69.99
8252,3252,252,3,70.99
8253,3253,253,4,71.99
8254,3254,254,5,72.99
8255,3255,255,1,73.99
8256,3256,256,2,74.99
8257,3257,257,3,75.99
8258,3258,258,4,76.99
8259,3259,259,5,77.99
8260,3260,260,1,78.99
8261,3261,261,2,79.99
8262,3262,262,3,80.99
8263,3263,263,4,81.99
8264,3264,264,5,82.99
8265,3265,265,1,83.99
8266,3266,266,2,84.99
8267,3267,267,3,85.99
8268,3268,268,4,86.99
8269,3269,269,5,87.99
8270,3270,270,1,88.99
8271,3271,271,2,89.99
8272,3272,272,3,90.99
8273,3273,273,4,91.99
8274,3274,274,5,92.99
8275,3275,275,1,93.99
8276,3276,276,2,94.99
8277,3277,277,3,95.99
8278,3278,278,4,96.99
8279,3279,279,5,97.99
8280,3280,280,1,98.99
8281,3281,281,2,9.99
8282,3282,282,3,10.99
8283,3283,283,4,11.99
8284,3284,284,5,12.99
8285,3285,285,1,13.99
8286,3286,286,2,14.99
8287,3287,287,3,15.99
8288,3288,288,4,16.99
8289,3289,289,5,17.99
8290,3290,290,1,18.99
8291,3291,291,2,19.99
8292,3292,292,3,20.99
8293,3293,293,4,21.99
8294,3294,294,5,22.99
8295,3295,295,1,23.99
8296,3296,296,2,24.99
8297,3297,297,3,25.99
8298,3298,298,4,26.99
8299,3299,299,5,27.99
8300,3300,300,1,28.99
8301,3301,301,2,29.99
8302,3302,302,3,30.99
8303,3303,303,4,31.99
8304,3304,304,5,32.99
8305,3305,305,1,33.99
8306,3306,306,2,34.99
8307,3307,307,3,35.99
8308,3308,308,4,36.99
8309,3309,309,5,37.99
8310,3310,310,1,38.99
8311,3311,311,2,39.99
8312,3312,312,3,40.99
8313,3313,313,4,41.99
8314,3314,314,5,42.99
8315,3315,315,1,43.99
8316,3316,316,2,44.99
8317,3317,317,3,45.99
8318,3318,318,4,46.99
8319,3319,319,5,47.99
8320,3320,320,1,48.99
8321,3321,321,2,49.99
8322,3322,322,3,50.99
8323,3323,323,4,51.99
8324,3324,324,5,52.99
8325,3325,325,1,53.99
8326,3326,326,2,54.99
8327,3327,327,3,55.99
8328,3328,328,4,56.99
8329,3329,329,5,57.99
8330,3330,330,1,58.99
8331,3331,331,2,59.99
8332,3332,332,3,60.99
8333,3333,333,4,61.99
8334,3334,334,5,62.99
8335,3335,335,1,63.99
8336,3336,336,2,64.99
8337,3337,337,3,65.99
8338,3338,338,4,66.99
8339,3339,339,5,67.99
8340,3340,340,1,68.99
8341,3341,341,2,69.99
8342,3342,342,3,70.99
8343,3343,343,4,71.99
8344,3344,344,5,72.99
8345,3345,345,1,73.99
8346,3346,346,2,74.99
8347,3347,347,3,75.99
8348,3348,348,4,76.99
8349,3349,349,5,77.99
8350,3350,350,1,78.99
8351,3351,351,2,79.99
8352,3352,352,3,80.99
8353,3353,353,4,81.99
8354,3354,354,5,82.99
8355,3355,355,1,83.99
8356,3356,356,2,84.99
8357,3357,357,3,85.99
8358,3358,358,4,86.99
8359,3359,359,5,87.99
8360,3360,360,1,88.99
8361,3361,361,2,89.99
8362,3362,362,3,90.99
8363,3363,363,4,91.99
8364,3364,364,5,92.99
8365,3365,365,1,93.99
8366,3366,366,2,94.99
8367,3367,367,3,95.99
8368,3368,368,4,96.99
8369,3369,369,5,97.99
8370,3370,370,1,98.99
8371,3371,371,2,9.99
8372,3372,372,3,10.99
8373,3373,373,4,11.99
8374,3374,374,5,12.99
8375,3375,375,1,13.99
8376,3376,376,2,14.99
8377,3377,377,3,15.99
8378,3378,378,4,16.99
8379,3379,379,5,17.99
8380,3380,380,1,18.99
8381,3381,381,2,19.99
8382,3382,382,3,20.99
8383,3383,383,4,21.99
8384,3384,384,5,22.99
8385,3385,385,1,23.99
8386,3386,386,2,24.99
8387,3387,387,3,25.99
8388,3388,388,4,26.99
8389,3389,389,5,27.99
8390,3390,390,1,28.99
8391,3391,391,2,29.99
8392,3392,392,3,30.99
8393,3393,393,4,31.99
8394,3394,394,5,32.99
8395,3395,395,1,33.99
8396,3396,396,2,34.99
8397,3397,397,3,35.99
8398,3398,398,4,36.99
8399,3399,399,5,37.99
8400,3400,400,1,38.99
8401,3401,401,2,39.99
8402,3402,402,3,40.99
8403,3403,403,4,41.99
8404,3404,404,5,42.99
8405,3405,405,1,43.99
8406,3406,406,2,44.99
8407,3407,407,3,45.99
8408,3408,408,4,46.99
8409,3409,409,5,47.99
8410,3410,410,1,48.99
8411,3411,411,2,49.99
8412,3412,412,3,50.99
8413,3413,413,4,51.99
8414,3414,414,5,52.99
8415,3415,415,1,53.99
8416,3416,416,2,54.99
8417,3417,417,3,55.99
8418,3418,418,4,56.99
8419,3419,419,5,57.99
8420,3420,420,1,58.99
8421,3421,421,2,59.99
8422,3422,422,3,60.99
8423,3423,423,4,61.99
8424,3424,424,5,62.99
8425,3425,425,1,63.99
8426,3426,426,2,64.99
8427,3427,427,3,65.99
8428,3428,428,4,66.99
8429,3429,429,5,67.99
8430,3430,430,1,68.99
8431,3431,431,2,69.99
8432,3432,432,3,70.99
8433,3433,433,4,71.99
8434,3434,434,5,72.99
8435,3435,435,1,73.99
8436,3436,436,2,74.99
8437,3437,437,3,75.99
8438,3438,438,4,76.99
8439,3439,439,5,77.99
8440,3440,440,1,78.99
8441,3441,441,2,79.99
8442,3442,442,3,80.99
8443,3443,443,4,81.99
8444,3444,444,5,82.99
8445,3445,445,1,83.99
8446,3446,446,2,84.99
8447,3447,447,3,85.99
8448,3448,448,4,86.99
8449,3449,449,5,87.99
8450,3450,450,1,88.99
8451,3451,451,2,89.99
8452,3452,452,3,90.99
8453,3453,453,4,91.99
8454,3454,454,5,92.99
8455,3455,455,1,93.99
8456,3456,456,2,94.99
8457,3457,457,3,95.99
8458,3458,458,4,96.99
8459,3459,459,5,97.99
8460,3460,460,1,98.99
8461,3461,461,2,9.99
8462,3462,462,3,10.99
8463,3463,463,4,11.99
8464,3464,464,5,12.99
8465,3465,465,1,13.99
8466,3466,466,2,14.99
8467,3467,467,3,15.99
8468,3468,468,4,16.99
8469,3469,469,5,17.99
8470,3470,470,1,18.99
8471,3471,471,2,19.99
8472,3472,472,3,20.99
8473,3473,473,4,21.99
8474,3474,474,5,22.99
8475,3475,475,1,23.99
8476,3476,476,2,24.99
8477,3477,477,3,25.99
8478,3478,478,4,26.99
8479,3479,479,5,27.99
8480,3480,480,1,28.99
8481,3481,481,2,29.99
8482,3482,482,3,30.99
8483,3483,483,4,31.99
8484,3484,484,5,32.99
8485,3485,485,1,33.99
8486,3486,486,2,34.99
8487,3487,487,3,35.99
8488,3488,488,4,36.99
8489,3489,489,5,37.99
8490,3490,490,1,38.99
8491,3491,491,2,39.99
8492,3492,492,3,40.99
8493,3493,493,4,41.99
8494,3494,494,5,42.99
8495,3495,495,1,43.99
8496,3496,496,2,44.99
8497,3497,497,3,45.99
8498,3498,498,4,46.99
8499,3499,499,5,47.99
8500,3500,500,1,48.99
8501,3501,1,2,49.99
8502,3502,2,3,50.99
8503,3503,3,4,51.99
8504,3504,4,5,52.99
8505,3505,5,1,53.99
8506,3506,6,2,54.99
8507,3507,7,3,55.99
8508,3508,8,4,56.99
8509,3509,9,5,57.99
8510,3510,10,1,58.99
8511,3511,11,2,59.99
8512,3512,12,3,60.99
8513,3513,13,4,61.99
8514,3514,14,5,62.99
8515,3515,15,1,63.99
8516,3516,16,2,64.99
8517,3517,17,3,65.99
8518,3518,18,4,66.99
8519,3519,19,5,67.99
8520,3520,20,1,68.99
8521,3521,21,2,69.99
8522,3522,22,3,70.99
8523,3523,23,4,71.99
8524,3524,24,5,72.99
8525,3525,25,1,73.99
8526,3526,26,2,74.99
8527,3527,27,3,75.99
8528,3528,28,4,76.99
8529,3529,29,5,77.99
8530,3530,30,1,78.99
8531,3531,31,2,79.99
8532,3532,32,3,80.99
8533,3533,33,4,81.99
8534,3534,34,5,82.99
8535,3535,35,1,83.99
8536,3536,36,2,84.99
8537,3537,37,3,85.99
8538,3538,38,4,86.99
8539,3539,39,5,87.99
8540,3540,40,1,88.99
8541,3541,41,2,89.99
8542,3542,42,3,90.99
8543,3543,43,4,91.99
8544,3544,44,5,92.99
8545,3545,45,1,93.99
8546,3546,46,2,94.99
8547,3547,47,3,95.99
8548,3548,48,4,96.99
8549,3549,49,5,97.99
8550,3550,50,1,98.99
8551,3551,51,2,9.99
8552,3552,52,3,10.99
8553,3553,53,4,11.99
8554,3554,54,5,12.99
8555,3555,55,1,13.99
8556,3556,56,2,14.99
8557,3557,57,3,15.99
8558,3558,58,4,16.99
8559,3559,59,5,17.99
8560,3560,60,1,18.99
8561,3561,61,2,19.99
8562,3562,62,3,20.99
8563,3563,63,4,21.99
8564,3564,64,5,22.99
8565,3565,65,1,23.99
8566,3566,66,2,24.99
8567,3567,67,3,25.99
8568,3568,68,4,26.99
8569,3569,69,5,27.99
8570,3570,70,1,28.99
8571,3571,71,2,29.99
8572,3572,72,3,30.99
8573,3573,73,4,31.99
8574,3574,74,5,32.99
8575,3575,75,1,33.99
8576,3576,76,2,34.99
8577,3577,77,3,35.99
8578,3578,78,4,36.99
8579,3579,79,5,37.99
8580,3580,80,1,38.99
8581,3581,81,2,39.99
8582,3582,82,3,40.99
8583,3583,83,4,41.99
8584,3584,84,5,42.99
8585,3585,85,1,43.99
8586,3586,86,2,44.99
8587,3587,87,3,45.99
8588,3588,88,4,46.99
8589,3589,89,5,47.99
8590,3590,90,1,48.99
8591,3591,91,2,49.99
8592,3592,92,3,50.99
8593,3593,93,4,51.99
8594,3594,94,5,52.99
8595,3595,95,1,53.99
8596,3596,96,2,54.99
8597,3597,97,3,55.99
8598,3598,98,4,56.99
8599,3599,99,5,57.99
8600,3600,100,1,58.99
8601,3601,101,2,59.99
8602,3602,102,3,60.99
8603,3603,103,4,61.99
8604,3604,104,5,62.99
8605,3605,105,1,63.99
8606,3606,106,2,64.99
8607,3607,107,3,65.99
8608,3608,108,4,66.99
8609,3609,109,5,67.99
8610,3610,110,1,68.99
8611,3611,111,2,69.99
8612,3612,112,3,70.99
8613,3613,113,4,71.99
8614,3614,114,5,72.99
8615,3615,115,1,73.99
8616,3616,116,2,74.99
8617,3617,117,3,75.99
8618,3618,118,4,76.99
8619,3619,119,5,77.99
8620,3620,120,1,78.99
8621,3621,121,2,79.99
8622,3622,122,3,80.99
8623,3623,123,4,81.99
8624,3624,124,5,82.99
8625,3625,125,1,83.99
8626,3626,126,2,84.99
8627,3627,127,3,85.99
8628,3628,128,4,86.99
8629,3629,129,5,87.99
8630,3630,130,1,88.99
8631,3631,131,2,89.99
8632,3632,132,3,90.99
8633,3633,133,4,91.99
8634,3634,134,5,92.99
8635,3635,135,1,93.99
8636,3636,136,2,94.99
8637,3637,137,3,95.99
8638,3638,138,4,96.99
8639,3639,139,5,97.99
8640,3640,140,1,98.99
8641,3641,141,2,9.99
8642,3642,142,3,10.99
8643,3643,143,4,11.99
8644,3644,144,5,12.99
8645,3645,145,1,13.99
8646,3646,146,2,14.99
8647,3647,147,3,15.99
8648,3648,148,4,16.99
8649,3649,149,5,17.99
8650,3650,150,1,18.99
8651,3651,151,2,19.99
8652,3652,152,3,20.99
8653,3653,153,4,21.99
8654,3654,154,5,22.99
8655,3655,155,1,23.99
8656,3656,156,2,24.99
8657,3657,157,3,25.99
8658,3658,158,4,26.99
8659,3659,159,5,27.99
8660,3660,160,1,28.99
8661,3661,161,2,29.99
8662,3662,162,3,30.99
8663,3663,163,4,31.99
8664,3664,164,5,32.99
8665,3665,165,1,33.99
8666,3666,166,2,34.99
8667,3667,167,3,35.99
8668,3668,168,4,36.99
8669,3669,169,5,37.99
8670,3670,170,1,38.99
8671,3671,171,2,39.99
8672,3672,172,3,40.99
8673,3673,173,4,41.99
8674,3674,174,5,42.99
8675,3675,175,1,43.99
8676,3676,176,2,44.99
8677,3677,177,3,45.99
8678,3678,178,4,46.99
8679,3679,179,5,47.99
8680,3680,180,1,48.99
8681,3681,181,2,49.99
8682,3682,182,3,50.99
8683,3683,183,4,51.99
8684,3684,184,5,52.99
8685,3685,185,1,53.99
8686,3686,186,2,54.99
8687,3687,187,3,55.99
8688,3688,188,4,56.99
8689,3689,189,5,57.99
8690,3690,190,1,58.99
8691,3691,191,2,59.99
8692,3692,192,3,60.99
8693,3693,193,4,61.99
8694,3694,194,5,62.99
8695,3695,195,1,63.99
8696,3696,196,2,64.99
8697,3697,197,3,65.99
8698,3698,198,4,66.99
8699,3699,199,5,67.99
8700,3700,200,1,68.99
8701,3701,201,2,69.99
8702,3702,202,3,70.99
8703,3703,203,4,71.99
8704,3704,204,5,72.99
8705,3705,205,1,73.99
8706,3706,206,2,74.99
8707,3707,207,3,75.99
8708,3708,208,4,76.99
8709,3709,209,5,77.99
8710,3710,210,1,78.99
8711,3711,211,2,79.99
8712,3712,212,3,80.99
8713,3713,213,4,81.99
8714,3714,214,5,82.99
8715,3715,215,1,83.99
8716,3716,216,2,84.99
8717,3717,217,3,85.99
8718,3718,218,4,86.99
8719,3719,219,5,87.99
8720,3720,220,1,88.99
8721,3721,221,2,89.99
8722,3722,222,3,90.99
8723,3723,223,4,91.99
8724,3724,224,5,92.99
8725,3725,225,1,93.99
8726,3726,226,2,94.99
8727,3727,227,3,95.99
8728,3728,228,4,96.99
8729,3729,229,5,97.99
8730,3730,230,1,98.99
8731,3731,231,2,9.99
8732,3732,232,3,10.99
8733,3733,233,4,11.99
8734,3734,234,5,12.99
8735,3735,235,1,13.99
8736,3736,236,2,14.99
8737,3737,237,3,15.99
8738,3738,238,4,16.99
8739,3739,239,5,17.99
8740,3740,240,1,18.99
8741,3741,241,2,19.99
8742,3742,242,3,20.99
8743,3743,243,4,21.99
8744,3744,244,5,22.99
8745,3745,245,1,23.99
8746,3746,246,2,24.99
8747,3747,247,3,25.99
8748,3748,248,4,26.99
8749,3749,249,5,27.99
8750,3750,250,1,28.99
8751,3751,251,2,29.99
8752,3752,252,3,30.99
8753,3753,253,4,31.99
8754,3754,254,5,32.99
8755,3755,255,1,33.99
8756,3756,256,2,34.99
8757,3757,257,3,35.99
8758,3758,258,4,36.99
8759,3759,259,5,37.99
8760,3760,260,1,38.99
8761,3761,261,2,39.99
8762,3762,262,3,40.99
8763,3763,263,4,41.99
8764,3764,264,5,42.99
8765,3765,265,1,43.99
8766,3766,266,2,44.99
8767,3767,267,3,45.99
8768,3768,268,4,46.99
8769,3769,269,5,47.99
8770,3770,270,1,48.99
8771,3771,271,2,49.99
8772,3772,272,3,50.99
8773,3773,273,4,51.99
8774,3774,274,5,52.99
8775,3775,275,1,53.99
8776,3776,276,2,54.99
8777,3777,277,3,55.99
8778,3778,278,4,56.99
8779,3779,279,5,57.99
8780,3780,280,1,58.99
8781,3781,281,2,59.99
8782,3782,282,3,60.99
8783,3783,283,4,61.99
8784,3784,284,5,62.99
8785,3785,285,1,63.99
8786,3786,286,2,64.99
8787,3787,287,3,65.99
8788,3788,288,4,66.99
8789,3789,289,5,67.99
8790,3790,290,1,68.99
8791,3791,291,2,69.99
8792,3792,292,3,70.99
8793,3793,293,4,71.99
8794,3794,294,5,72.99
8795,3795,295,1,73.99
8796,3796,296,2,74.99
8797,3797,297,3,75.99
8798,3798,298,4,76.99
8799,3799,299,5,77.99
8800,3800,300,1,78.99
8801,3801,301,2,79.99
8802,3802,302,3,80.99
8803,3803,303,4,81.99
8804,3804,304,5,82.99
8805,3805,305,1,83.99
8806,3806,306,2,84.99
8807,3807,307,3,85.99
8808,3808,308,4,86.99
8809,3809,309,5,87.99
8810,3810,310,1,88.99
8811,3811,311,2,89.99
8812,3812,312,3,90.99
8813,3813,313,4,91.99
8814,3814,314,5,92.99
8815,3815,315,1,93.99
8816,3816,316,2,94.99
8817,3817,317,3,95.99
8818,3818,318,4,96.99
8819,3819,319,5,97.99
8820,3820,320,1,98.99
8821,3821,321,2,9.99
8822,3822,322,3,10.99
8823,3823,323,4,11.99
8824,3824,324,5,12.99
8825,3825,325,1,13.99
8826,3826,326,2,14.99
8827,3827,327,3,15.99
8828,3828,328,4,16.99
8829,3829,329,5,17.99
8830,3830,330,1,18.99
8831,3831,331,2,19.99
8832,3832,332,3,20.99
8833,3833,333,4,21.99
8834,3834,334,5,22.99
8835,3835,335,1,23.99
8836,3836,336,2,24.99
8837,3837,337,3,25.99
8838,3838,338,4,26.99
8839,3839,339,5,27.99
8840,3840,340,1,28.99
8841,3841,341,2,29.99
8842,3842,342,3,30.99
8843,3843,343,4,31.99
8844,3844,344,5,32.99
8845,3845,345,1,33.99
8846,3846,346,2,34.99
8847,3847,347,3,35.99
8848,3848,348,4,36.99
8849,3849,349,5,37.99
8850,3850,350,1,38.99
8851,3851,351,2,39.99
8852,3852,352,3,40.99
8853,3853,353,4,41.99
8854,3854,354,5,42.99
8855,3855,355,1,43.99
8856,3856,356,2,44.99
8857,3857,357,3,45.99
8858,3858,358,4,46.99
8859,3859,359,5,47.99
8860,3860,360,1,48.99
8861,3861,361,2,49.99
8862,3862,362,3,50.99
8863,3863,363,4,51.99
8864,3864,364,5,52.99
8865,3865,365,1,53.99
8866,3866,366,2,54.99
8867,3867,367,3,55.99
8868,3868,368,4,56.99
8869,3869,369,5,57.99
8870,3870,370,1,58.99
8871,3871,371,2,59.99
8872,3872,372,3,60.99
8873,3873,373,4,61.99
8874,3874,374,5,62.99
8875,3875,375,1,63.99
8876,3876,376,2,64.99
8877,3877,377,3,65.99
8878,3878,378,4,66.99
8879,3879,379,5,67.99
8880,3880,380,1,68.99
8881,3881,381,2,69.99
8882,3882,382,3,70.99
8883,3883,383,4,71.99
8884,3884,384,5,72.99
8885,3885,385,1,73.99
8886,3886,386,2,74.99
8887,3887,387,3,75.99
8888,3888,388,4,76.99
8889,3889,389,5,77.99
8890,3890,390,1,78.99
8891,3891,391,2,79.99
8892,3892,392,3,80.99
8893,3893,393,4,81.99
8894,3894,394,5,82.99
8895,3895,395,1,83.99
8896,3896,396,2,84.99
8897,3897,397,3,85.99
8898,3898,398,4,86.99
8899,3899,399,5,87.99
8900,3900,400,1,88.99
8901,3901,401,2,89.99
8902,3902,402,3,90.99
8903,3903,403,4,91.99
8904,3904,404,5,92.99
8905,3905,405,1,93.99
8906,3906,406,2,94.99
8907,3907,407,3,95.99
8908,3908,408,4,96.99
8909,3909,409,5,97.99
8910,3910,410,1,98.99
8911,3911,411,2,9.99
8912,3912,412,3,10.99
8913,3913,413,4,11.99
8914,3914,414,5,12.99
8915,3915,415,1,13.99
8916,3916,416,2,14.99
8917,3917,417,3,15.99
8918,3918,418,4,16.99
8919,3919,419,5,17.99
8920,3920,420,1,18.99
8921,3921,421,2,19.99
8922,3922,422,3,20.99
8923,3923,423,4,21.99
8924,3924,424,5,22.99
8925,3925,425,1,23.99
8926,3926,426,2,24.99
8927,3927,427,3,25.99
8928,3928,428,4,26.99
8929,3929,429,5,27.99
8930,3930,430,1,28.99
8931,3931,431,2,29.99
8932,3932,432,3,30.99
8933,3933,433,4,31.99
8934,3934,434,5,32.99
8935,3935,435,1,33.99
8936,3936,436,2,34.99
8937,3937,437,3,35.99
8938,3938,438,4,36.99
8939,3939,439,5,37.99
8940,3940,440,1,38.99
8941,3941,441,2,39.99
8942,3942,442,3,40.99
8943,3943,443,4,41.99
8944,3944,444,5,42.99
8945,3945,445,1,43.99
8946,3946,446,2,44.99
8947,3947,447,3,45.99
8948,3948,448,4,46.99
8949,3949,449,5,47.99
8950,3950,450,1,48.99
8951,3951,451,2,49.99
8952,3952,452,3,50.99
8953,3953,453,4,51.99
8954,3954,454,5,52.99
8955,3955,455,1,53.99
8956,3956,456,2,54.99
8957,3957,457,3,55.99
8958,3958,458,4,56.99
8959,3959,459,5,57.99
8960,3960,460,1,58.99
8961,3961,461,2,59.99
8962,3962,462,3,60.99
8963,3963,463,4,61.99
8964,3964,464,5,62.99
8965,3965,465,1,63.99
8966,3966,466,2,64.99
8967,3967,467,3,65.99
8968,3968,468,4,66.99
8969,3969,469,5,67.99
8970,3970,470,1,68.99
8971,3971,471,2,69.99
8972,3972,472,3,70.99
8973,3973,473,4,71.99
8974,3974,474,5,72.99
8975,3975,475,1,73.99
8976,3976,476,2,74.99
8977,3977,477,3,75.99
8978,3978,478,4,76.99
8979,3979,479,5,77.99
8980,3980,480,1,78.99
8981,3981,481,2,79.99
8982,3982,482,3,80.99
8983,3983,483,4,81.99
8984,3984,484,5,82.99
8985,3985,485,1,83.99
8986,3986,486,2,84.99
8987,3987,487,3,85.99
8988,3988,488,4,86.99
8989,3989,489,5,87.99
8990,3990,490,1,88.99
8991,3991,491,2,89.99
8992,3992,492,3,90.99
8993,3993,493,4,91.99
8994,3994,494,5,92.99
8995,3995,495,1,93.99
8996,3996,496,2,94.99
8997,3997,497,3,95.99
8998,3998,498,4,96.99
8999,3999,499,5,97.99
9000,4000,500,1,98.99
9001,4001,1,2,9.99
9002,4002,2,3,10.99
9003,4003,3,4,11.99
9004,4004,4,5,12.99
9005,4005,5,1,13.99
9006,4006,6,2,14.99
9007,4007,7,3,15.99
9008,4008,8,4,16.99
9009,4009,9,5,17.99
9010,4010,10,1,18.99
9011,4011,11,2,19.99
9012,4012,12,3,20.99
9013,4013,13,4,21.99
9014,4014,14,5,22.99
9015,4015,15,1,23.99
9016,4016,16,2,24.99
9017,4017,17,3,25.99
9018,4018,18,4,26.99
9019,4019,19,5,27.99
9020,4020,20,1,28.99
9021,4021,21,2,29.99
9022,4022,22,3,30.99
9023,4023,23,4,31.99
9024,4024,24,5,32.99
9025,4025,25,1,33.99
9026,4026,26,2,34.99
9027,4027,27,3,35.99
9028,4028,28,4,36.99
9029,4029,29,5,37.99
9030,4030,30,1,38.99
9031,4031,31,2,39.99
9032,4032,32,3,40.99
9033,4033,33,4,41.99
9034,4034,34,5,42.99
9035,4035,35,1,43.99
9036,4036,36,2,44.99
9037,4037,37,3,45.99
9038,4038,38,4,46.99
9039,4039,39,5,47.99
9040,4040,40,1,48.99
9041,4041,41,2,49.99
9042,4042,42,3,50.99
9043,4043,43,4,51.99
9044,4044,44,5,52.99
9045,4045,45,1,53.99
9046,4046,46,2,54.99
9047,4047,47,3,55.99
9048,4048,48,4,56.99
9049,4049,49,5,57.99
9050,4050,50,1,58.99
9051,4051,51,2,59.99
9052,4052,52,3,60.99
9053,4053,53,4,61.99
9054,4054,54,5,62.99
9055,4055,55,1,63.99
9056,4056,56,2,64.99
9057,4057,57,3,65.99
9058,4058,58,4,66.99
9059,4059,59,5,67.99
9060,4060,60,1,68.99
9061,4061,61,2,69.99
9062,4062,62,3,70.99
9063,4063,63,4,71.99
9064,4064,64,5,72.99
9065,4065,65,1,73.99
9066,4066,66,2,74.99
9067,4067,67,3,75.99
9068,4068,68,4,76.99
9069,4069,69,5,77.99
9070,4070,70,1,78.99
9071,4071,71,2,79.99
9072,4072,72,3,80.99
9073,4073,73,4,81.99
9074,4074,74,5,82.99
9075,4075,75,1,83.99
9076,4076,76,2,84.99
9077,4077,77,3,85.99
9078,4078,78,4,86.99
9079,4079,79,5,87.99
9080,4080,80,1,88.99
9081,4081,81,2,89.99
9082,4082,82,3,90.99
9083,4083,83,4,91.99
9084,4084,84,5,92.99
9085,4085,85,1,93.99
9086,4086,86,2,94.99
9087,4087,87,3,95.99
9088,4088,88,4,96.99
9089,4089,89,5,97.99
9090,4090,90,1,98.99
9091,4091,91,2,9.99
9092,4092,92,3,10.99
9093,4093,93,4,11.99
9094,4094,94,5,12.99
9095,4095,95,1,13.99
9096,4096,96,2,14.99
9097,4097,97,3,15.99
9098,4098,98,4,16.99
9099,4099,99,5,17.99
9100,4100,100,1,18.99
9101,4101,101,2,19.99
9102,4102,102,3,20.99
9103,4103,103,4,21.99
9104,4104,104,5,22.99
9105,4105,105,1,23.99
9106,4106,106,2,24.99
9107,4107,107,3,25.99
9108,4108,108,4,26.99
9109,4109,109,5,27.99
9110,4110,110,1,28.99
9111,4111,111,2,29.99
9112,4112,112,3,30.99
9113,4113,113,4,31.99
9114,4114,114,5,32.99
9115,4115,115,1,33.99
9116,4116,116,2,34.99
9117,4117,117,3,35.99
9118,4118,118,4,36.99
9119,4119,119,5,37.99
9120,4120,120,1,38.99
9121,4121,121,2,39.99
9122,4122,122,3,40.99
9123,4123,123,4,41.99
9124,4124,124,5,42.99
9125,4125,125,1,43.99
9126,4126,126,2,44.99
9127,4127,127,3,45.99
9128,4128,128,4,46.99
9129,4129,129,5,47.99
9130,4130,130,1,48.99
9131,4131,131,2,49.99
9132,4132,132,3,50.99
9133,4133,133,4,51.99
9134,4134,134,5,52.99
9135,4135,135,1,53.99
9136,4136,136,2,54.99
9137,4137,137,3,55.99
9138,4138,138,4,56.99
9139,4139,139,5,57.99
9140,4140,140,1,58.99
9141,4141,141,2,59.99
9142,4142,142,3,60.99
9143,4143,143,4,61.99
9144,4144,144,5,62.99
9145,4145,145,1,63.99
9146,4146,146,2,64.99
9147,4147,147,3,65.99
9148,4148,148,4,66.99
9149,4149,149,5,67.99
9150,4150,150,1,68.99
9151,4151,151,2,69.99
9152,4152,152,3,70.99
9153,4153,153,4,71.99
9154,4154,154,5,72.99
9155,4155,155,1,73.99
9156,4156,156,2,74.99
9157,4157,157,3,75.99
9158,4158,158,4,76.99
9159,4159,159,5,77.99
9160,4160,160,1,78.99
9161,4161,161,2,79.99
9162,4162,162,3,80.99
9163,4163,163,4,81.99
9164,4164,164,5,82.99
9165,4165,165,1,83.99
9166,4166,166,2,84.99
9167,4167,167,3,85.99
9168,4168,168,4,86.99
9169,4169,169,5,87.99
9170,4170,170,1,88.99
9171,4171,171,2,89.99
9172,4172,172,3,90.99
9173,4173,173,4,91.99
9174,4174,174,5,92.99
9175,4175,175,1,93.99
9176,4176,176,2,94.99
9177,4177,177,3,95.99
9178,4178,178,4,96.99
9179,4179,179,5,97.99
9180,4180,180,1,98.99
9181,4181,181,2,9.99
9182,4182,182,3,10.99
9183,4183,183,4,11.99
9184,4184,184,5,12.99
9185,4185,185,1,13.99
9186,4186,186,2,14.99
9187,4187,187,3,15.99
9188,4188,188,4,16.99
9189,4189,189,5,17.99
9190,4190,190,1,18.99
9191,4191,191,2,19.99
9192,4192,192,3,20.99
9193,4193,193,4,21.99
9194,4194,194,5,22.99
9195,4195,195,1,23.99
9196,4196,196,2,24.99
9197,4197,197,3,25.99
9198,4198,198,4,26.99
9199,4199,199,5,27.99
9200,4200,200,1,28.99
9201,4201,201,2,29.99
9202,4202,202,3,30.99
9203,4203,203,4,31.99
9204,4204,204,5,32.99
9205,4205,205,1,33.99
9206,4206,206,2,34.99
9207,4207,207,3,35.99
9208,4208,208,4,36.99
9209,4209,209,5,37.99
9210,4210,210,1,38.99
9211,4211,211,2,39.99
9212,4212,212,3,40.99
9213,4213,213,4,41.99
9214,4214,214,5,42.99
9215,4215,215,1,43.99
9216,4216,216,2,44.99
9217,4217,217,3,45.99
9218,4218,218,4,46.99
9219,4219,219,5,47.99
9220,4220,220,1,48.99
9221,4221,221,2,49.99
9222,4222,222,3,50.99
9223,4223,223,4,51.99
9224,4224,224,5,52.99
9225,4225,225,1,53.99
9226,4226,226,2,54.99
9227,4227,227,3,55.99
9228,4228,228,4,56.99
9229,4229,229,5,57.99
9230,4230,230,1,58.99
9231,4231,231,2,59.99
9232,4232,232,3,60.99
9233,4233,233,4,61.99
9234,4234,234,5,62.99
9235,4235,235,1,63.99
9236,4236,236,2,64.99
9237,4237,237,3,65.99
9238,4238,238,4,66.99
9239,4239,239,5,67.99
9240,4240,240,1,68.99
9241,4241,241,2,69.99
9242,4242,242,3,70.99
9243,4243,243,4,71.99
9244,4244,244,5,72.99
9245,4245,245,1,73.99
9246,4246,246,2,74.99
9247,4247,247,3,75.99
9248,4248,248,4,76.99
9249,4249,249,5,77.99
9250,4250,250,1,78.99
9251,4251,251,2,79.99
9252,4252,252,3,80.99
9253,4253,253,4,81.99
9254,4254,254,5,82.99
9255,4255,255,1,83.99
9256,4256,256,2,84.99
9257,4257,257,3,85.99
9258,4258,258,4,86.99
9259,4259,259,5,87.99
9260,4260,260,1,88.99
9261,4261,261,2,89.99
9262,4262,262,3,90.99
9263,4263,263,4,91.99
9264,4264,264,5,92.99
9265,4265,265,1,93.99
9266,4266,266,2,94.99
9267,4267,267,3,95.99
9268,4268,268,4,96.99
9269,4269,269,5,97.99
9270,4270,270,1,98.99
9271,4271,271,2,9.99
9272,4272,272,3,10.99
9273,4273,273,4,11.99
9274,4274,274,5,12.99
9275,4275,275,1,13.99
9276,4276,276,2,14.99
9277,4277,277,3,15.99
9278,4278,278,4,16.99
9279,4279,279,5,17.99
9280,4280,280,1,18.99
9281,4281,281,2,19.99
9282,4282,282,3,20.99
9283,4283,283,4,21.99
9284,4284,284,5,22.99
9285,4285,285,1,23.99
9286,4286,286,2,24.99
9287,4287,287,3,25.99
9288,4288,288,4,26.99
9289,4289,289,5,27.99
9290,4290,290,1,28.99
9291,4291,291,2,29.99
9292,4292,292,3,30.99
9293,4293,293,4,31.99
9294,4294,294,5,32.99
9295,4295,295,1,33.99
9296,4296,296,2,34.99
9297,4297,297,3,35.99
9298,4298,298,4,36.99
9299,4299,299,5,37.99
9300,4300,300,1,38.99
9301,4301,301,2,39.99
9302,4302,302,3,40.99
9303,4303,303,4,41.99
9304,4304,304,5,42.99
9305,4305,305,1,43.99
9306,4306,306,2,44.99
9307,4307,307,3,45.99
9308,4308,308,4,46.99
9309,4309,309,5,47.99
9310,4310,310,1,48.99
9311,4311,311,2,49.99
9312,4312,312,3,50.99
9313,4313,313,4,51.99
9314,4314,314,5,52.99
9315,4315,315,1,53.99
9316,4316,316,2,54.99
9317,4317,317,3,55.99
9318,4318,318,4,56.99
9319,4319,319,5,57.99
9320,4320,320,1,58.99
9321,4321,321,2,59.99
9322,4322,322,3,60.99
9323,4323,323,4,61.99
9324,4324,324,5,62.99
9325,4325,325,1,63.99
9326,4326,326,2,64.99
9327,4327,327,3,65.99
9328,4328,328,4,66.99
9329,4329,329,5,67.99
9330,4330,330,1,68.99
9331,4331,331,2,69.99
9332,4332,332,3,70.99
9333,4333,333,4,71.99
9334,4334,334,5,72.99
9335,4335,335,1,73.99
9336,4336,336,2,74.99
9337,4337,337,3,75.99
9338,4338,338,4,76.99
9339,4339,339,5,77.99
9340,4340,340,1,78.99
9341,4341,341,2,79.99
9342,4342,342,3,80.99
9343,4343,343,4,81.99
9344,4344,344,5,82.99
9345,4345,345,1,83.99
9346,4346,346,2,84.99
9347,4347,347,3,85.99
9348,4348,348,4,86.99
9349,4349,349,5,87.99
9350,4350,350,1,88.99
9351,4351,351,2,89.99
9352,4352,352,3,90.99
9353,4353,353,4,91.99
9354,4354,354,5,92.99
9355,4355,355,1,93.99
9356,4356,356,2,94.99
9357,4357,357,3,95.99
9358,4358,358,4,96.99
9359,4359,359,5,97.99
9360,4360,360,1,98.99
9361,4361,361,2,9.99
9362,4362,362,3,10.99
9363,4363,363,4,11.99
9364,4364,364,5,12.99
9365,4365,365,1,13.99
9366,4366,366,2,14.99
9367,4367,367,3,15.99
9368,4368,368,4,16.99
9369,4369,369,5,17.99
9370,4370,370,1,18.99
9371,4371,371,2,19.99
9372,4372,372,3,20.99
9373,4373,373,4,21.99
9374,4374,374,5,22.99
9375,4375,375,1,23.99
9376,4376,376,2,24.99
9377,4377,377,3,25.99
9378,4378,378,4,26.99
9379,4379,379,5,27.99
9380,4380,380,1,28.99
9381,4381,381,2,29.99
9382,4382,382,3,30.99
9383,4383,383,4,31.99
9384,4384,384,5,32.99
9385,4385,385,1,33.99
9386,4386,386,2,34.99
9387,4387,387,3,35.99
9388,4388,388,4,36.99
9389,4389,389,5,37.99
9390,4390,390,1,38.99
9391,4391,391,2,39.99
9392,4392,392,3,40.99
9393,4393,393,4,41.99
9394,4394,394,5,42.99
9395,4395,395,1,43.99
9396,4396,396,2,44.99
9397,4397,397,3,45.99
9398,4398,398,4,46.99
9399,4399,399,5,47.99
9400,4400,400,1,48.99
9401,4401,401,2,49.99
9402,4402,402,3,50.99
9403,4403,403,4,51.99
9404,4404,404,5,52.99
9405,4405,405,1,53.99
9406,4406,406,2,54.99
9407,4407,407,3,55.99
9408,4408,408,4,56.99
9409,4409,409,5,57.99
9410,4410,410,1,58.99
9411,4411,411,2,59.99
9412,4412,412,3,60.99
9413,4413,413,4,61.99
9414,4414,414,5,62.99
9415,4415,415,1,63.99
9416,4416,416,2,64.99
9417,4417,417,3,65.99
9418,4418,418,4,66.99
9419,4419,419,5,67.99
9420,4420,420,1,68.99
9421,4421,421,2,69.99
9422,4422,422,3,70.99
9423,4423,423,4,71.99
9424,4424,424,5,72.99
9425,4425,425,1,73.99
9426,4426,426,2,74.99
9427,4427,427,3,75.99
9428,4428,428,4,76.99
9429,4429,429,5,77.99
9430,4430,430,1,78.99
9431,4431,431,2,79.99
9432,4432,432,3,80.99
9433,4433,433,4,81.99
9434,4434,434,5,82.99
9435,4435,435,1,83.99
9436,4436,436,2,84.99
9437,4437,437,3,85.99
9438,4438,438,4,86.99
9439,4439,439,5,87.99
9440,4440,440,1,88.99
9441,4441,441,2,89.99
9442,4442,442,3,90.99
9443,4443,443,4,91.99
9444,4444,444,5,92.99
9445,4445,445,1,93.99
9446,4446,446,2,94.99
9447,4447,447,3,95.99
9448,4448,448,4,96.99
9449,4449,449,5,97.99
9450,4450,450,1,98.99
9451,4451,451,2,9.99
9452,4452,452,3,10.99
9453,4453,453,4,11.99
9454,4454,454,5,12.99
9455,4455,455,1,13.99
9456,4456,456,2,14.99
9457,4457,457,3,15.99
9458,4458,458,4,16.99
9459,4459,459,5,17.99
9460,4460,460,1,18.99
9461,4461,461,2,19.99
9462,4462,462,3,20.99
9463,4463,463,4,21.99
9464,4464,464,5,22.99
9465,4465,465,1,23.99
9466,4466,466,2,24.99
9467,4467,467,3,25.99
9468,4468,468,4,26.99
9469,4469,469,5,27.99
9470,4470,470,1,28.99
9471,4471,471,2,29.99
9472,4472,472,3,30.99
9473,4473,473,4,31.99
9474,4474,474,5,32.99
9475,4475,475,1,33.99
9476,4476,476,2,34.99
9477,4477,477,3,35.99
9478,4478,478,4,36.99
9479,4479,479,5,37.99
9480,4480,480,1,38.99
9481,4481,481,2,39.99
9482,4482,482,3,40.99
9483,4483,483,4,41.99
9484,4484,484,5,42.99
9485,4485,485,1,43.99
9486,4486,486,2,44.99
9487,4487,487,3,45.99
9488,4488,488,4,46.99
9489,4489,489,5,47.99
9490,4490,490,1,48.99
9491,4491,491,2,49.99
9492,4492,492,3,50.99
9493,4493,493,4,51.99
9494,4494,494,5,52.99
9495,4495,495,1,53.99
9496,4496,496,2,54.99
9497,4497,497,3,55.99
9498,4498,498,4,56.99
9499,4499,499,5,57.99
9500,4500,500,1,58.99
9501,4501,1,2,59.99
9502,4502,2,3,60.99
9503,4503,3,4,61.99
9504,4504,4,5,62.99
9505,4505,5,1,63.99
9506,4506,6,2,64.99
9507,4507,7,3,65.99
9508,4508,8,4,66.99
9509,4509,9,5,67.99
9510,4510,10,1,68.99
9511,4511,11,2,69.99
9512,4512,12,3,70.99
9513,4513,13,4,71.99
9514,4514,14,5,72.99
9515,4515,15,1,73.99
9516,4516,16,2,74.99
9517,4517,17,3,75.99
9518,4518,18,4,76.99
9519,4519,19,5,77.99
9520,4520,20,1,78.99
9521,4521,21,2,79.99
9522,4522,22,3,80.99
9523,4523,23,4,81.99
9524,4524,24,5,82.99
9525,4525,25,1,83.99
9526,4526,26,2,84.99
9527,4527,27,3,85.99
9528,4528,28,4,86.99
9529,4529,29,5,87.99
9530,4530,30,1,88.99
9531,4531,31,2,89.99
9532,4532,32,3,90.99
9533,4533,33,4,91.99
9534,4534,34,5,92.99
9535,4535,35,1,93.99
9536,4536,36,2,94.99
9537,4537,37,3,95.99
9538,4538,38,4,96.99
9539,4539,39,5,97.99
9540,4540,40,1,98.99
9541,4541,41,2,9.99
9542,4542,42,3,10.99
9543,4543,43,4,11.99
9544,4544,44,5,12.99
9545,4545,45,1,13.99
9546,4546,46,2,14.99
9547,4547,47,3,15.99
9548,4548,48,4,16.99
9549,4549,49,5,17.99
9550,4550,50,1,18.99
9551,4551,51,2,19.99
9552,4552,52,3,20.99
9553,4553,53,4,21.99
9554,4554,54,5,22.99
9555,4555,55,1,23.99
9556,4556,56,2,24.99
9557,4557,57,3,25.99
9558,4558,58,4,26.99
9559,4559,59,5,27.99
9560,4560,60,1,28.99
9561,4561,61,2,29.99
9562,4562,62,3,30.99
9563,4563,63,4,31.99
9564,4564,64,5,32.99
9565,4565,65,1,33.99
9566,4566,66,2,34.99
9567,4567,67,3,35.99
9568,4568,68,4,36.99
9569,4569,69,5,37.99
9570,4570,70,1,38.99
9571,4571,71,2,39.99
9572,4572,72,3,40.99
9573,4573,73,4,41.99
9574,4574,74,5,42.99
9575,4575,75,1,43.99
9576,4576,76,2,44.99
9577,4577,77,3,45.99
9578,4578,78,4,46.99
9579,4579,79,5,47.99
9580,4580,80,1,48.99
9581,4581,81,2,49.99
9582,4582,82,3,50.99
9583,4583,83,4,51.99
9584,4584,84,5,52.99
9585,4585,85,1,53.99
9586,4586,86,2,54.99
9587,4587,87,3,55.99
9588,4588,88,4,56.99
9589,4589,89,5,57.99
9590,4590,90,1,58.99
9591,4591,91,2,59.99
9592,4592,92,3,60.99
9593,4593,93,4,61.99
9594,4594,94,5,62.99
9595,4595,95,1,63.99
9596,4596,96,2,64.99
9597,4597,97,3,65.99
9598,4598,98,4,66.99
9599,4599,99,5,67.99
9600,4600,100,1,68.99
9601,4601,101,2,69.99
9602,4602,102,3,70.99
9603,4603,103,4,71.99
9604,4604,104,5,72.99
9605,4605,105,1,73.99
9606,4606,106,2,74.99
9607,4607,107,3,75.99
9608,4608,108,4,76.99
9609,4609,109,5,77.99
9610,4610,110,1,78.99
9611,4611,111,2,79.99
9612,4612,112,3,80.99
9613,4613,113,4,81.99
9614,4614,114,5,82.99
9615,4615,115,1,83.99
9616,4616,116,2,84.99
9617,4617,117,3,85.99
9618,4618,118,4,86.99
9619,4619,119,5,87.99
9620,4620,120,1,88.99
9621,4621,121,2,89.99
9622,4622,122,3,90.99
9623,4623,123,4,91.99
9624,4624,124,5,92.99
9625,4625,125,1,93.99
9626,4626,126,2,94.99
9627,4627,127,3,95.99
9628,4628,128,4,96.99
9629,4629,129,5,97.99
9630,4630,130,1,98.99
9631,4631,131,2,9.99
9632,4632,132,3,10.99
9633,4633,133,4,11.99
9634,4634,134,5,12.99
9635,4635,135,1,13.99
9636,4636,136,2,14.99
9637,4637,137,3,15.99
9638,4638,138,4,16.99
9639,4639,139,5,17.99
9640,4640,140,1,18.99
9641,4641,141,2,19.99
9642,4642,142,3,20.99
9643,4643,143,4,21.99
9644,4644,144,5,22.99
9645,4645,145,1,23.99
9646,4646,146,2,24.99
9647,4647,147,3,25.99
9648,4648,148,4,26.99
9649,4649,149,5,27.99
9650,4650,150,1,28.99
9651,4651,151,2,29.99
9652,4652,152,3,30.99
9653,4653,153,4,31.99
9654,4654,154,5,32.99
9655,4655,155,1,33.99
9656,4656,156,2,34.99
9657,4657,157,3,35.99
9658,4658,158,4,36.99
9659,4659,159,5,37.99
9660,4660,160,1,38.99
9661,4661,161,2,39.99
9662,4662,162,3,40.99
9663,4663,163,4,41.99
9664,4664,164,5,42.99
9665,4665,165,1,43.99
9666,4666,166,2,44.99
9667,4667,167,3,45.99
9668,4668,168,4,46.99
9669,4669,169,5,47.99
9670,4670,170,1,48.99
9671,4671,171,2,49.99
9672,4672,172,3,50.99
9673,4673,173,4,51.99
9674,4674,174,5,52.99
9675,4675,175,1,53.99
9676,4676,176,2,54.99
9677,4677,177,3,55.99
9678,4678,178,4,56.99
9679,4679,179,5,57.99
9680,4680,180,1,58.99
9681,4681,181,2,59.99
9682,4682,182,3,60.99
9683,4683,183,4,61.99
9684,4684,184,5,62.99
9685,4685,185,1,63.99
9686,4686,186,2,64.99
9687,4687,187,3,65.99
9688,4688,188,4,66.99
9689,4689,189,5,67.99
9690,4690,190,1,68.99
9691,4691,191,2,69.99
9692,4692,192,3,70.99
9693,4693,193,4,71.99
9694,4694,194,5,72.99
9695,4695,195,1,73.99
9696,4696,196,2,74.99
9697,4697,197,3,75.99
9698,4698,198,4,76.99
9699,4699,199,5,77.99
9700,4700,200,1,78.99
9701,4701,201,2,79.99
9702,4702,202,3,80.99
9703,4703,203,4,81.99
9704,4704,204,5,82.99
9705,4705,205,1,83.99
9706,4706,206,2,84.99
9707,4707,207,3,85.99
9708,4708,208,4,86.99
9709,4709,209,5,87.99
9710,4710,210,1,88.99
9711,4711,211,2,89.99
9712,4712,212,3,90.99
9713,4713,213,4,91.99
9714,4714,214,5,92.99
9715,4715,215,1,93.99
9716,4716,216,2,94.99
9717,4717,217,3,95.99
9718,4718,218,4,96.99
9719,4719,219,5,97.99
9720,4720,220,1,98.99
9721,4721,221,2,9.99
9722,4722,222,3,10.99
9723,4723,223,4,11.99
9724,4724,224,5,12.99
9725,4725,225,1,13.99
9726,4726,226,2,14.99
9727,4727,227,3,15.99
9728,4728,228,4,16.99
9729,4729,229,5,17.99
9730,4730,230,1,18.99
9731,4731,231,2,19.99
9732,4732,232,3,20.99
9733,4733,233,4,21.99
9734,4734,234,5,22.99
9735,4735,235,1,23.99
9736,4736,236,2,24.99
9737,4737,237,3,25.99
9738,4738,238,4,26.99
9739,4739,239,5,27.99
9740,4740,240,1,28.99
9741,4741,241,2,29.99
9742,4742,242,3,30.99
9743,4743,243,4,31.99
9744,4744,244,5,32.99
9745,4745,245,1,33.99
9746,4746,246,2,34.99
9747,4747,247,3,35.99
9748,4748,248,4,36.99
9749,4749,249,5,37.99
9750,4750,250,1,38.99
9751,4751,251,2,39.99
9752,4752,252,3,40.99
9753,4753,253,4,41.99
9754,4754,254,5,42.99
9755,4755,255,1,43.99
9756,4756,256,2,44.99
9757,4757,257,3,45.99
9758,4758,258,4,46.99
9759,4759,259,5,47.99
9760,4760,260,1,48.99
9761,4761,261,2,49.99
9762,4762,262,3,50.99
9763,4763,263,4,51.99
9764,4764,264,5,52.99
9765,4765,265,1,53.99
9766,4766,266,2,54.99
9767,4767,267,3,55.99
9768,4768,268,4,56.99
9769,4769,269,5,57.99
9770,4770,270,1,58.99
9771,4771,271,2,59.99
9772,4772,272,3,60.99
9773,4773,273,4,61.99
9774,4774,274,5,62.99
9775,4775,275,1,63.99
9776,4776,276,2,64.99
9777,4777,277,3,65.99
9778,4778,278,4,66.99
9779,4779,279,5,67.99
9780,4780,280,1,68.99
9781,4781,281,2,69.99
9782,4782,282,3,70.99
9783,4783,283,4,71.99
9784,4784,284,5,72.99
9785,4785,285,1,73.99
9786,4786,286,2,74.99
9787,4787,287,3,75.99
9788,4788,288,4,76.99
9789,4789,289,5,77.99
9790,4790,290,1,78.99
9791,4791,291,2,79.99
9792,4792,292,3,80.99
9793,4793,293,4,81.99
9794,4794,294,5,82.99
9795,4795,295,1,83.99
9796,4796,296,2,84.99
9797,4797,297,3,85.99
9798,4798,298,4,86.99
9799,4799,299,5,87.99
9800,4800,300,1,88.99
9801,4801,301,2,89.99
9802,4802,302,3,90.99
9803,4803,303,4,91.99
9804,4804,304,5,92.99
9805,4805,305,1,93.99
9806,4806,306,2,94.99
9807,4807,307,3,95.99
9808,4808,308,4,96.99
9809,4809,309,5,97.99
9810,4810,310,1,98.99
9811,4811,311,2,9.99
9812,4812,312,3,10.99
9813,4813,313,4,11.99
9814,4814,314,5,12.99
9815,4815,315,1,13.99
9816,4816,316,2,14.99
9817,4817,317,3,15.99
9818,4818,318,4,16.99
9819,4819,319,5,17.99
9820,4820,320,1,18.99
9821,4821,321,2,19.99
9822,4822,322,3,20.99
9823,4823,323,4,21.99
9824,4824,324,5,22.99
9825,4825,325,1,23.99
9826,4826,326,2,24.99
9827,4827,327,3,25.99
9828,4828,328,4,26.99
9829,4829,329,5,27.99
9830,4830,330,1,28.99
9831,4831,331,2,29.99
9832,4832,332,3,30.99
9833,4833,333,4,31.99
9834,4834,334,5,32.99
9835,4835,335,1,33.99
9836,4836,336,2,34.99
9837,4837,337,3,35.99
9838,4838,338,4,36.99
9839,4839,339,5,37.99
9840,4840,340,1,38.99
9841,4841,341,2,39.99
9842,4842,342,3,40.99
9843,4843,343,4,41.99
9844,4844,344,5,42.99
9845,4845,345,1,43.99
9846,4846,346,2,44.99
9847,4847,347,3,45.99
9848,4848,348,4,46.99
9849,4849,349,5,47.99
9850,4850,350,1,48.99
9851,4851,351,2,49.99
9852,4852,352,3,50.99
9853,4853,353,4,51.99
9854,4854,354,5,52.99
9855,4855,355,1,53.99
9856,4856,356,2,54.99
9857,4857,357,3,55.99
9858,4858,358,4,56.99
9859,4859,359,5,57.99
9860,4860,360,1,58.99
9861,4861,361,2,59.99
9862,4862,362,3,60.99
9863,4863,363,4,61.99
9864,4864,364,5,62.99
9865,4865,365,1,63.99
9866,4866,366,2,64.99
9867,4867,367,3,65.99
9868,4868,368,4,66.99
9869,4869,369,5,67.99
9870,4870,370,1,68.99
9871,4871,371,2,69.99
9872,4872,372,3,70.99
9873,4873,373,4,71.99
9874,4874,374,5,72.99
9875,4875,375,1,73.99
9876,4876,376,2,74.99
9877,4877,377,3,75.99
9878,4878,378,4,76.99
9879,4879,379,5,77.99
9880,4880,380,1,78.99
9881,4881,381,2,79.99
9882,4882,382,3,80.99
9883,4883,383,4,81.99
9884,4884,384,5,82.99
9885,4885,385,1,83.99
9886,4886,386,2,84.99
9887,4887,387,3,85.99
9888,4888,388,4,86.99
9889,4889,389,5,87.99
9890,4890,390,1,88.99
9891,4891,391,2,89.99
9892,4892,392,3,90.99
9893,4893,393,4,91.99
9894,4894,394,5,92.99
9895,4895,395,1,93.99
9896,4896,396,2,94.99
9897,4897,397,3,95.99
9898,4898,398,4,96.99
9899,4899,399,5,97.99
9900,4900,400,1,98.99
9901,4901,401,2,9.99
9902,4902,402,3,10.99
9903,4903,403,4,11.99
9904,4904,404,5,12.99
9905,4905,405,1,13.99
9906,4906,406,2,14.99
9907,4907,407,3,15.99
9908,4908,408,4,16.99
9909,4909,409,5,17.99
9910,4910,410,1,18.99
9911,4911,411,2,19.99
9912,4912,412,3,20.99
9913,4913,413,4,21.99
9914,4914,414,5,22.99
9915,4915,415,1,23.99
9916,4916,416,2,24.99
9917,4917,417,3,25.99
9918,4918,418,4,26.99
9919,4919,419,5,27.99
9920,4920,420,1,28.99
9921,4921,421,2,29.99
9922,4922,422,3,30.99
9923,4923,423,4,31.99
9924,4924,424,5,32.99
9925,4925,425,1,33.99
9926,4926,426,2,34.99
9927,4927,427,3,35.99
9928,4928,428,4,36.99
9929,4929,429,5,37.99
9930,4930,430,1,38.99
9931,4931,431,2,39.99
9932,4932,432,3,40.99
9933,4933,433,4,41.99
9934,4934,434,5,42.99
9935,4935,435,1,43.99
9936,4936,436,2,44.99
9937,4937,437,3,45.99
9938,4938,438,4,46.99
9939,4939,439,5,47.99
9940,4940,440,1,48.99
9941,4941,441,2,49.99
9942,4942,442,3,50.99
9943,4943,443,4,51.99
9944,4944,444,5,52.99
9945,4945,445,1,53.99
9946,4946,446,2,54.99
9947,4947,447,3,55.99
9948,4948,448,4,56.99
9949,4949,449,5,57.99
9950,4950,450,1,58.99
9951,4951,451,2,59.99
9952,4952,452,3,60.99
9953,4953,453,4,61.99
9954,4954,454,5,62.99
9955,4955,455,1,63.99
9956,4956,456,2,64.99
9957,4957,457,3,65.99
9958,4958,458,4,66.99
9959,4959,459,5,67.99
9960,4960,460,1,68.99
9961,4961,461,2,69.99
9962,4962,462,3,70.99
9963,4963,463,4,71.99
9964,4964,464,5,72.99
9965,4965,465,1,73.99
9966,4966,466,2,74.99
9967,4967,467,3,75.99
9968,4968,468,4,76.99
9969,4969,469,5,77.99
9970,4970,470,1,78.99
9971,4971,471,2,79.99
9972,4972,472,3,80.99
9973,4973,473,4,81.99
9974,4974,474,5,82.99
9975,4975,475,1,83.99
9976,4976,476,2,84.99
9977,4977,477,3,85.99
9978,4978,478,4,86.99
9979,4979,479,5,87.99
9980,4980,480,1,88.99
9981,4981,481,2,89.99
9982,4982,482,3,90.99
9983,4983,483,4,91.99
9984,4984,484,5,92.99
9985,4985,485,1,93.99
9986,4986,486,2,94.99
9987,4987,487,3,95.99
9988,4988,488,4,96.99
9989,4989,489,5,97.99
9990,4990,490,1,98.99
9991,4991,491,2,9.99
9992,4992,492,3,10.99
9993,4993,493,4,11.99
9994,4994,494,5,12.99
9995,4995,495,1,13.99
9996,4996,496,2,14.99
9997,4997,497,3,15.99
9998,4998,498,4,16.99
9999,4999,499,5,17.99
10000,5000,500,1,18.99
10001,1,1,2,19.99
10002,2,2,3,20.99
10003,3,3,4,21.99
10004,4,4,5,22.99
10005,5,5,1,23.99
10006,6,6,2,24.99
10007,7,7,3,25.99
10008,8,8,4,26.99
10009,9,9,5,27.99
10010,10,10,1,28.99
10011,11,11,2,29.99
10012,12,12,3,30.99
10013,13,13,4,31.99
10014,14,14,5,32.99
10015,15,15,1,33.99
10016,16,16,2,34.99
10017,17,17,3,35.99
10018,18,18,4,36.99
10019,19,19,5,37.99
10020,20,20,1,38.99
10021,21,21,2,39.99
10022,22,22,3,40.99
10023,23,23,4,41.99
10024,24,24,5,42.99
10025,25,25,1,43.99
10026,26,26,2,44.99
10027,27,27,3,45.99
10028,28,28,4,46.99
10029,29,29,5,47.99
10030,30,30,1,48.99
10031,31,31,2,49.99
10032,32,32,3,50.99
10033,33,33,4,51.99
10034,34,34,5,52.99
10035,35,35,1,53.99
10036,36,36,2,54.99
10037,37,37,3,55.99
10038,38,38,4,56.99
10039,39,39,5,57.99
10040,40,40,1,58.99
10041,41,41,2,59.99
10042,42,42,3,60.99
10043,43,43,4,61.99
10044,44,44,5,62.99
10045,45,45,1,63.99
10046,46,46,2,64.99
10047,47,47,3,65.99
10048,48,48,4,66.99
10049,49,49,5,67.99
10050,50,50,1,68.99
10051,51,51,2,69.99
10052,52,52,3,70.99
10053,53,53,4,71.99
10054,54,54,5,72.99
10055,55,55,1,73.99
10056,56,56,2,74.99
10057,57,57,3,75.99
10058,58,58,4,76.99
10059,59,59,5,77.99
10060,60,60,1,78.99
10061,61,61,2,79.99
10062,62,62,3,80.99
10063,63,63,4,81.99
10064,64,64,5,82.99
10065,65,65,1,83.99
10066,66,66,2,84.99
10067,67,67,3,85.99
10068,68,68,4,86.99
10069,69,69,5,87.99
10070,70,70,1,88.99
10071,71,71,2,89.99
10072,72,72,3,90.99
10073,73,73,4,91.99
10074,74,74,5,92.99
10075,75,75,1,93.99
10076,76,76,2,94.99
10077,77,77,3,95.99
10078,78,78,4,96.99
10079,79,79,5,97.99
10080,80,80,1,98.99
10081,81,81,2,9.99
10082,82,82,3,10.99
10083,83,83,4,11.99
10084,84,84,5,12.99
10085,85,85,1,13.99
10086,86,86,2,14.99
10087,87,87,3,15.99
10088,88,88,4,16.99
10089,89,89,5,17.99
10090,90,90,1,18.99
10091,91,91,2,19.99
10092,92,92,3,20.99
10093,93,93,4,21.99
10094,94,94,5,22.99
10095,95,95,1,23.99
10096,96,96,2,24.99
10097,97,97,3,25.99
10098,98,98,4,26.99
10099,99,99,5,27.99
10100,100,100,1,28.99
10101,101,101,2,29.99
10102,102,102,3,30.99
10103,103,103,4,31.99
10104,104,104,5,32.99
10105,105,105,1,33.99
10106,106,106,2,34.99
10107,107,107,3,35.99
10108,108,108,4,36.99
10109,109,109,5,37.99
10110,110,110,1,38.99
10111,111,111,2,39.99
10112,112,112,3,40.99
10113,113,113,4,41.99
10114,114,114,5,42.99
10115,115,115,1,43.99
10116,116,116,2,44.99
10117,117,117,3,45.99
10118,118,118,4,46.99
10119,119,119,5,47.99
10120,120,120,1,48.99
10121,121,121,2,49.99
10122,122,122,3,50.99
10123,123,123,4,51.99
10124,124,124,5,52.99
10125,125,125,1,53.99
10126,126,126,2,54.99
10127,127,127,3,55.99
10128,128,128,4,56.99
10129,129,129,5,57.99
10130,130,130,1,58.99
10131,131,131,2,59.99
10132,132,132,3,60.99
10133,133,133,4,61.99
10134,134,134,5,62.99
10135,135,135,1,63.99
10136,136,136,2,64.99
10137,137,137,3,65.99
10138,138,138,4,66.99
10139,139,139,5,67.99
10140,140,140,1,68.99
10141,141,141,2,69.99
10142,142,142,3,70.99
10143,143,143,4,71.99
10144,144,144,5,72.99
10145,145,145,1,73.99
10146,146,146,2,74.99
10147,147,147,3,75.99
10148,148,148,4,76.99
10149,149,149,5,77.99
10150,150,150,1,78.99
10151,151,151,2,79.99
10152,152,152,3,80.99
10153,153,153,4,81.99
10154,154,154,5,82.99
10155,155,155,1,83.99
10156,156,156,2,84.99
10157,157,157,3,85.99
10158,158,158,4,86.99
10159,159,159,5,87.99
10160,160,160,1,88.99
10161,161,161,2,89.99
10162,162,162,3,90.99
10163,163,163,4,91.99
10164,164,164,5,92.99
10165,165,165,1,93.99
10166,166,166,2,94.99
10167,167,167,3,95.99
10168,168,168,4,96.99
10169,169,169,5,97.99
10170,170,170,1,98.99
10171,171,171,2,9.99
10172,172,172,3,10.99
10173,173,173,4,11.99
10174,174,174,5,12.99
10175,175,175,1,13.99
10176,176,176,2,14.99
10177,177,177,3,15.99
10178,178,178,4,16.99
10179,179,179,5,17.99
10180,180,180,1,18.99
10181,181,181,2,19.99
10182,182,182,3,20.99
10183,183,183,4,21.99
10184,184,184,5,22.99
10185,185,185,1,23.99
10186,186,186,2,24.99
10187,187,187,3,25.99
10188,188,188,4,26.99
10189,189,189,5,27.99
10190,190,190,1,28.99
10191,191,191,2,29.99
10192,192,192,3,30.99
10193,193,193,4,31.99
10194,194,194,5,32.99
10195,195,195,1,33.99
10196,196,196,2,34.99
10197,197,197,3,35.99
10198,198,198,4,36.99
10199,199,199,5,37.99
10200,200,200,1,38.99
10201,201,201,2,39.99
10202,202,202,3,40.99
10203,203,203,4,41.99
10204,204,204,5,42.99
10205,205,205,1,43.99
10206,206,206,2,44.99
10207,207,207,3,45.99
10208,208,208,4,46.99
10209,209,209,5,47.99
10210,210,210,1,48.99
10211,211,211,2,49.99
10212,212,212,3,50.99
10213,213,213,4,51.99
10214,214,214,5,52.99
10215,215,215,1,53.99
10216,216,216,2,54.99
10217,217,217,3,55.99
10218,218,218,4,56.99
10219,219,219,5,57.99
10220,220,220,1,58.99
10221,221,221,2,59.99
10222,222,222,3,60.99
10223,223,223,4,61.99
10224,224,224,5,62.99
10225,225,225,1,63.99
10226,226,226,2,64.99
10227,227,227,3,65.99
10228,228,228,4,66.99
10229,229,229,5,67.99
10230,230,230,1,68.99
10231,231,231,2,69.99
10232,232,232,3,70.99
10233,233,233,4,71.99
10234,234,234,5,72.99
10235,235,235,1,73.99
10236,236,236,2,74.99
10237,237,237,3,75.99
10238,238,238,4,76.99
10239,239,239,5,77.99
10240,240,240,1,78.99
10241,241,241,2,79.99
10242,242,242,3,80.99
10243,243,243,4,81.99
10244,244,244,5,82.99
10245,245,245,1,83.99
10246,246,246,2,84.99
10247,247,247,3,85.99
10248,248,248,4,86.99
10249,249,249,5,87.99
10250,250,250,1,88.99
10251,251,251,2,89.99
10252,252,252,3,90.99
10253,253,253,4,91.99
10254,254,254,5,92.99
10255,255,255,1,93.99
10256,256,256,2,94.99
10257,257,257,3,95.99
10258,258,258,4,96.99
10259,259,259,5,97.99
10260,260,260,1,98.99
10261,261,261,2,9.99
10262,262,262,3,10.99
10263,263,263,4,11.99
10264,264,264,5,12.99
10265,265,265,1,13.99
10266,266,266,2,14.99
10267,267,267,3,15.99
10268,268,268,4,16.99
10269,269,269,5,17.99
10270,270,270,1,18.99
10271,271,271,2,19.99
10272,272,272,3,20.99
10273,273,273,4,21.99
10274,274,274,5,22.99
10275,275,275,1,23.99
10276,276,276,2,24.99
10277,277,277,3,25.99
10278,278,278,4,26.99
10279,279,279,5,27.99
10280,280,280,1,28.99
10281,281,281,2,29.99
10282,282,282,3,30.99
10283,283,283,4,31.99
10284,284,284,5,32.99
10285,285,285,1,33.99
10286,286,286,2,34.99
10287,287,287,3,35.99
10288,288,288,4,36.99
10289,289,289,5,37.99
10290,290,290,1,38.99
10291,291,291,2,39.99
10292,292,292,3,40.99
10293,293,293,4,41.99
10294,294,294,5,42.99
10295,295,295,1,43.99
10296,296,296,2,44.99
10297,297,297,3,45.99
10298,298,298,4,46.99
10299,299,299,5,47.99
10300,300,300,1,48.99
10301,301,301,2,49.99
10302,302,302,3,50.99
10303,303,303,4,51.99
10304,304,304,5,52.99
10305,305,305,1,53.99
10306,306,306,2,54.99
10307,307,307,3,55.99
10308,308,308,4,56.99
10309,309,309,5,57.99
10310,310,310,1,58.99
10311,311,311,2,59.99
10312,312,312,3,60.99
10313,313,313,4,61.99
10314,314,314,5,62.99
10315,315,315,1,63.99
10316,316,316,2,64.99
10317,317,317,3,65.99
10318,318,318,4,66.99
10319,319,319,5,67.99
10320,320,320,1,68.99
10321,321,321,2,69.99
10322,322,322,3,70.99
10323,323,323,4,71.99
10324,324,324,5,72.99
10325,325,325,1,73.99
10326,326,326,2,74.99
10327,327,327,3,75.99
10328,328,328,4,76.99
10329,329,329,5,77.99
10330,330,330,1,78.99
10331,331,331,2,79.99
10332,332,332,3,80.99
10333,333,333,4,81.99
10334,334,334,5,82.99
10335,335,335,1,83.99
10336,336,336,2,84.99
10337,337,337,3,85.99
10338,338,338,4,86.99
10339,339,339,5,87.99
10340,340,340,1,88.99
10341,341,341,2,89.99
10342,342,342,3,90.99
10343,343,343,4,91.99
10344,344,344,5,92.99
10345,345,345,1,93.99
10346,346,346,2,94.99
10347,347,347,3,95.99
10348,348,348,4,96.99
10349,349,349,5,97.99
10350,350,350,1,98.99
10351,351,351,2,9.99
10352,352,352,3,10.99
10353,353,353,4,11.99
10354,354,354,5,12.99
10355,355,355,1,13.99
10356,356,356,2,14.99
10357,357,357,3,15.99
10358,358,358,4,16.99
10359,359,359,5,17.99
10360,360,360,1,18.99
10361,361,361,2,19.99
10362,362,362,3,20.99
10363,363,363,4,21.99
10364,364,364,5,22.99
10365,365,365,1,23.99
10366,366,366,2,24.99
10367,367,367,3,25.99
10368,368,368,4,26.99
10369,369,369,5,27.99
10370,370,370,1,28.99
10371,371,371,2,29.99
10372,372,372,3,30.99
10373,373,373,4,31.99
10374,374,374,5,32.99
10375,375,375,1,33.99
10376,376,376,2,34.99
10377,377,377,3,35.99
10378,378,378,4,36.99
10379,379,379,5,37.99
10380,380,380,1,38.99
10381,381,381,2,39.99
10382,382,382,3,40.99
10383,383,383,4,41.99
10384,384,384,5,42.99
10385,385,385,1,43.99
10386,386,386,2,44.99
10387,387,387,3,45.99
10388,388,388,4,46.99
10389,389,389,5,47.99
10390,390,390,1,48.99
10391,391,391,2,49.99
10392,392,392,3,50.99
10393,393,393,4,51.99
10394,394,394,5,52.99
10395,395,395,1,53.99
10396,396,396,2,54.99
10397,397,397,3,55.99
10398,398,398,4,56.99
10399,399,399,5,57.99
10400,400,400,1,58.99
10401,401,401,2,59.99
10402,402,402,3,60.99
10403,403,403,4,61.99
10404,404,404,5,62.99
10405,405,405,1,63.99
10406,406,406,2,64.99
10407,407,407,3,65.99
10408,408,408,4,66.99
10409,409,409,5,67.99
10410,410,410,1,68.99
10411,411,411,2,69.99
10412,412,412,3,70.99
10413,413,413,4,71.99
10414,414,414,5,72.99
10415,415,415,1,73.99
10416,416,416,2,74.99
10417,417,417,3,75.99
10418,418,418,4,76.99
10419,419,419,5,77.99
10420,420,420,1,78.99
10421,421,421,2,79.99
10422,422,422,3,80.99
10423,423,423,4,81.99
10424,424,424,5,82.99
10425,425,425,1,83.99
10426,426,426,2,84.99
10427,427,427,3,85.99
10428,428,428,4,86.99
10429,429,429,5,87.99
10430,430,430,1,88.99
10431,431,431,2,89.99
10432,432,432,3,90.99
10433,433,433,4,91.99
10434,434,434,5,92.99
10435,435,435,1,93.99
10436,436,436,2,94.99
10437,437,437,3,95.99
10438,438,438,4,96.99
10439,439,439,5,97.99
10440,440,440,1,98.99
10441,441,441,2,9.99
10442,442,442,3,10.99
10443,443,443,4,11.99
10444,444,444,5,12.99
10445,445,445,1,13.99
10446,446,446,2,14.99
10447,447,447,3,15.99
10448,448,448,4,16.99
10449,449,449,5,17.99
10450,450,450,1,18.99
10451,451,451,2,19.99
10452,452,452,3,20.99
10453,453,453,4,21.99
10454,454,454,5,22.99
10455,455,455,1,23.99
10456,456,456,2,24.99
10457,457,457,3,25.99
10458,458,458,4,26.99
10459,459,459,5,27.99
10460,460,460,1,28.99
10461,461,461,2,29.99
10462,462,462,3,30.99
10463,463,463,4,31.99
10464,464,464,5,32.99
10465,465,465,1,33.99
10466,466,466,2,34.99
10467,467,467,3,35.99
10468,468,468,4,36.99
10469,469,469,5,37.99
10470,470,470,1,38.99
10471,471,471,2,39.99
10472,472,472,3,40.99
10473,473,473,4,41.99
10474,474,474,5,42.99
10475,475,475,1,43.99
10476,476,476,2,44.99
10477,477,477,3,45.99
10478,478,478,4,46.99
10479,479,479,5,47.99
10480,480,480,1,48.99
10481,481,481,2,49.99
10482,482,482,3,50.99
10483,483,483,4,51.99
10484,484,484,5,52.99
10485,485,485,1,53.99
10486,486,486,2,54.99
10487,487,487,3,55.99
10488,488,488,4,56.99
10489,489,489,5,57.99
10490,490,490,1,58.99
10491,491,491,2,59.99
10492,492,492,3,60.99
10493,493,493,4,61.99
10494,494,494,5,62.99
10495,495,495,1,63.99
10496,496,496,2,64.99
10497,497,497,3,65.99
10498,498,498,4,66.99
10499,499,499,5,67.99
10500,500,500,1,68.99
10501,501,1,2,69.99
10502,502,2,3,70.99
10503,503,3,4,71.99
10504,504,4,5,72.99
10505,505,5,1,73.99
10506,506,6,2,74.99
10507,507,7,3,75.99
10508,508,8,4,76.99
10509,509,9,5,77.99
10510,510,10,1,78.99
10511,511,11,2,79.99
10512,512,12,3,80.99
10513,513,13,4,81.99
10514,514,14,5,82.99
10515,515,15,1,83.99
10516,516,16,2,84.99
10517,517,17,3,85.99
10518,518,18,4,86.99
10519,519,19,5,87.99
10520,520,20,1,88.99
10521,521,21,2,89.99
10522,522,22,3,90.99
10523,523,23,4,91.99
10524,524,24,5,92.99
10525,525,25,1,93.99
10526,526,26,2,94.99
10527,527,27,3,95.99
10528,528,28,4,96.99
10529,529,29,5,97.99
10530,530,30,1,98.99
10531,531,31,2,9.99
10532,532,32,3,10.99
10533,533,33,4,11.99
10534,534,34,5,12.99
10535,535,35,1,13.99
10536,536,36,2,14.99
10537,537,37,3,15.99
10538,538,38,4,16.99
10539,539,39,5,17.99
10540,540,40,1,18.99
10541,541,41,2,19.99
10542,542,42,3,20.99
10543,543,43,4,21.99
10544,544,44,5,22.99
10545,545,45,1,23.99
10546,546,46,2,24.99
10547,547,47,3,25.99
10548,548,48,4,26.99
10549,549,49,5,27.99
10550,550,50,1,28.99
10551,551,51,2,29.99
10552,552,52,3,30.99
10553,553,53,4,31.99
10554,554,54,5,32.99
10555,555,55,1,33.99
10556,556,56,2,34.99
10557,557,57,3,35.99
10558,558,58,4,36.99
10559,559,59,5,37.99
10560,560,60,1,38.99
10561,561,61,2,39.99
10562,562,62,3,40.99
10563,563,63,4,41.99
10564,564,64,5,42.99
10565,565,65,1,43.99
10566,566,66,2,44.99
10567,567,67,3,45.99
10568,568,68,4,46.99
10569,569,69,5,47.99
10570,570,70,1,48.99
10571,571,71,2,49.99
10572,572,72,3,50.99
10573,573,73,4,51.99
10574,574,74,5,52.99
10575,575,75,1,53.99
10576,576,76,2,54.99
10577,577,77,3,55.99
10578,578,78,4,56.99
10579,579,79,5,57.99
10580,580,80,1,58.99
10581,581,81,2,59.99
10582,582,82,3,60.99
10583,583,83,4,61.99
10584,584,84,5,62.99
10585,585,85,1,63.99
10586,586,86,2,64.99
10587,587,87,3,65.99
10588,588,88,4,66.99
10589,589,89,5,67.99
10590,590,90,1,68.99
10591,591,91,2,69.99
10592,592,92,3,70.99
10593,593,93,4,71.99
10594,594,94,5,72.99
10595,595,95,1,73.99
10596,596,96,2,74.99
10597,597,97,3,75.99
10598,598,98,4,76.99
10599,599,99,5,77.99
10600,600,100,1,78.99
10601,601,101,2,79.99
10602,602,102,3,80.99
10603,603,103,4,81.99
10604,604,104,5,82.99
10605,605,105,1,83.99
10606,606,106,2,84.99
10607,607,107,3,85.99
10608,608,108,4,86.99
10609,609,109,5,87.99
10610,610,110,1,88.99
10611,611,111,2,89.99
10612,612,112,3,90.99
10613,613,113,4,91.99
10614,614,114,5,92.99
10615,615,115,1,93.99
10616,616,116,2,94.99
10617,617,117,3,95.99
10618,618,118,4,96.99
10619,619,119,5,97.99
10620,620,120,1,98.99
10621,621,121,2,9.99
10622,622,122,3,10.99
10623,623,123,4,11.99
10624,624,124,5,12.99
10625,625,125,1,13.99
10626,626,126,2,14.99
10627,627,127,3,15.99
10628,628,128,4,16.99
10629,629,129,5,17.99
10630,630,130,1,18.99
10631,631,131,2,19.99
10632,632,132,3,20.99
10633,633,133,4,21.99
10634,634,134,5,22.99
10635,635,135,1,23.99
10636,636,136,2,24.99
10637,637,137,3,25.99
10638,638,138,4,26.99
10639,639,139,5,27.99
10640,640,140,1,28.99
10641,641,141,2,29.99
10642,642,142,3,30.99
10643,643,143,4,31.99
10644,644,144,5,32.99
10645,645,145,1,33.99
10646,646,146,2,34.99
10647,647,147,3,35.99
10648,648,148,4,36.99
10649,649,149,5,37.99
10650,650,150,1,38.99
10651,651,151,2,39.99
10652,652,152,3,40.99
10653,653,153,4,41.99
10654,654,154,5,42.99
10655,655,155,1,43.99
10656,656,156,2,44.99
10657,657,157,3,45.99
10658,658,158,4,46.99
10659,659,159,5,47.99
10660,660,160,1,48.99
10661,661,161,2,49.99
10662,662,162,3,50.99
10663,663,163,4,51.99
10664,664,164,5,52.99
10665,665,165,1,53.99
10666,666,166,2,54.99
10667,667,167,3,55.99
10668,668,168,4,56.99
10669,669,169,5,57.99
10670,670,170,1,58.99
10671,671,171,2,59.99
10672,672,172,3,60.99
10673,673,173,4,61.99
10674,674,174,5,62.99
10675,675,175,1,63.99
10676,676,176,2,64.99
10677,677,177,3,65.99
10678,678,178,4,66.99
10679,679,179,5,67.99
10680,680,180,1,68.99
10681,681,181,2,69.99
10682,682,182,3,70.99
10683,683,183,4,71.99
10684,684,184,5,72.99
10685,685,185,1,73.99
10686,686,186,2,74.99
10687,687,187,3,75.99
10688,688,188,4,76.99
10689,689,189,5,77.99
10690,690,190,1,78.99
10691,691,191,2,79.99
10692,692,192,3,80.99
10693,693,193,4,81.99
10694,694,194,5,82.99
10695,695,195,1,83.99
10696,696,196,2,84.99
10697,697,197,3,85.99
10698,698,198,4,86.99
10699,699,199,5,87.99
10700,700,200,1,88.99
10701,701,201,2,89.99
10702,702,202,3,90.99
10703,703,203,4,91.99
10704,704,204,5,92.99
10705,705,205,1,93.99
10706,706,206,2,94.99
10707,707,207,3,95.99
10708,708,208,4,96.99
10709,709,209,5,97.99
10710,710,210,1,98.99
10711,711,211,2,9.99
10712,712,212,3,10.99
10713,713,213,4,11.99
10714,714,214,5,12.99
10715,715,215,1,13.99
10716,716,216,2,14.99
10717,717,217,3,15.99
10718,718,218,4,16.99
10719,719,219,5,17.99
10720,720,220,1,18.99
10721,721,221,2,19.99
10722,722,222,3,20.99
10723,723,223,4,21.99
10724,724,224,5,22.99
10725,725,225,1,23.99
10726,726,226,2,24.99
10727,727,227,3,25.99
10728,728,228,4,26.99
10729,729,229,5,27.99
10730,730,230,1,28.99
10731,731,231,2,29.99
10732,732,232,3,30.99
10733,733,233,4,31.99
10734,734,234,5,32.99
10735,735,235,1,33.99
10736,736,236,2,34.99
10737,737,237,3,35.99
10738,738,238,4,36.99
10739,739,239,5,37.99
10740,740,240,1,38.99
10741,741,241,2,39.99
10742,742,242,3,40.99
10743,743,243,4,41.99
10744,744,244,5,42.99
10745,745,245,1,43.99
10746,746,246,2,44.99
10747,747,247,3,45.99
10748,748,248,4,46.99
10749,749,249,5,47.99
10750,750,250,1,48.99
10751,751,251,2,49.99
10752,752,252,3,50.99
10753,753,253,4,51.99
10754,754,254,5,52.99
10755,755,255,1,53.99
10756,756,256,2,54.99
10757,757,257,3,55.99
10758,758,258,4,56.99
10759,759,259,5,57.99
10760,760,260,1,58.99
10761,761,261,2,59.99
10762,762,262,3,60.99
10763,763,263,4,61.99
10764,764,264,5,62.99
10765,765,265,1,63.99
10766,766,266,2,64.99
10767,767,267,3,65.99
10768,768,268,4,66.99
10769,769,269,5,67.99
10770,770,270,1,68.99
10771,771,271,2,69.99
10772,772,272,3,70.99
10773,773,273,4,71.99
10774,774,274,5,72.99
10775,775,275,1,73.99
10776,776,276,2,74.99
10777,777,277,3,75.99
10778,778,278,4,76.99
10779,779,279,5,77.99
10780,780,280,1,78.99
10781,781,281,2,79.99
10782,782,282,3,80.99
10783,783,283,4,81.99
10784,784,284,5,82.99
10785,785,285,1,83.99
10786,786,286,2,84.99
10787,787,287,3,85.99
10788,788,288,4,86.99
10789,789,289,5,87.99
10790,790,290,1,88.99
10791,791,291,2,89.99
10792,792,292,3,90.99
10793,793,293,4,91.99
10794,794,294,5,92.99
10795,795,295,1,93.99
10796,796,296,2,94.99
10797,797,297,3,95.99
10798,798,298,4,96.99
10799,799,299,5,97.99
10800,800,300,1,98.99
10801,801,301,2,9.99
10802,802,302,3,10.99
10803,803,303,4,11.99
10804,804,304,5,12.99
10805,805,305,1,13.99
10806,806,306,2,14.99
10807,807,307,3,15.99
10808,808,308,4,16.99
10809,809,309,5,17.99
10810,810,310,1,18.99
10811,811,311,2,19.99
10812,812,312,3,20.99
10813,813,313,4,21.99
10814,814,314,5,22.99
10815,815,315,1,23.99
10816,816,316,2,24.99
10817,817,317,3,25.99
10818,818,318,4,26.99
10819,819,319,5,27.99
10820,820,320,1,28.99
10821,821,321,2,29.99
10822,822,322,3,30.99
10823,823,323,4,31.99
10824,824,324,5,32.99
10825,825,325,1,33.99
10826,826,326,2,34.99
10827,827,327,3,35.99
10828,828,328,4,36.99
10829,829,329,5,37.99
10830,830,330,1,38.99
10831,831,331,2,39.99
10832,832,332,3,40.99
10833,833,333,4,41.99
10834,834,334,5,42.99
10835,835,335,1,43.99
10836,836,336,2,44.99
10837,837,337,3,45.99
10838,838,338,4,46.99
10839,839,339,5,47.99
10840,840,340,1,48.99
10841,841,341,2,49.99
10842,842,342,3,50.99
10843,843,343,4,51.99
10844,844,344,5,52.99
10845,845,345,1,53.99
10846,846,346,2,54.99
10847,847,347,3,55.99
10848,848,348,4,56.99
10849,849,349,5,57.99
10850,850,350,1,58.99
10851,851,351,2,59.99
10852,852,352,3,60.99
10853,853,353,4,61.99
10854,854,354,5,62.99
10855,855,355,1,63.99
10856,856,356,2,64.99
10857,857,357,3,65.99
10858,858,358,4,66.99
10859,859,359,5,67.99
10860,860,360,1,68.99
10861,861,361,2,69.99
10862,862,362,3,70.99
10863,863,363,4,71.99
10864,864,364,5,72.99
10865,865,365,1,73.99
10866,866,366,2,74.99
10867,867,367,3,75.99
10868,868,368,4,76.99
10869,869,369,5,77.99
10870,870,370,1,78.99
10871,871,371,2,79.99
10872,872,372,3,80.99
10873,873,373,4,81.99
10874,874,374,5,82.99
10875,875,375,1,83.99
10876,876,376,2,84.99
10877,877,377,3,85.99
10878,878,378,4,86.99
10879,879,379,5,87.99
10880,880,380,1,88.99
10881,881,381,2,89.99
10882,882,382,3,90.99
10883,883,383,4,91.99
10884,884,384,5,92.99
10885,885,385,1,93.99
10886,886,386,2,94.99
10887,887,387,3,95.99
10888,888,388,4,96.99
10889,889,389,5,97.99
10890,890,390,1,98.99
10891,891,391,2,9.99
10892,892,392,3,10.99
10893,893,393,4,11.99
10894,894,394,5,12.99
10895,895,395,1,13.99
10896,896,396,2,14.99
10897,897,397,3,15.99
10898,898,398,4,16.99
10899,899,399,5,17.99
10900,900,400,1,18.99
10901,901,401,2,19.99
10902,902,402,3,20.99
10903,903,403,4,21.99
10904,904,404,5,22.99
10905,905,405,1,23.99
10906,906,406,2,24.99
10907,907,407,3,25.99
10908,908,408,4,26.99
10909,909,409,5,27.99
10910,910,410,1,28.99
10911,911,411,2,29.99
10912,912,412,3,30.99
10913,913,413,4,31.99
10914,914,414,5,32.99
10915,915,415,1,33.99
10916,916,416,2,34.99
10917,917,417,3,35.99
10918,918,418,4,36.99
10919,919,419,5,37.99
10920,920,420,1,38.99
10921,921,421,2,39.99
10922,922,422,3,40.99
10923,923,423,4,41.99
10924,924,424,5,42.99
10925,925,425,1,43.99
10926,926,426,2,44.99
10927,927,427,3,45.99
10928,928,428,4,46.99
10929,929,429,5,47.99
10930,930,430,1,48.99
10931,931,431,2,49.99
10932,932,432,3,50.99
10933,933,433,4,51.99
10934,934,434,5,52.99
10935,935,435,1,53.99
10936,936,436,2,54.99
10937,937,437,3,55.99
10938,938,438,4,56.99
10939,939,439,5,57.99
10940,940,440,1,58.99
10941,941,441,2,59.99
10942,942,442,3,60.99
10943,943,443,4,61.99
10944,944,444,5,62.99
10945,945,445,1,63.99
10946,946,446,2,64.99
10947,947,447,3,65.99
10948,948,448,4,66.99
10949,949,449,5,67.99
10950,950,450,1,68.99
10951,951,451,2,69.99
10952,952,452,3,70.99
10953,953,453,4,71.99
10954,954,454,5,72.99
10955,955,455,1,73.99
10956,956,456,2,74.99
10957,957,457,3,75.99
10958,958,458,4,76.99
10959,959,459,5,77.99
10960,960,460,1,78.99
10961,961,461,2,79.99
10962,962,462,3,80.99
10963,963,463,4,81.99
10964,964,464,5,82.99
10965,965,465,1,83.99
10966,966,466,2,84.99
10967,967,467,3,85.99
10968,968,468,4,86.99
10969,969,469,5,87.99
10970,970,470,1,88.99
10971,971,471,2,89.99
10972,972,472,3,90.99
10973,973,473,4,91.99
10974,974,474,5,92.99
10975,975,475,1,93.99
10976,976,476,2,94.99
10977,977,477,3,95.99
10978,978,478,4,96.99
10979,979,479,5,97.99
10980,980,480,1,98.99
10981,981,481,2,9.99
10982,982,482,3,10.99
10983,983,483,4,11.99
10984,984,484,5,12.99
10985,985,485,1,13.99
10986,986,486,2,14.99
10987,987,487,3,15.99
10988,988,488,4,16.99
10989,989,489,5,17.99
10990,990,490,1,18.99
10991,991,491,2,19.99
10992,992,492,3,20.99
10993,993,493,4,21.99
10994,994,494,5,22.99
10995,995,495,1,23.99
10996,996,496,2,24.99
10997,997,497,3,25.99
10998,998,498,4,26.99
10999,999,499,5,27.99
11000,1000,500,1,28.99
11001,1001,1,2,29.99
11002,1002,2,3,30.99
11003,1003,3,4,31.99
11004,1004,4,5,32.99
11005,1005,5,1,33.99
11006,1006,6,2,34.99
11007,1007,7,3,35.99
11008,1008,8,4,36.99
11009,1009,9,5,37.99
11010,1010,10,1,38.99
11011,1011,11,2,39.99
11012,1012,12,3,40.99
11013,1013,13,4,41.99
11014,1014,14,5,42.99
11015,1015,15,1,43.99
11016,1016,16,2,44.99
11017,1017,17,3,45.99
11018,1018,18,4,46.99
11019,1019,19,5,47.99
11020,1020,20,1,48.99
11021,1021,21,2,49.99
11022,1022,22,3,50.99
11023,1023,23,4,51.99
11024,1024,24,5,52.99
11025,1025,25,1,53.99
11026,1026,26,2,54.99
11027,1027,27,3,55.99
11028,1028,28,4,56.99
11029,1029,29,5,57.99
11030,1030,30,1,58.99
11031,1031,31,2,59.99
11032,1032,32,3,60.99
11033,1033,33,4,61.99
11034,1034,34,5,62.99
11035,1035,35,1,63.99
11036,1036,36,2,64.99
11037,1037,37,3,65.99
11038,1038,38,4,66.99
11039,1039,39,5,67.99
11040,1040,40,1,68.99
11041,1041,41,2,69.99
11042,1042,42,3,70.99
11043,1043,43,4,71.99
11044,1044,44,5,72.99
11045,1045,45,1,73.99
11046,1046,46,2,74.99
11047,1047,47,3,75.99
11048,1048,48,4,76.99
11049,1049,49,5,77.99
11050,1050,50,1,78.99
11051,1051,51,2,79.99
11052,1052,52,3,80.99
11053,1053,53,4,81.99
11054,1054,54,5,82.99
11055,1055,55,1,83.99
11056,1056,56,2,84.99
11057,1057,57,3,85.99
11058,1058,58,4,86.99
11059,1059,59,5,87.99
11060,1060,60,1,88.99
11061,1061,61,2,89.99
11062,1062,62,3,90.99
11063,1063,63,4,91.99
11064,1064,64,5,92.99
11065,1065,65,1,93.99
11066,1066,66,2,94.99
11067,1067,67,3,95.99
11068,1068,68,4,96.99
11069,1069,69,5,97.99
11070,1070,70,1,98.99
11071,1071,71,2,9.99
11072,1072,72,3,10.99
11073,1073,73,4,11.99
11074,1074,74,5,12.99
11075,1075,75,1,13.99
11076,1076,76,2,14.99
11077,1077,77,3,15.99
11078,1078,78,4,16.99
11079,1079,79,5,17.99
11080,1080,80,1,18.99
11081,1081,81,2,19.99
11082,1082,82,3,20.99
11083,1083,83,4,21.99
11084,1084,84,5,22.99
11085,1085,85,1,23.99
11086,1086,86,2,24.99
11087,1087,87,3,25.99
11088,1088,88,4,26.99
11089,1089,89,5,27.99
11090,1090,90,1,28.99
11091,1091,91,2,29.99
11092,1092,92,3,30.99
11093,1093,93,4,31.99
11094,1094,94,5,32.99
11095,1095,95,1,33.99
11096,1096,96,2,34.99
11097,1097,97,3,35.99
11098,1098,98,4,36.99
11099,1099,99,5,37.99
11100,1100,100,1,38.99
11101,1101,101,2,39.99
11102,1102,102,3,40.99
11103,1103,103,4,41.99
11104,1104,104,5,42.99
11105,1105,105,1,43.99
11106,1106,106,2,44.99
11107,1107,107,3,45.99
11108,1108,108,4,46.99
11109,1109,109,5,47.99
11110,1110,110,1,48.99
11111,1111,111,2,49.99
11112,1112,112,3,50.99
11113,1113,113,4,51.99
11114,1114,114,5,52.99
11115,1115,115,1,53.99
11116,1116,116,2,54.99
11117,1117,117,3,55.99
11118,1118,118,4,56.99
11119,1119,119,5,57.99
11120,1120,120,1,58.99
11121,1121,121,2,59.99
11122,1122,122,3,60.99
11123,1123,123,4,61.99
11124,1124,124,5,62.99
11125,1125,125,1,63.99
11126,1126,126,2,64.99
11127,1127,127,3,65.99
11128,1128,128,4,66.99
11129,1129,129,5,67.99
11130,1130,130,1,68.99
11131,1131,131,2,69.99
11132,1132,132,3,70.99
11133,1133,133,4,71.99
11134,1134,134,5,72.99
11135,1135,135,1,73.99
11136,1136,136,2,74.99
11137,1137,137,3,75.99
11138,1138,138,4,76.99
11139,1139,139,5,77.99
11140,1140,140,1,78.99
11141,1141,141,2,79.99
11142,1142,142,3,80.99
11143,1143,143,4,81.99
11144,1144,144,5,82.99
11145,1145,145,1,83.99
11146,1146,146,2,84.99
11147,1147,147,3,85.99
11148,1148,148,4,86.99
11149,1149,149,5,87.99
11150,1150,150,1,88.99
11151,1151,151,2,89.99
11152,1152,152,3,90.99
11153,1153,153,4,91.99
11154,1154,154,5,92.99
11155,1155,155,1,93.99
11156,1156,156,2,94.99
11157,1157,157,3,95.99
11158,1158,158,4,96.99
11159,1159,159,5,97.99
11160,1160,160,1,98.99
11161,1161,161,2,9.99
11162,1162,162,3,10.99
11163,1163,163,4,11.99
11164,1164,164,5,12.99
11165,1165,165,1,13.99
11166,1166,166,2,14.99
11167,1167,167,3,15.99
11168,1168,168,4,16.99
11169,1169,169,5,17.99
11170,1170,170,1,18.99
11171,1171,171,2,19.99
11172,1172,172,3,20.99
11173,1173,173,4,21.99
11174,1174,174,5,22.99
11175,1175,175,1,23.99
11176,1176,176,2,24.99
11177,1177,177,3,25.99
11178,1178,178,4,26.99
11179,1179,179,5,27.99
11180,1180,180,1,28.99
11181,1181,181,2,29.99
11182,1182,182,3,30.99
11183,1183,183,4,31.99
11184,1184,184,5,32.99
11185,1185,185,1,33.99
11186,1186,186,2,34.99
11187,1187,187,3,35.99
11188,1188,188,4,36.99
11189,1189,189,5,37.99
11190,1190,190,1,38.99
11191,1191,191,2,39.99
11192,1192,192,3,40.99
11193,1193,193,4,41.99
11194,1194,194,5,42.99
11195,1195,195,1,43.99
11196,1196,196,2,44.99
11197,1197,197,3,45.99
11198,1198,198,4,46.99
11199,1199,199,5,47.99
11200,1200,200,1,48.99
11201,1201,201,2,49.99
11202,1202,202,3,50.99
11203,1203,203,4,51.99
11204,1204,204,5,52.99
11205,1205,205,1,53.99
11206,1206,206,2,54.99
11207,1207,207,3,55.99
11208,1208,208,4,56.99
11209,1209,209,5,57.99
11210,1210,210,1,58.99
11211,1211,211,2,59.99
11212,1212,212,3,60.99
11213,1213,213,4,61.99
11214,1214,214,5,62.99
11215,1215,215,1,63.99
11216,1216,216,2,64.99
11217,1217,217,3,65.99
11218,1218,218,4,66.99
11219,1219,219,5,67.99
11220,1220,220,1,68.99
11221,1221,221,2,69.99
11222,1222,222,3,70.99
11223,1223,223,4,71.99
11224,1224,224,5,72.99
11225,1225,225,1,73.99
11226,1226,226,2,74.99
11227,1227,227,3,75.99
11228,1228,228,4,76.99
11229,1229,229,5,77.99
11230,1230,230,1,78.99
11231,1231,231,2,79.99
11232,1232,232,3,80.99
11233,1233,233,4,81.99
11234,1234,234,5,82.99
11235,1235,235,1,83.99
11236,1236,236,2,84.99
11237,1237,237,3,85.99
11238,1238,238,4,86.99
11239,1239,239,5,87.99
11240,1240,240,1,88.99
11241,1241,241,2,89.99
11242,1242,242,3,90.99
11243,1243,243,4,91.99
11244,1244,244,5,92.99
11245,1245,245,1,93.99
11246,1246,246,2,94.99
11247,1247,247,3,95.99
11248,1248,248,4,96.99
11249,1249,249,5,97.99
11250,1250,250,1,98.99
11251,1251,251,2,9.99
11252,1252,252,3,10.99
11253,1253,253,4,11.99
11254,1254,254,5,12.99
11255,1255,255,1,13.99
11256,1256,256,2,14.99
11257,1257,257,3,15.99
11258,1258,258,4,16.99
11259,1259,259,5,17.99
11260,1260,260,1,18.99
11261,1261,261,2,19.99
11262,1262,262,3,20.99
11263,1263,263,4,21.99
11264,1264,264,5,22.99
11265,1265,265,1,23.99
11266,1266,266,2,24.99
11267,1267,267,3,25.99
11268,1268,268,4,26.99
11269,1269,269,5,27.99
11270,1270,270,1,28.99
11271,1271,271,2,29.99
11272,1272,272,3,30.99
11273,1273,273,4,31.99
11274,1274,274,5,32.99
11275,1275,275,1,33.99
11276,1276,276,2,34.99
11277,1277,277,3,35.99
11278,1278,278,4,36.99
11279,1279,279,5,37.99
11280,1280,280,1,38.99
11281,1281,281,2,39.99
11282,1282,282,3,40.99
11283,1283,283,4,41.99
11284,1284,284,5,42.99
11285,1285,285,1,43.99
11286,1286,286,2,44.99
11287,1287,287,3,45.99
11288,1288,288,4,46.99
11289,1289,289,5,47.99
11290,1290,290,1,48.99
11291,1291,291,2,49.99
11292,1292,292,3,50.99
11293,1293,293,4,51.99
11294,1294,294,5,52.99
11295,1295,295,1,53.99
11296,1296,296,2,54.99
11297,1297,297,3,55.99
11298,1298,298,4,56.99
11299,1299,299,5,57.99
11300,1300,300,1,58.99
11301,1301,301,2,59.99
11302,1302,302,3,60.99
11303,1303,303,4,61.99
11304,1304,304,5,62.99
11305,1305,305,1,63.99
11306,1306,306,2,64.99
11307,1307,307,3,65.99
11308,1308,308,4,66.99
11309,1309,309,5,67.99
11310,1310,310,1,68.99
11311,1311,311,2,69.99
11312,1312,312,3,70.99
11313,1313,313,4,71.99
11314,1314,314,5,72.99
11315,1315,315,1,73.99
11316,1316,316,2,74.99
11317,1317,317,3,75.99
11318,1318,318,4,76.99
11319,1319,319,5,77.99
11320,1320,320,1,78.99
11321,1321,321,2,79.99
11322,1322,322,3,80.99
11323,1323,323,4,81.99
11324,1324,324,5,82.99
11325,1325,325,1,83.99
11326,1326,326,2,84.99
11327,1327,327,3,85.99
11328,1328,328,4,86.99
11329,1329,329,5,87.99
11330,1330,330,1,88.99
11331,1331,331,2,89.99
11332,1332,332,3,90.99
11333,1333,333,4,91.99
11334,1334,334,5,92.99
11335,1335,335,1,93.99
11336,1336,336,2,94.99
11337,1337,337,3,95.99
11338,1338,338,4,96.99
11339,1339,339,5,97.99
11340,1340,340,1,98.99
11341,1341,341,2,9.99
11342,1342,342,3,10.99
11343,1343,343,4,11.99
11344,1344,344,5,12.99
11345,1345,345,1,13.99
11346,1346,346,2,14.99
11347,1347,347,3,15.99
11348,1348,348,4,16.99
11349,1349,349,5,17.99
11350,1350,350,1,18.99
11351,1351,351,2,19.99
11352,1352,352,3,20.99
11353,1353,353,4,21.99
11354,1354,354,5,22.99
11355,1355,355,1,23.99
11356,1356,356,2,24.99
11357,1357,357,3,25.99
11358,1358,358,4,26.99
11359,1359,359,5,27.99
11360,1360,360,1,28.99
11361,1361,361,2,29.99
11362,1362,362,3,30.99
11363,1363,363,4,31.99
11364,1364,364,5,32.99
11365,1365,365,1,33.99
11366,1366,366,2,34.99
11367,1367,367,3,35.99
11368,1368,368,4,36.99
11369,1369,369,5,37.99
11370,1370,370,1,38.99
11371,1371,371,2,39.99
11372,1372,372,3,40.99
11373,1373,373,4,41.99
11374,1374,374,5,42.99
11375,1375,375,1,43.99
11376,1376,376,2,44.99
11377,1377,377,3,45.99
11378,1378,378,4,46.99
11379,1379,379,5,47.99
11380,1380,380,1,48.99
11381,1381,381,2,49.99
11382,1382,382,3,50.99
11383,1383,383,4,51.99
11384,1384,384,5,52.99
11385,1385,385,1,53.99
11386,1386,386,2,54.99
11387,1387,387,3,55.99
11388,1388,388,4,56.99
11389,1389,389,5,57.99
11390,1390,390,1,58.99
11391,1391,391,2,59.99
11392,1392,392,3,60.99
11393,1393,393,4,61.99
11394,1394,394,5,62.99
11395,1395,395,1,63.99
11396,1396,396,2,64.99
11397,1397,397,3,65.99
11398,1398,398,4,66.99
11399,1399,399,5,67.99
11400,1400,400,1,68.99
11401,1401,401,2,69.99
11402,1402,402,3,70.99
11403,1403,403,4,71.99
11404,1404,404,5,72.99
11405,1405,405,1,73.99
11406,1406,406,2,74.99
11407,1407,407,3,75.99
11408,1408,408,4,76.99
11409,1409,409,5,77.99
11410,1410,410,1,78.99
11411,1411,411,2,79.99
11412,1412,412,3,80.99
11413,1413,413,4,81.99
11414,1414,414,5,82.99
11415,1415,415,1,83.99
11416,1416,416,2,84.99
11417,1417,417,3,85.99
11418,1418,418,4,86.99
11419,1419,419,5,87.99
11420,1420,420,1,88.99
11421,1421,421,2,89.99
11422,1422,422,3,90.99
11423,1423,423,4,91.99
11424,1424,424,5,92.99
11425,1425,425,1,93.99
11426,1426,426,2,94.99
11427,1427,427,3,95.99
11428,1428,428,4,96.99
11429,1429,429,5,97.99
11430,1430,430,1,98.99
11431,1431,431,2,9.99
11432,1432,432,3,10.99
11433,1433,433,4,11.99
11434,1434,434,5,12.99
11435,1435,435,1,13.99
11436,1436,436,2,14.99
11437,1437,437,3,15.99
11438,1438,438,4,16.99
11439,1439,439,5,17.99
11440,1440,440,1,18.99
11441,1441,441,2,19.99
11442,1442,442,3,20.99
11443,1443,443,4,21.99
11444,1444,444,5,22.99
11445,1445,445,1,23.99
11446,1446,446,2,24.99
11447,1447,447,3,25.99
11448,1448,448,4,26.99
11449,1449,449,5,27.99
11450,1450,450,1,28.99
11451,1451,451,2,29.99
11452,1452,452,3,30.99
11453,1453,453,4,31.99
11454,1454,454,5,32.99
11455,1455,455,1,33.99
11456,1456,456,2,34.99
11457,1457,457,3,35.99
11458,1458,458,4,36.99
11459,1459,459,5,37.99
11460,1460,460,1,38.99
11461,1461,461,2,39.99
11462,1462,462,3,40.99
11463,1463,463,4,41.99
11464,1464,464,5,42.99
11465,1465,465,1,43.99
11466,1466,466,2,44.99
11467,1467,467,3,45.99
11468,1468,468,4,46.99
11469,1469,469,5,47.99
11470,1470,470,1,48.99
11471,1471,471,2,49.99
11472,1472,472,3,50.99
11473,1473,473,4,51.99
11474,1474,474,5,52.99
11475,1475,475,1,53.99
11476,1476,476,2,54.99
11477,1477,477,3,55.99
11478,1478,478,4,56.99
11479,1479,479,5,57.99
11480,1480,480,1,58.99
11481,1481,481,2,59.99
11482,1482,482,3,60.99
11483,1483,483,4,61.99
11484,1484,484,5,62.99
11485,1485,485,1,63.99
11486,1486,486,2,64.99
11487,1487,487,3,65.99
11488,1488,488,4,66.99
11489,1489,489,5,67.99
11490,1490,490,1,68.99
11491,1491,491,2,69.99
11492,1492,492,3,70.99
11493,1493,493,4,71.99
11494,1494,494,5,72.99
11495,1495,495,1,73.99
11496,1496,496,2,74.99
11497,1497,497,3,75.99
11498,1498,498,4,76.99
11499,1499,499,5,77.99
11500,1500,500,1,78.99
11501,1501,1,2,79.99
11502,1502,2,3,80.99
11503,1503,3,4,81.99
11504,1504,4,5,82.99
11505,1505,5,1,83.99
11506,1506,6,2,84.99
11507,1507,7,3,85.99
11508,1508,8,4,86.99
11509,1509,9,5,87.99
11510,1510,10,1,88.99
11511,1511,11,2,89.99
11512,1512,12,3,90.99
11513,1513,13,4,91.99
11514,1514,14,5,92.99
11515,1515,15,1,93.99
11516,1516,16,2,94.99
11517,1517,17,3,95.99
11518,1518,18,4,96.99
11519,1519,19,5,97.99
11520,1520,20,1,98.99
11521,1521,21,2,9.99
11522,1522,22,3,10.99
11523,1523,23,4,11.99
11524,1524,24,5,12.99
11525,1525,25,1,13.99
11526,1526,26,2,14.99
11527,1527,27,3,15.99
11528,1528,28,4,16.99
11529,1529,29,5,17.99
11530,1530,30,1,18.99
11531,1531,31,2,19.99
11532,1532,32,3,20.99
11533,1533,33,4,21.99
11534,1534,34,5,22.99
11535,1535,35,1,23.99
11536,1536,36,2,24.99
11537,1537,37,3,25.99
11538,1538,38,4,26.99
11539,1539,39,5,27.99
11540,1540,40,1,28.99
11541,1541,41,2,29.99
11542,1542,42,3,30.99
11543,1543,43,4,31.99
11544,1544,44,5,32.99
11545,1545,45,1,33.99
11546,1546,46,2,34.99
11547,1547,47,3,35.99
11548,1548,48,4,36.99
11549,1549,49,5,37.99
11550,1550,50,1,38.99
11551,1551,51,2,39.99
11552,1552,52,3,40.99
11553,1553,53,4,41.99
11554,1554,54,5,42.99
11555,1555,55,1,43.99
11556,1556,56,2,44.99
11557,1557,57,3,45.99
11558,1558,58,4,46.99
11559,1559,59,5,47.99
11560,1560,60,1,48.99
11561,1561,61,2,49.99
11562,1562,62,3,50.99
11563,1563,63,4,51.99
11564,1564,64,5,52.99
11565,1565,65,1,53.99
11566,1566,66,2,54.99
11567,1567,67,3,55.99
11568,1568,68,4,56.99
11569,1569,69,5,57.99
11570,1570,70,1,58.99
11571,1571,71,2,59.99
11572,1572,72,3,60.99
11573,1573,73,4,61.99
11574,1574,74,5,62.99
11575,1575,75,1,63.99
11576,1576,76,2,64.99
11577,1577,77,3,65.99
11578,1578,78,4,66.99
11579,1579,79,5,67.99
11580,1580,80,1,68.99
11581,1581,81,2,69.99
11582,1582,82,3,70.99
11583,1583,83,4,71.99
11584,1584,84,5,72.99
11585,1585,85,1,73.99
11586,1586,86,2,74.99
11587,1587,87,3,75.99
11588,1588,88,4,76.99
11589,1589,89,5,77.99
11590,1590,90,1,78.99
11591,1591,91,2,79.99
11592,1592,92,3,80.99
11593,1593,93,4,81.99
11594,1594,94,5,82.99
11595,1595,95,1,83.99
11596,1596,96,2,84.99
11597,1597,97,3,85.99
11598,1598,98,4,86.99
11599,1599,99,5,87.99
11600,1600,100,1,88.99
11601,1601,101,2,89.99
11602,1602,102,3,90.99
11603,1603,103,4,91.99
11604,1604,104,5,92.99
11605,1605,105,1,93.99
11606,1606,106,2,94.99
11607,1607,107,3,95.99
11608,1608,108,4,96.99
11609,1609,109,5,97.99
11610,1610,110,1,98.99
11611,1611,111,2,9.99
11612,1612,112,3,10.99
11613,1613,113,4,11.99
11614,1614,114,5,12.99
11615,1615,115,1,13.99
11616,1616,116,2,14.99
11617,1617,117,3,15.99
11618,1618,118,4,16.99
11619,1619,119,5,17.99
11620,1620,120,1,18.99
11621,1621,121,2,19.99
11622,1622,122,3,20.99
11623,1623,123,4,21.99
11624,1624,124,5,22.99
11625,1625,125,1,23.99
11626,1626,126,2,24.99
11627,1627,127,3,25.99
11628,1628,128,4,26.99
11629,1629,129,5,27.99
11630,1630,130,1,28.99
11631,1631,131,2,29.99
11632,1632,132,3,30.99
11633,1633,133,4,31.99
11634,1634,134,5,32.99
11635,1635,135,1,33.99
11636,1636,136,2,34.99
11637,1637,137,3,35.99
11638,1638,138,4,36.99
11639,1639,139,5,37.99
11640,1640,140,1,38.99
11641,1641,141,2,39.99
11642,1642,142,3,40.99
11643,1643,143,4,41.99
11644,1644,144,5,42.99
11645,1645,145,1,43.99
11646,1646,146,2,44.99
11647,1647,147,3,45.99
11648,1648,148,4,46.99
11649,1649,149,5,47.99
11650,1650,150,1,48.99
11651,1651,151,2,49.99
11652,1652,152,3,50.99
11653,1653,153,4,51.99
11654,1654,154,5,52.99
11655,1655,155,1,53.99
11656,1656,156,2,54.99
11657,1657,157,3,55.99
11658,1658,158,4,56.99
11659,1659,159,5,57.99
11660,1660,160,1,58.99
11661,1661,161,2,59.99
11662,1662,162,3,60.99
11663,1663,163,4,61.99
11664,1664,164,5,62.99
11665,1665,165,1,63.99
11666,1666,166,2,64.99
11667,1667,167,3,65.99
11668,1668,168,4,66.99
11669,1669,169,5,67.99
11670,1670,170,1,68.99
11671,1671,171,2,69.99
11672,1672,172,3,70.99
11673,1673,173,4,71.99
11674,1674,174,5,72.99
11675,1675,175,1,73.99
11676,1676,176,2,74.99
11677,1677,177,3,75.99
11678,1678,178,4,76.99
11679,1679,179,5,77.99
11680,1680,180,1,78.99
11681,1681,181,2,79.99
11682,1682,182,3,80.99
11683,1683,183,4,81.99
11684,1684,184,5,82.99
11685,1685,185,1,83.99
11686,1686,186,2,84.99
11687,1687,187,3,85.99
11688,1688,188,4,86.99
11689,1689,189,5,87.99
11690,1690,190,1,88.99
11691,1691,191,2,89.99
11692,1692,192,3,90.99
11693,1693,193,4,91.99
11694,1694,194,5,92.99
11695,1695,195,1,93.99
11696,1696,196,2,94.99
11697,1697,197,3,95.99
11698,1698,198,4,96.99
11699,1699,199,5,97.99
11700,1700,200,1,98.99
11701,1701,201,2,9.99
11702,1702,202,3,10.99
11703,1703,203,4,11.99
11704,1704,204,5,12.99
11705,1705,205,1,13.99
11706,1706,206,2,14.99
11707,1707,207,3,15.99
11708,1708,208,4,16.99
11709,1709,209,5,17.99
11710,1710,210,1,18.99
11711,1711,211,2,19.99
11712,1712,212,3,20.99
11713,1713,213,4,21.99
11714,1714,214,5,22.99
11715,1715,215,1,23.99
11716,1716,216,2,24.99
11717,1717,217,3,25.99
11718,1718,218,4,26.99
11719,1719,219,5,27.99
11720,1720,220,1,28.99
11721,1721,221,2,29.99
11722,1722,222,3,30.99
11723,1723,223,4,31.99
11724,1724,224,5,32.99
11725,1725,225,1,33.99
11726,1726,226,2,34.99
11727,1727,227,3,35.99
11728,1728,228,4,36.99
11729,1729,229,5,37.99
11730,1730,230,1,38.99
11731,1731,231,2,39.99
11732,1732,232,3,40.99
11733,1733,233,4,41.99
11734,1734,234,5,42.99
11735,1735,235,1,43.99
11736,1736,236,2,44.99
11737,1737,237,3,45.99
11738,1738,238,4,46.99
11739,1739,239,5,47.99
11740,1740,240,1,48.99
11741,1741,241,2,49.99
11742,1742,242,3,50.99
11743,1743,243,4,51.99
11744,1744,244,5,52.99
11745,1745,245,1,53.99
11746,1746,246,2,54.99
11747,1747,247,3,55.99
11748,1748,248,4,56.99
11749,1749,249,5,57.99
11750,1750,250,1,58.99
11751,1751,251,2,59.99
11752,1752,252,3,60.99
11753,1753,253,4,61.99
11754,1754,254,5,62.99
11755,1755,255,1,63.99
11756,1756,256,2,64.99
11757,1757,257,3,65.99
11758,1758,258,4,66.99
11759,1759,259,5,67.99
11760,1760,260,1,68.99
11761,1761,261,2,69.99
11762,1762,262,3,70.99
11763,1763,263,4,71.99
11764,1764,264,5,72.99
11765,1765,265,1,73.99
11766,1766,266,2,74.99
11767,1767,267,3,75.99
11768,1768,268,4,76.99
11769,1769,269,5,77.99
11770,1770,270,1,78.99
11771,1771,271,2,79.99
11772,1772,272,3,80.99
11773,1773,273,4,81.99
11774,1774,274,5,82.99
11775,1775,275,1,83.99
11776,1776,276,2,84.99
11777,1777,277,3,85.99
11778,1778,278,4,86.99
11779,1779,279,5,87.99
11780,1780,280,1,88.99
11781,1781,281,2,89.99
11782,1782,282,3,90.99
11783,1783,283,4,91.99
11784,1784,284,5,92.99
11785,1785,285,1,93.99
11786,1786,286,2,94.99
11787,1787,287,3,95.99
11788,1788,288,4,96.99
11789,1789,289,5,97.99
11790,1790,290,1,98.99
11791,1791,291,2,9.99
11792,1792,292,3,10.99
11793,1793,293,4,11.99
11794,1794,294,5,12.99
11795,1795,295,1,13.99
11796,1796,296,2,14.99
11797,1797,297,3,15.99
11798,1798,298,4,16.99
11799,1799,299,5,17.99
11800,1800,300,1,18.99
11801,1801,301,2,19.99
11802,1802,302,3,20.99
11803,1803,303,4,21.99
11804,1804,304,5,22.99
11805,1805,305,1,23.99
11806,1806,306,2,24.99
11807,1807,307,3,25.99
11808,1808,308,4,26.99
11809,1809,309,5,27.99
11810,1810,310,1,28.99
11811,1811,311,2,29.99
11812,1812,312,3,30.99
11813,1813,313,4,31.99
11814,1814,314,5,32.99
11815,1815,315,1,33.99
11816,1816,316,2,34.99
11817,1817,317,3,35.99
11818,1818,318,4,36.99
11819,1819,319,5,37.99
11820,1820,320,1,38.99
11821,1821,321,2,39.99
11822,1822,322,3,40.99
11823,1823,323,4,41.99
11824,1824,324,5,42.99
11825,1825,325,1,43.99
11826,1826,326,2,44.99
11827,1827,327,3,45.99
11828,1828,328,4,46.99
11829,1829,329,5,47.99
11830,1830,330,1,48.99
11831,1831,331,2,49.99
11832,1832,332,3,50.99
11833,1833,333,4,51.99
11834,1834,334,5,52.99
11835,1835,335,1,53.99
11836,1836,336,2,54.99
11837,1837,337,3,55.99
11838,1838,338,4,56.99
11839,1839,339,5,57.99
11840,1840,340,1,58.99
11841,1841,341,2,59.99
11842,1842,342,3,60.99
11843,1843,343,4,61.99
11844,1844,344,5,62.99
11845,1845,345,1,63.99
11846,1846,346,2,64.99
11847,1847,347,3,65.99
11848,1848,348,4,66.99
11849,1849,349,5,67.99
11850,1850,350,1,68.99
11851,1851,351,2,69.99
11852,1852,352,3,70.99
11853,1853,353,4,71.99
11854,1854,354,5,72.99
11855,1855,355,1,73.99
11856,1856,356,2,74.99
11857,1857,357,3,75.99
11858,1858,358,4,76.99
11859,1859,359,5,77.99
11860,1860,360,1,78.99
11861,1861,361,2,79.99
11862,1862,362,3,80.99
11863,1863,363,4,81.99
11864,1864,364,5,82.99
11865,1865,365,1,83.99
11866,1866,366,2,84.99
11867,1867,367,3,85.99
11868,1868,368,4,86.99
11869,1869,369,5,87.99
11870,1870,370,1,88.99
11871,1871,371,2,89.99
11872,1872,372,3,90.99
11873,1873,373,4,91.99
11874,1874,374,5,92.99
11875,1875,375,1,93.99
11876,1876,376,2,94.99
11877,1877,377,3,95.99
11878,1878,378,4,96.99
11879,1879,379,5,97.99
11880,1880,380,1,98.99
11881,1881,381,2,9.99
11882,1882,382,3,10.99
11883,1883,383,4,11.99
11884,1884,384,5,12.99
11885,1885,385,1,13.99
11886,1886,386,2,14.99
11887,1887,387,3,15.99
11888,1888,388,4,16.99
11889,1889,389,5,17.99
11890,1890,390,1,18.99
11891,1891,391,2,19.99
11892,1892,392,3,20.99
11893,1893,393,4,21.99
11894,1894,394,5,22.99
11895,1895,395,1,23.99
11896,1896,396,2,24.99
11897,1897,397,3,25.99
11898,1898,398,4,26.99
11899,1899,399,5,27.99
11900,1900,400,1,28.99
11901,1901,401,2,29.99
11902,1902,402,3,30.99
11903,1903,403,4,31.99
11904,1904,404,5,32.99
11905,1905,405,1,33.99
11906,1906,406,2,34.99
11907,1907,407,3,35.99
11908,1908,408,4,36.99
11909,1909,409,5,37.99
11910,1910,410,1,38.99
11911,1911,411,2,39.99
11912,1912,412,3,40.99
11913,1913,413,4,41.99
11914,1914,414,5,42.99
11915,1915,415,1,43.99
11916,1916,416,2,44.99
11917,1917,417,3,45.99
11918,1918,418,4,46.99
11919,1919,419,5,47.99
11920,1920,420,1,48.99
11921,1921,421,2,49.99
11922,1922,422,3,50.99
11923,1923,423,4,51.99
11924,1924,424,5,52.99
11925,1925,425,1,53.99
11926,1926,426,2,54.99
11927,1927,427,3,55.99
11928,1928,428,4,56.99
11929,1929,429,5,57.99
11930,1930,430,1,58.99
11931,1931,431,2,59.99
11932,1932,432,3,60.99
11933,1933,433,4,61.99
11934,1934,434,5,62.99
11935,1935,435,1,63.99
11936,1936,436,2,64.99
11937,1937,437,3,65.99
11938,1938,438,4,66.99
11939,1939,439,5,67.99
11940,1940,440,1,68.99
11941,1941,441,2,69.99
11942,1942,442,3,70.99
11943,1943,443,4,71.99
11944,1944,444,5,72.99
11945,1945,445,1,73.99
11946,1946,446,2,74.99
11947,1947,447,3,75.99
11948,1948,448,4,76.99
11949,1949,449,5,77.99
11950,1950,450,1,78.99
11951,1951,451,2,79.99
11952,1952,452,3,80.99
11953,1953,453,4,81.99
11954,1954,454,5,82.99
11955,1955,455,1,83.99
11956,1956,456,2,84.99
11957,1957,457,3,85.99
11958,1958,458,4,86.99
11959,1959,459,5,87.99
11960,1960,460,1,88.99
11961,1961,461,2,89.99
11962,1962,462,3,90.99
11963,1963,463,4,91.99
11964,1964,464,5,92.99
11965,1965,465,1,93.99
11966,1966,466,2,94.99
11967,1967,467,3,95.99
11968,1968,468,4,96.99
11969,1969,469,5,97.99
11970,1970,470,1,98.99
11971,1971,471,2,9.99
11972,1972,472,3,10.99
11973,1973,473,4,11.99
11974,1974,474,5,12.99
11975,1975,475,1,13.99
11976,1976,476,2,14.99
11977,1977,477,3,15.99
11978,1978,478,4,16.99
11979,1979,479,5,17.99
11980,1980,480,1,18.99
11981,1981,481,2,19.99
11982,1982,482,3,20.99
11983,1983,483,4,21.99
11984,1984,484,5,22.99
11985,1985,485,1,23.99
11986,1986,486,2,24.99
11987,1987,487,3,25.99
11988,1988,488,4,26.99
11989,1989,489,5,27.99
11990,1990,490,1,28.99
11991,1991,491,2,29.99
11992,1992,492,3,30.99
11993,1993,493,4,31.99
11994,1994,494,5,32.99
11995,1995,495,1,33.99
11996,1996,496,2,34.99
11997,1997,497,3,35.99
11998,1998,498,4,36.99
11999,1999,499,5,37.99
12000,2000,500,1,38.99
12001,2001,1,2,39.99
12002,2002,2,3,40.99
12003,2003,3,4,41.99
12004,2004,4,5,42.99
12005,2005,5,1,43.99
12006,2006,6,2,44.99
12007,2007,7,3,45.99
12008,2008,8,4,46.99
12009,2009,9,5,47.99
12010,2010,10,1,48.99
12011,2011,11,2,49.99
12012,2012,12,3,50.99
12013,2013,13,4,51.99
12014,2014,14,5,52.99
12015,2015,15,1,53.99
12016,2016,16,2,54.99
12017,2017,17,3,55.99
12018,2018,18,4,56.99
12019,2019,19,5,57.99
12020,2020,20,1,58.99
12021,2021,21,2,59.99
12022,2022,22,3,60.99
12023,2023,23,4,61.99
12024,2024,24,5,62.99
12025,2025,25,1,63.99
12026,2026,26,2,64.99
12027,2027,27,3,65.99
12028,2028,28,4,66.99
12029,2029,29,5,67.99
12030,2030,30,1,68.99
12031,2031,31,2,69.99
12032,2032,32,3,70.99
12033,2033,33,4,71.99
12034,2034,34,5,72.99
12035,2035,35,1,73.99
12036,2036,36,2,74.99
12037,2037,37,3,75.99
12038,2038,38,4,76.99
12039,2039,39,5,77.99
12040,2040,40,1,78.99
12041,2041,41,2,79.99
12042,2042,42,3,80.99
12043,2043,43,4,81.99
12044,2044,44,5,82.99
12045,2045,45,1,83.99
12046,2046,46,2,84.99
12047,2047,47,3,85.99
12048,2048,48,4,86.99
12049,2049,49,5,87.99
12050,2050,50,1,88.99
12051,2051,51,2,89.99
12052,2052,52,3,90.99
12053,2053,53,4,91.99
12054,2054,54,5,92.99
12055,2055,55,1,93.99
12056,2056,56,2,94.99
12057,2057,57,3,95.99
12058,2058,58,4,96.99
12059,2059,59,5,97.99
12060,2060,60,1,98.99
12061,2061,61,2,9.99
12062,2062,62,3,10.99
12063,2063,63,4,11.99
12064,2064,64,5,12.99
12065,2065,65,1,13.99
12066,2066,66,2,14.99
12067,2067,67,3,15.99
12068,2068,68,4,16.99
12069,2069,69,5,17.99
12070,2070,70,1,18.99
12071,2071,71,2,19.99
12072,2072,72,3,20.99
12073,2073,73,4,21.99
12074,2074,74,5,22.99
12075,2075,75,1,23.99
12076,2076,76,2,24.99
12077,2077,77,3,25.99
12078,2078,78,4,26.99
12079,2079,79,5,27.99
12080,2080,80,1,28.99
12081,2081,81,2,29.99
12082,2082,82,3,30.99
12083,2083,83,4,31.99
12084,2084,84,5,32.99
12085,2085,85,1,33.99
12086,2086,86,2,34.99
12087,2087,87,3,35.99
12088,2088,88,4,36.99
12089,2089,89,5,37.99
12090,2090,90,1,38.99
12091,2091,91,2,39.99
12092,2092,92,3,40.99
12093,2093,93,4,41.99
12094,2094,94,5,42.99
12095,2095,95,1,43.99
12096,2096,96,2,44.99
12097,2097,97,3,45.99
12098,2098,98,4,46.99
12099,2099,99,5,47.99
12100,2100,100,1,48.99
12101,2101,101,2,49.99
12102,2102,102,3,50.99
12103,2103,103,4,51.99
12104,2104,104,5,52.99
12105,2105,105,1,53.99
12106,2106,106,2,54.99
12107,2107,107,3,55.99
12108,2108,108,4,56.99
12109,2109,109,5,57.99
12110,2110,110,1,58.99
12111,2111,111,2,59.99
12112,2112,112,3,60.99
12113,2113,113,4,61.99
12114,2114,114,5,62.99
12115,2115,115,1,63.99
12116,2116,116,2,64.99
12117,2117,117,3,65.99
12118,2118,118,4,66.99
12119,2119,119,5,67.99
12120,2120,120,1,68.99
12121,2121,121,2,69.99
12122,2122,122,3,70.99
12123,2123,123,4,71.99
12124,2124,124,5,72.99
12125,2125,125,1,73.99
12126,2126,126,2,74.99
12127,2127,127,3,75.99
12128,2128,128,4,76.99
12129,2129,129,5,77.99
12130,2130,130,1,78.99
12131,2131,131,2,79.99
12132,2132,132,3,80.99
12133,2133,133,4,81.99
12134,2134,134,5,82.99
12135,2135,135,1,83.99
12136,2136,136,2,84.99
12137,2137,137,3,85.99
12138,2138,138,4,86.99
12139,2139,139,5,87.99
12140,2140,140,1,88.99
12141,2141,141,2,89.99
12142,2142,142,3,90.99
12143,2143,143,4,91.99
12144,2144,144,5,92.99
12145,2145,145,1,93.99
12146,2146,146,2,94.99
12147,2147,147,3,95.99
12148,2148,148,4,96.99
12149,2149,149,5,97.99
12150,2150,150,1,98.99
12151,2151,151,2,9.99
12152,2152,152,3,10.99
12153,2153,153,4,11.99
12154,2154,154,5,12.99
12155,2155,155,1,13.99
12156,2156,156,2,14.99
12157,2157,157,3,15.99
12158,2158,158,4,16.99
12159,2159,159,5,17.99
12160,2160,160,1,18.99
12161,2161,161,2,19.99
12162,2162,162,3,20.99
12163,2163,163,4,21.99
12164,2164,164,5,22.99
12165,2165,165,1,23.99
12166,2166,166,2,24.99
12167,2167,167,3,25.99
12168,2168,168,4,26.99
12169,2169,169,5,27.99
12170,2170,170,1,28.99
12171,2171,171,2,29.99
12172,2172,172,3,30.99
12173,2173,173,4,31.99
12174,2174,174,5,32.99
12175,2175,175,1,33.99
12176,2176,176,2,34.99
12177,2177,177,3,35.99
12178,2178,178,4,36.99
12179,2179,179,5,37.99
12180,2180,180,1,38.99
12181,2181,181,2,39.99
12182,2182,182,3,40.99
12183,2183,183,4,41.99
12184,2184,184,5,42.99
12185,2185,185,1,43.99
12186,2186,186,2,44.99
12187,2187,187,3,45.99
12188,2188,188,4,46.99
12189,2189,189,5,47.99
12190,2190,190,1,48.99
12191,2191,191,2,49.99
12192,2192,192,3,50.99
12193,2193,193,4,51.99
12194,2194,194,5,52.99
12195,2195,195,1,53.99
12196,2196,196,2,54.99
12197,2197,197,3,55.99
12198,2198,198,4,56.99
12199,2199,199,5,57.99
12200,2200,200,1,58.99
12201,2201,201,2,59.99
12202,2202,202,3,60.99
12203,2203,203,4,61.99
12204,2204,204,5,62.99
12205,2205,205,1,63.99
12206,2206,206,2,64.99
12207,2207,207,3,65.99
12208,2208,208,4,66.99
12209,2209,209,5,67.99
12210,2210,210,1,68.99
12211,2211,211,2,69.99
12212,2212,212,3,70.99
12213,2213,213,4,71.99
12214,2214,214,5,72.99
12215,2215,215,1,73.99
12216,2216,216,2,74.99
12217,2217,217,3,75.99
12218,2218,218,4,76.99
12219,2219,219,5,77.99
12220,2220,220,1,78.99
12221,2221,221,2,79.99
12222,2222,222,3,80.99
12223,2223,223,4,81.99
12224,2224,224,5,82.99
12225,2225,225,1,83.99
12226,2226,226,2,84.99
12227,2227,227,3,85.99
12228,2228,228,4,86.99
12229,2229,229,5,87.99
12230,2230,230,1,88.99
12231,2231,231,2,89.99
12232,2232,232,3,90.99
12233,2233,233,4,91.99
12234,2234,234,5,92.99
12235,2235,235,1,93.99
12236,2236,236,2,94.99
12237,2237,237,3,95.99
12238,2238,238,4,96.99
12239,2239,239,5,97.99
12240,2240,240,1,98.99
12241,2241,241,2,9.99
12242,2242,242,3,10.99
12243,2243,243,4,11.99
12244,2244,244,5,12.99
12245,2245,245,1,13.99
12246,2246,246,2,14.99
12247,2247,247,3,15.99
12248,2248,248,4,16.99
12249,2249,249,5,17.99
12250,2250,250,1,18.99
12251,2251,251,2,19.99
12252,2252,252,3,20.99
12253,2253,253,4,21.99
12254,2254,254,5,22.99
12255,2255,255,1,23.99
12256,2256,256,2,24.99
12257,2257,257,3,25.99
12258,2258,258,4,26.99
12259,2259,259,5,27.99
12260,2260,260,1,28.99
12261,2261,261,2,29.99
12262,2262,262,3,30.99
12263,2263,263,4,31.99
12264,2264,264,5,32.99
12265,2265,265,1,33.99
12266,2266,266,2,34.99
12267,2267,267,3,35.99
12268,2268,268,4,36.99
12269,2269,269,5,37.99
12270,2270,270,1,38.99
12271,2271,271,2,39.99
12272,2272,272,3,40.99
12273,2273,273,4,41.99
12274,2274,274,5,42.99
12275,2275,275,1,43.99
12276,2276,276,2,44.99
12277,2277,277,3,45.99
12278,2278,278,4,46.99
12279,2279,279,5,47.99
12280,2280,280,1,48.99
12281,2281,281,2,49.99
12282,2282,282,3,50.99
12283,2283,283,4,51.99
12284,2284,284,5,52.99
12285,2285,285,1,53.99
12286,2286,286,2,54.99
12287,2287,287,3,55.99
12288,2288,288,4,56.99
12289,2289,289,5,57.99
12290,2290,290,1,58.99
12291,2291,291,2,59.99
12292,2292,292,3,60.99
12293,2293,293,4,61.99
12294,2294,294,5,62.99
12295,2295,295,1,63.99
12296,2296,296,2,64.99
12297,2297,297,3,65.99
12298,2298,298,4,66.99
12299,2299,299,5,67.99
12300,2300,300,1,68.99
12301,2301,301,2,69.99
12302,2302,302,3,70.99
12303,2303,303,4,71.99
12304,2304,304,5,72.99
12305,2305,305,1,73.99
12306,2306,306,2,74.99
12307,2307,307,3,75.99
12308,2308,308,4,76.99
12309,2309,309,5,77.99
12310,2310,310,1,78.99
12311,2311,311,2,79.99
12312,2312,312,3,80.99
12313,2313,313,4,81.99
12314,2314,314,5,82.99
12315,2315,315,1,83.99
12316,2316,316,2,84.99
12317,2317,317,3,85.99
12318,2318,318,4,86.99
12319,2319,319,5,87.99
12320,2320,320,1,88.99
12321,2321,321,2,89.99
12322,2322,322,3,90.99
12323,2323,323,4,91.99
12324,2324,324,5,92.99
12325,2325,325,1,93.99
12326,2326,326,2,94.99
12327,2327,327,3,95.99
12328,2328,328,4,96.99
12329,2329,329,5,97.99
12330,2330,330,1,98.99
12331,2331,331,2,9.99
12332,2332,332,3,10.99
12333,2333,333,4,11.99
12334,2334,334,5,12.99
12335,2335,335,1,13.99
12336,2336,336,2,14.99
12337,2337,337,3,15.99
12338,2338,338,4,16.99
12339,2339,339,5,17.99
12340,2340,340,1,18.99
12341,2341,341,2,19.99
12342,2342,342,3,20.99
12343,2343,343,4,21.99
12344,2344,344,5,22.99
12345,2345,345,1,23.99
12346,2346,346,2,24.99
12347,2347,347,3,25.99
12348,2348,348,4,26.99
12349,2349,349,5,27.99
12350,2350,350,1,28.99
12351,2351,351,2,29.99
12352,2352,352,3,30.99
12353,2353,353,4,31.99
12354,2354,354,5,32.99
12355,2355,355,1,33.99
12356,2356,356,2,34.99
12357,2357,357,3,35.99
12358,2358,358,4,36.99
12359,2359,359,5,37.99
12360,2360,360,1,38.99
12361,2361,361,2,39.99
12362,2362,362,3,40.99
12363,2363,363,4,41.99
12364,2364,364,5,42.99
12365,2365,365,1,43.99
12366,2366,366,2,44.99
12367,2367,367,3,45.99
12368,2368,368,4,46.99
12369,2369,369,5,47.99
12370,2370,370,1,48.99
12371,2371,371,2,49.99
12372,2372,372,3,50.99
12373,2373,373,4,51.99
12374,2374,374,5,52.99
12375,2375,375,1,53.99
12376,2376,376,2,54.99
12377,2377,377,3,55.99
12378,2378,378,4,56.99
12379,2379,379,5,57.99
12380,2380,380,1,58.99
12381,2381,381,2,59.99
12382,2382,382,3,60.99
12383,2383,383,4,61.99
12384,2384,384,5,62.99
12385,2385,385,1,63.99
12386,2386,386,2,64.99
12387,2387,387,3,65.99
12388,2388,388,4,66.99
12389,2389,389,5,67.99
12390,2390,390,1,68.99
12391,2391,391,2,69.99
12392,2392,392,3,70.99
12393,2393,393,4,71.99
12394,2394,394,5,72.99
12395,2395,395,1,73.99
12396,2396,396,2,74.99
12397,2397,397,3,75.99
12398,2398,398,4,76.99
12399,2399,399,5,77.99
12400,2400,400,1,78.99
12401,2401,401,2,79.99
12402,2402,402,3,80.99
12403,2403,403,4,81.99
12404,2404,404,5,82.99
12405,2405,405,1,83.99
12406,2406,406,2,84.99
12407,2407,407,3,85.99
12408,2408,408,4,86.99
12409,2409,409,5,87.99
12410,2410,410,1,88.99
12411,2411,411,2,89.99
12412,2412,412,3,90.99
12413,2413,413,4,91.99
12414,2414,414,5,92.99
12415,2415,415,1,93.99
12416,2416,416,2,94.99
12417,2417,417,3,95.99
12418,2418,418,4,96.99
12419,2419,419,5,97.99
12420,2420,420,1,98.99
12421,2421,421,2,9.99
12422,2422,422,3,10.99
12423,2423,423,4,11.99
12424,2424,424,5,12.99
12425,2425,425,1,13.99
12426,2426,426,2,14.99
12427,2427,427,3,15.99
12428,2428,428,4,16.99
12429,2429,429,5,17.99
12430,2430,430,1,18.99
12431,2431,431,2,19.99
12432,2432,432,3,20.99
12433,2433,433,4,21.99
12434,2434,434,5,22.99
12435,2435,435,1,23.99
12436,2436,436,2,24.99
12437,2437,437,3,25.99
12438,2438,438,4,26.99
12439,2439,439,5,27.99
12440,2440,440,1,28.99
12441,2441,441,2,29.99
12442,2442,442,3,30.99
12443,2443,443,4,31.99
12444,2444,444,5,32.99
12445,2445,445,1,33.99
12446,2446,446,2,34.99
12447,2447,447,3,35.99
12448,2448,448,4,36.99
12449,2449,449,5,37.99
12450,2450,450,1,38.99
12451,2451,451,2,39.99
12452,2452,452,3,40.99
12453,2453,453,4,41.99
12454,2454,454,5,42.99
12455,2455,455,1,43.99
12456,2456,456,2,44.99
12457,2457,457,3,45.99
12458,2458,458,4,46.99
12459,2459,459,5,47.99
12460,2460,460,1,48.99
12461,2461,461,2,49.99
12462,2462,462,3,50.99
12463,2463,463,4,51.99
12464,2464,464,5,52.99
12465,2465,465,1,53.99
12466,2466,466,2,54.99
12467,2467,467,3,55.99
12468,2468,468,4,56.99
12469,2469,469,5,57.99
12470,2470,470,1,58.99
12471,2471,471,2,59.99
12472,2472,472,3,60.99
12473,2473,473,4,61.99
12474,2474,474,5,62.99
12475,2475,475,1,63.99
12476,2476,476,2,64.99
12477,2477,477,3,65.99
12478,2478,478,4,66.99
12479,2479,479,5,67.99
12480,2480,480,1,68.99
12481,2481,481,2,69.99
12482,2482,482,3,70.99
12483,2483,483,4,71.99
12484,2484,484,5,72.99
12485,2485,485,1,73.99
12486,2486,486,2,74.99
12487,2487,487,3,75.99
12488,2488,488,4,76.99
12489,2489,489,5,77.99
12490,2490,490,1,78.99
12491,2491,491,2,79.99
12492,2492,492,3,80.99
12493,2493,493,4,81.99
12494,2494,494,5,82.99
12495,2495,495,1,83.99
12496,2496,496,2,84.99
12497,2497,497,3,85.99
12498,2498,498,4,86.99
12499,2499,499,5,87.99
12500,2500,500,1,88.99
12501,2501,1,2,89.99
12502,2502,2,3,90.99
12503,2503,3,4,91.99
12504,2504,4,5,92.99
12505,2505,5,1,93.99
12506,2506,6,2,94.99
12507,2507,7,3,95.99
12508,2508,8,4,96.99
12509,2509,9,5,97.99
12510,2510,10,1,98.99
12511,2511,11,2,9.99
12512,2512,12,3,10.99
12513,2513,13,4,11.99
12514,2514,14,5,12.99
12515,2515,15,1,13.99
12516,2516,16,2,14.99
12517,2517,17,3,15.99
12518,2518,18,4,16.99
12519,2519,19,5,17.99
12520,2520,20,1,18.99
12521,2521,21,2,19.99
12522,2522,22,3,20.99
12523,2523,23,4,21.99
12524,2524,24,5,22.99
12525,2525,25,1,23.99
12526,2526,26,2,24.99
12527,2527,27,3,25.99
12528,2528,28,4,26.99
12529,2529,29,5,27.99
12530,2530,30,1,28.99
12531,2531,31,2,29.99
12532,2532,32,3,30.99
12533,2533,33,4,31.99
12534,2534,34,5,32.99
12535,2535,35,1,33.99
12536,2536,36,2,34.99
12537,2537,37,3,35.99
12538,2538,38,4,36.99
12539,2539,39,5,37.99
12540,2540,40,1,38.99
12541,2541,41,2,39.99
12542,2542,42,3,40.99
12543,2543,43,4,41.99
12544,2544,44,5,42.99
12545,2545,45,1,43.99
12546,2546,46,2,44.99
12547,2547,47,3,45.99
12548,2548,48,4,46.99
12549,2549,49,5,47.99
12550,2550,50,1,48.99
12551,2551,51,2,49.99
12552,2552,52,3,50.99
12553,2553,53,4,51.99
12554,2554,54,5,52.99
12555,2555,55,1,53.99
12556,2556,56,2,54.99
12557,2557,57,3,55.99
12558,2558,58,4,56.99
12559,2559,59,5,57.99
12560,2560,60,1,58.99
12561,2561,61,2,59.99
12562,2562,62,3,60.99
12563,2563,63,4,61.99
12564,2564,64,5,62.99
12565,2565,65,1,63.99
12566,2566,66,2,64.99
12567,2567,67,3,65.99
12568,2568,68,4,66.99
12569,2569,69,5,67.99
12570,2570,70,1,68.99
12571,2571,71,2,69.99
12572,2572,72,3,70.99
12573,2573,73,4,71.99
12574,2574,74,5,72.99
12575,2575,75,1,73.99
12576,2576,76,2,74.99
12577,2577,77,3,75.99
12578,2578,78,4,76.99
12579,2579,79,5,77.99
12580,2580,80,1,78.99
12581,2581,81,2,79.99
12582,2582,82,3,80.99
12583,2583,83,4,81.99
12584,2584,84,5,82.99
12585,2585,85,1,83.99
12586,2586,86,2,84.99
12587,2587,87,3,85.99
12588,2588,88,4,86.99
12589,2589,89,5,87.99
12590,2590,90,1,88.99
12591,2591,91,2,89.99
12592,2592,92,3,90.99
12593,2593,93,4,91.99
12594,2594,94,5,92.99
12595,2595,95,1,93.99
12596,2596,96,2,94.99
12597,2597,97,3,95.99
12598,2598,98,4,96.99
12599,2599,99,5,97.99
12600,2600,100,1,98.99
12601,2601,101,2,9.99
12602,2602,102,3,10.99
12603,2603,103,4,11.99
12604,2604,104,5,12.99
12605,2605,105,1,13.99
12606,2606,106,2,14.99
12607,2607,107,3,15.99
12608,2608,108,4,16.99
12609,2609,109,5,17.99
12610,2610,110,1,18.99
12611,2611,111,2,19.99
12612,2612,112,3,20.99
12613,2613,113,4,21.99
12614,2614,114,5,22.99
12615,2615,115,1,23.99
12616,2616,116,2,24.99
12617,2617,117,3,25.99
12618,2618,118,4,26.99
12619,2619,119,5,27.99
12620,2620,120,1,28.99
12621,2621,121,2,29.99
12622,2622,122,3,30.99
12623,2623,123,4,31.99
12624,2624,124,5,32.99
12625,2625,125,1,33.99
12626,2626,126,2,34.99
12627,2627,127,3,35.99
12628,2628,128,4,36.99
12629,2629,129,5,37.99
12630,2630,130,1,38.99
12631,2631,131,2,39.99
12632,2632,132,3,40.99
12633,2633,133,4,41.99
12634,2634,134,5,42.99
12635,2635,135,1,43.99
12636,2636,136,2,44.99
12637,2637,137,3,45.99
12638,2638,138,4,46.99
12639,2639,139,5,47.99
12640,2640,140,1,48.99
12641,2641,141,2,49.99
12642,2642,142,3,50.99
12643,2643,143,4,51.99
12644,2644,144,5,52.99
12645,2645,145,1,53.99
12646,2646,146,2,54.99
12647,2647,147,3,55.99
12648,2648,148,4,56.99
12649,2649,149,5,57.99
12650,2650,150,1,58.99
12651,2651,151,2,59.99
12652,2652,152,3,60.99
12653,2653,153,4,61.99
12654,2654,154,5,62.99
12655,2655,155,1,63.99
12656,2656,156,2,64.99
12657,2657,157,3,65.99
12658,2658,158,4,66.99
12659,2659,159,5,67.99
12660,2660,160,1,68.99
12661,2661,161,2,69.99
12662,2662,162,3,70.99
12663,2663,163,4,71.99
12664,2664,164,5,72.99
12665,2665,165,1,73.99
12666,2666,166,2,74.99
12667,2667,167,3,75.99
12668,2668,168,4,76.99
12669,2669,169,5,77.99
12670,2670,170,1,78.99
12671,2671,171,2,79.99
12672,2672,172,3,80.99
12673,2673,173,4,81.99
12674,2674,174,5,82.99
12675,2675,175,1,83.99
12676,2676,176,2,84.99
12677,2677,177,3,85.99
12678,2678,178,4,86.99
12679,2679,179,5,87.99
12680,2680,180,1,88.99
12681,2681,181,2,89.99
12682,2682,182,3,90.99
12683,2683,183,4,91.99
12684,2684,184,5,92.99
12685,2685,185,1,93.99
12686,2686,186,2,94.99
12687,2687,187,3,95.99
12688,2688,188,4,96.99
12689,2689,189,5,97.99
12690,2690,190,1,98.99
12691,2691,191,2,9.99
12692,2692,192,3,10.99
12693,2693,193,4,11.99
12694,2694,194,5,12.99
12695,2695,195,1,13.99
12696,2696,196,2,14.99
12697,2697,197,3,15.99
12698,2698,198,4,16.99
12699,2699,199,5,17.99
12700,2700,200,1,18.99
12701,2701,201,2,19.99
12702,2702,202,3,20.99
12703,2703,203,4,21.99
12704,2704,204,5,22.99
12705,2705,205,1,23.99
12706,2706,206,2,24.99
12707,2707,207,3,25.99
12708,2708,208,4,26.99
12709,2709,209,5,27.99
12710,2710,210,1,28.99
12711,2711,211,2,29.99
12712,2712,212,3,30.99
12713,2713,213,4,31.99
12714,2714,214,5,32.99
12715,2715,215,1,33.99
12716,2716,216,2,34.99
12717,2717,217,3,35.99
12718,2718,218,4,36.99
12719,2719,219,5,37.99
12720,2720,220,1,38.99
12721,2721,221,2,39.99
12722,2722,222,3,40.99
12723,2723,223,4,41.99
12724,2724,224,5,42.99
12725,2725,225,1,43.99
12726,2726,226,2,44.99
12727,2727,227,3,45.99
12728,2728,228,4,46.99
12729,2729,229,5,47.99
12730,2730,230,1,48.99
12731,2731,231,2,49.99
12732,2732,232,3,50.99
12733,2733,233,4,51.99
12734,2734,234,5,52.99
12735,2735,235,1,53.99
12736,2736,236,2,54.99
12737,2737,237,3,55.99
12738,2738,238,4,56.99
12739,2739,239,5,57.99
12740,2740,240,1,58.99
12741,2741,241,2,59.99
12742,2742,242,3,60.99
12743,2743,243,4,61.99
12744,2744,244,5,62.99
12745,2745,245,1,63.99
12746,2746,246,2,64.99
12747,2747,247,3,65.99
12748,2748,248,4,66.99
12749,2749,249,5,67.99
12750,2750,250,1,68.99
12751,2751,251,2,69.99
12752,2752,252,3,70.99
12753,2753,253,4,71.99
12754,2754,254,5,72.99
12755,2755,255,1,73.99
12756,2756,256,2,74.99
12757,2757,257,3,75.99
12758,2758,258,4,76.99
12759,2759,259,5,77.99
12760,2760,260,1,78.99
12761,2761,261,2,79.99
12762,2762,262,3,80.99
12763,2763,263,4,81.99
12764,2764,264,5,82.99
12765,2765,265,1,83.99
12766,2766,266,2,84.99
12767,2767,267,3,85.99
12768,2768,268,4,86.99
12769,2769,269,5,87.99
12770,2770,270,1,88.99
12771,2771,271,2,89.99
12772,2772,272,3,90.99
12773,2773,273,4,91.99
12774,2774,274,5,92.99
12775,2775,275,1,93.99
12776,2776,276,2,94.99
12777,2777,277,3,95.99
12778,2778,278,4,96.99
12779,2779,279,5,97.99
12780,2780,280,1,98.99
12781,2781,281,2,9.99
12782,2782,282,3,10.99
12783,2783,283,4,11.99
12784,2784,284,5,12.99
12785,2785,285,1,13.99
12786,2786,286,2,14.99
12787,2787,287,3,15.99
12788,2788,288,4,16.99
12789,2789,289,5,17.99
12790,2790,290,1,18.99
12791,2791,291,2,19.99
12792,2792,292,3,20.99
12793,2793,293,4,21.99
12794,2794,294,5,22.99
12795,2795,295,1,23.99
12796,2796,296,2,24.99
12797,2797,297,3,25.99
12798,2798,298,4,26.99
12799,2799,299,5,27.99
12800,2800,300,1,28.99
12801,2801,301,2,29.99
12802,2802,302,3,30.99
12803,2803,303,4,31.99
12804,2804,304,5,32.99
12805,2805,305,1,33.99
12806,2806,306,2,34.99
12807,2807,307,3,35.99
12808,2808,308,4,36.99
12809,2809,309,5,37.99
12810,2810,310,1,38.99
12811,2811,311,2,39.99
12812,2812,312,3,40.99
12813,2813,313,4,41.99
12814,2814,314,5,42.99
12815,2815,315,1,43.99
12816,2816,316,2,44.99
12817,2817,317,3,45.99
12818,2818,318,4,46.99
12819,2819,319,5,47.99
12820,2820,320,1,48.99
12821,2821,321,2,49.99
12822,2822,322,3,50.99
12823,2823,323,4,51.99
12824,2824,324,5,52.99
12825,2825,325,1,53.99
12826,2826,326,2,54.99
12827,2827,327,3,55.99
12828,2828,328,4,56.99
12829,2829,329,5,57.99
12830,2830,330,1,58.99
12831,2831,331,2,59.99
12832,2832,332,3,60.99
12833,2833,333,4,61.99
12834,2834,334,5,62.99
12835,2835,335,1,63.99
12836,2836,336,2,64.99
12837,2837,337,3,65.99
12838,2838,338,4,66.99
12839,2839,339,5,67.99
12840,2840,340,1,68.99
12841,2841,341,2,69.99
12842,2842,342,3,70.99
12843,2843,343,4,71.99
12844,2844,344,5,72.99
12845,2845,345,1,73.99
12846,2846,346,2,74.99
12847,2847,347,3,75.99
12848,2848,348,4,76.99
12849,2849,349,5,77.99
12850,2850,350,1,78.99
12851,2851,351,2,79.99
12852,2852,352,3,80.99
12853,2853,353,4,81.99
12854,2854,354,5,82.99
12855,2855,355,1,83.99
12856,2856,356,2,84.99
12857,2857,357,3,85.99
12858,2858,358,4,86.99
12859,2859,359,5,87.99
12860,2860,360,1,88.99
12861,2861,361,2,89.99
12862,2862,362,3,90.99
12863,2863,363,4,91.99
12864,2864,364,5,92.99
12865,2865,365,1,93.99
12866,2866,366,2,94.99
12867,2867,367,3,95.99
12868,2868,368,4,96.99
12869,2869,369,5,97.99
12870,2870,370,1,98.99
12871,2871,371,2,9.99
12872,2872,372,3,10.99
12873,2873,373,4,11.99
12874,2874,374,5,12.99
12875,2875,375,1,13.99
12876,2876,376,2,14.99
12877,2877,377,3,15.99
12878,2878,378,4,16.99
12879,2879,379,5,17.99
12880,2880,380,1,18.99
12881,2881,381,2,19.99
12882,2882,382,3,20.99
12883,2883,383,4,21.99
12884,2884,384,5,22.99
12885,2885,385,1,23.99
12886,2886,386,2,24.99
12887,2887,387,3,25.99
12888,2888,388,4,26.99
12889,2889,389,5,27.99
12890,2890,390,1,28.99
12891,2891,391,2,29.99
12892,2892,392,3,30.99
12893,2893,393,4,31.99
12894,2894,394,5,32.99
12895,2895,395,1,33.99
12896,2896,396,2,34.99
12897,2897,397,3,35.99
12898,2898,398,4,36.99
12899,2899,399,5,37.99
12900,2900,400,1,38.99
12901,2901,401,2,39.99
12902,2902,402,3,40.99
12903,2903,403,4,41.99
12904,2904,404,5,42.99
12905,2905,405,1,43.99
12906,2906,406,2,44.99
12907,2907,407,3,45.99
12908,2908,408,4,46.99
12909,2909,409,5,47.99
12910,2910,410,1,48.99
12911,2911,411,2,49.99
12912,2912,412,3,50.99
12913,2913,413,4,51.99
12914,2914,414,5,52.99
12915,2915,415,1,53.99
12916,2916,416,2,54.99
12917,2917,417,3,55.99
12918,2918,418,4,56.99
12919,2919,419,5,57.99
12920,2920,420,1,58.99
12921,2921,421,2,59.99
12922,2922,422,3,60.99
12923,2923,423,4,61.99
12924,2924,424,5,62.99
12925,2925,425,1,63.99
12926,2926,426,2,64.99
12927,2927,427,3,65.99
12928,2928,428,4,66.99
12929,2929,429,5,67.99
12930,2930,430,1,68.99
12931,2931,431,2,69.99
12932,2932,432,3,70.99
12933,2933,433,4,71.99
12934,2934,434,5,72.99
12935,2935,435,1,73.99
12936,2936,436,2,74.99
12937,2937,437,3,75.99
12938,2938,438,4,76.99
12939,2939,439,5,77.99
12940,2940,440,1,78.99
12941,2941,441,2,79.99
12942,2942,442,3,80.99
12943,2943,443,4,81.99
12944,2944,444,5,82.99
12945,2945,445,1,83.99
12946,2946,446,2,84.99
12947,2947,447,3,85.99
12948,2948,448,4,86.99
12949,2949,449,5,87.99
12950,2950,450,1,88.99
12951,2951,451,2,89.99
12952,2952,452,3,90.99
12953,2953,453,4,91.99
12954,2954,454,5,92.99
12955,2955,455,1,93.99
12956,2956,456,2,94.99
12957,2957,457,3,95.99
12958,2958,458,4,96.99
12959,2959,459,5,97.99
12960,2960,460,1,98.99
12961,2961,461,2,9.99
12962,2962,462,3,10.99
12963,2963,463,4,11.99
12964,2964,464,5,12.99
12965,2965,465,1,13.99
12966,2966,466,2,14.99
12967,2967,467,3,15.99
12968,2968,468,4,16.99
12969,2969,469,5,17.99
12970,2970,470,1,18.99
12971,2971,471,2,19.99
12972,2972,472,3,20.99
12973,2973,473,4,21.99
12974,2974,474,5,22.99
12975,2975,475,1,23.99
12976,2976,476,2,24.99
12977,2977,477,3,25.99
12978,2978,478,4,26.99
12979,2979,479,5,27.99
12980,2980,480,1,28.99
12981,2981,481,2,29.99
12982,2982,482,3,30.99
12983,2983,483,4,31.99
12984,2984,484,5,32.99
12985,2985,485,1,33.99
12986,2986,486,2,34.99
12987,2987,487,3,35.99
12988,2988,488,4,36.99
12989,2989,489,5,37.99
12990,2990,490,1,38.99
12991,2991,491,2,39.99
12992,2992,492,3,40.99
12993,2993,493,4,41.99
12994,2994,494,5,42.99
12995,2995,495,1,43.99
12996,2996,496,2,44.99
12997,2997,497,3,45.99
12998,2998,498,4,46.99
12999,2999,499,5,47.99
13000,3000,500,1,48.99
13001,3001,1,2,49.99
13002,3002,2,3,50.99
13003,3003,3,4,51.99
13004,3004,4,5,52.99
13005,3005,5,1,53.99
13006,3006,6,2,54.99
13007,3007,7,3,55.99
13008,3008,8,4,56.99
13009,3009,9,5,57.99
13010,3010,10,1,58.99
13011,3011,11,2,59.99
13012,3012,12,3,60.99
13013,3013,13,4,61.99
13014,3014,14,5,62.99
13015,3015,15,1,63.99
13016,3016,16,2,64.99
13017,3017,17,3,65.99
13018,3018,18,4,66.99
13019,3019,19,5,67.99
13020,3020,20,1,68.99
13021,3021,21,2,69.99
13022,3022,22,3,70.99
13023,3023,23,4,71.99
13024,3024,24,5,72.99
13025,3025,25,1,73.99
13026,3026,26,2,74.99
13027,3027,27,3,75.99
13028,3028,28,4,76.99
13029,3029,29,5,77.99
13030,3030,30,1,78.99
13031,3031,31,2,79.99
13032,3032,32,3,80.99
13033,3033,33,4,81.99
13034,3034,34,5,82.99
13035,3035,35,1,83.99
13036,3036,36,2,84.99
13037,3037,37,3,85.99
13038,3038,38,4,86.99
13039,3039,39,5,87.99
13040,3040,40,1,88.99
13041,3041,41,2,89.99
13042,3042,42,3,90.99
13043,3043,43,4,91.99
13044,3044,44,5,92.99
13045,3045,45,1,93.99
13046,3046,46,2,94.99
13047,3047,47,3,95.99
13048,3048,48,4,96.99
13049,3049,49,5,97.99
13050,3050,50,1,98.99
13051,3051,51,2,9.99
13052,3052,52,3,10.99
13053,3053,53,4,11.99
13054,3054,54,5,12.99
13055,3055,55,1,13.99
13056,3056,56,2,14.99
13057,3057,57,3,15.99
13058,3058,58,4,16.99
13059,3059,59,5,17.99
13060,3060,60,1,18.99
13061,3061,61,2,19.99
13062,3062,62,3,20.99
13063,3063,63,4,21.99
13064,3064,64,5,22.99
13065,3065,65,1,23.99
13066,3066,66,2,24.99
13067,3067,67,3,25.99
13068,3068,68,4,26.99
13069,3069,69,5,27.99
13070,3070,70,1,28.99
13071,3071,71,2,29.99
13072,3072,72,3,30.99
13073,3073,73,4,31.99
13074,3074,74,5,32.99
13075,3075,75,1,33.99
13076,3076,76,2,34.99
13077,3077,77,3,35.99
13078,3078,78,4,36.99
13079,3079,79,5,37.99
13080,3080,80,1,38.99
13081,3081,81,2,39.99
13082,3082,82,3,40.99
13083,3083,83,4,41.99
13084,3084,84,5,42.99
13085,3085,85,1,43.99
13086,3086,86,2,44.99
13087,3087,87,3,45.99
13088,3088,88,4,46.99
13089,3089,89,5,47.99
13090,3090,90,1,48.99
13091,3091,91,2,49.99
13092,3092,92,3,50.99
13093,3093,93,4,51.99
13094,3094,94,5,52.99
13095,3095,95,1,53.99
13096,3096,96,2,54.99
13097,3097,97,3,55.99
13098,3098,98,4,56.99
13099,3099,99,5,57.99
13100,3100,100,1,58.99
13101,3101,101,2,59.99
13102,3102,102,3,60.99
13103,3103,103,4,61.99
13104,3104,104,5,62.99
13105,3105,105,1,63.99
13106,3106,106,2,64.99
13107,3107,107,3,65.99
13108,3108,108,4,66.99
13109,3109,109,5,67.99
13110,3110,110,1,68.99
13111,3111,111,2,69.99
13112,3112,112,3,70.99
13113,3113,113,4,71.99
13114,3114,114,5,72.99
13115,3115,115,1,73.99
13116,3116,116,2,74.99
13117,3117,117,3,75.99
13118,3118,118,4,76.99
13119,3119,119,5,77.99
13120,3120,120,1,78.99
13121,3121,121,2,79.99
13122,3122,122,3,80.99
13123,3123,123,4,81.99
13124,3124,124,5,82.99
13125,3125,125,1,83.99
13126,3126,126,2,84.99
13127,3127,127,3,85.99
13128,3128,128,4,86.99
13129,3129,129,5,87.99
13130,3130,130,1,88.99
13131,3131,131,2,89.99
13132,3132,132,3,90.99
13133,3133,133,4,91.99
13134,3134,134,5,92.99
13135,3135,135,1,93.99
13136,3136,136,2,94.99
13137,3137,137,3,95.99
13138,3138,138,4,96.99
13139,3139,139,5,97.99
13140,3140,140,1,98.99
13141,3141,141,2,9.99
13142,3142,142,3,10.99
13143,3143,143,4,11.99
13144,3144,144,5,12.99
13145,3145,145,1,13.99
13146,3146,146,2,14.99
13147,3147,147,3,15.99
13148,3148,148,4,16.99
13149,3149,149,5,17.99
13150,3150,150,1,18.99
13151,3151,151,2,19.99
13152,3152,152,3,20.99
13153,3153,153,4,21.99
13154,3154,154,5,22.99
13155,3155,155,1,23.99
13156,3156,156,2,24.99
13157,3157,157,3,25.99
13158,3158,158,4,26.99
13159,3159,159,5,27.99
13160,3160,160,1,28.99
13161,3161,161,2,29.99
13162,3162,162,3,30.99
13163,3163,163,4,31.99
13164,3164,164,5,32.99
13165,3165,165,1,33.99
13166,3166,166,2,34.99
13167,3167,167,3,35.99
13168,3168,168,4,36.99
13169,3169,169,5,37.99
13170,3170,170,1,38.99
13171,3171,171,2,39.99
13172,3172,172,3,40.99
13173,3173,173,4,41.99
13174,3174,174,5,42.99
13175,3175,175,1,43.99
13176,3176,176,2,44.99
13177,3177,177,3,45.99
13178,3178,178,4,46.99
13179,3179,179,5,47.99
13180,3180,180,1,48.99
13181,3181,181,2,49.99
13182,3182,182,3,50.99
13183,3183,183,4,51.99
13184,3184,184,5,52.99
13185,3185,185,1,53.99
13186,3186,186,2,54.99
13187,3187,187,3,55.99
13188,3188,188,4,56.99
13189,3189,189,5,57.99
13190,3190,190,1,58.99
13191,3191,191,2,59.99
13192,3192,192,3,60.99
13193,3193,193,4,61.99
13194,3194,194,5,62.99
13195,3195,195,1,63.99
13196,3196,196,2,64.99
13197,3197,197,3,65.99
13198,3198,198,4,66.99
13199,3199,199,5,67.99
13200,3200,200,1,68.99
13201,3201,201,2,69.99
13202,3202,202,3,70.99
13203,3203,203,4,71.99
13204,3204,204,5,72.99
13205,3205,205,1,73.99
13206,3206,206,2,74.99
13207,3207,207,3,75.99
13208,3208,208,4,76.99
13209,3209,209,5,77.99
13210,3210,210,1,78.99
13211,3211,211,2,79.99
13212,3212,212,3,80.99
13213,3213,213,4,81.99
13214,3214,214,5,82.99
13215,3215,215,1,83.99
13216,3216,216,2,84.99
13217,3217,217,3,85.99
13218,3218,218,4,86.99
13219,3219,219,5,87.99
13220,3220,220,1,88.99
13221,3221,221,2,89.99
13222,3222,222,3,90.99
13223,3223,223,4,91.99
13224,3224,224,5,92.99
13225,3225,225,1,93.99
13226,3226,226,2,94.99
13227,3227,227,3,95.99
13228,3228,228,4,96.99
13229,3229,229,5,97.99
13230,3230,230,1,98.99
13231,3231,231,2,9.99
13232,3232,232,3,10.99
13233,3233,233,4,11.99
13234,3234,234,5,12.99
13235,3235,235,1,13.99
13236,3236,236,2,14.99
13237,3237,237,3,15.99
13238,3238,238,4,16.99
13239,3239,239,5,17.99
13240,3240,240,1,18.99
13241,3241,241,2,19.99
13242,3242,242,3,20.99
13243,3243,243,4,21.99
13244,3244,244,5,22.99
13245,3245,245,1,23.99
13246,3246,246,2,24.99
13247,3247,247,3,25.99
13248,3248,248,4,26.99
13249,3249,249,5,27.99
13250,3250,250,1,28.99
13251,3251,251,2,29.99
13252,3252,252,3,30.99
13253,3253,253,4,31.99
13254,3254,254,5,32.99
13255,3255,255,1,33.99
13256,3256,256,2,34.99
13257,3257,257,3,35.99
13258,3258,258,4,36.99
13259,3259,259,5,37.99
13260,3260,260,1,38.99
13261,3261,261,2,39.99
13262,3262,262,3,40.99
13263,3263,263,4,41.99
13264,3264,264,5,42.99
13265,3265,265,1,43.99
13266,3266,266,2,44.99
13267,3267,267,3,45.99
13268,3268,268,4,46.99
13269,3269,269,5,47.99
13270,3270,270,1,48.99
13271,3271,271,2,49.99
13272,3272,272,3,50.99
13273,3273,273,4,51.99
13274,3274,274,5,52.99
13275,3275,275,1,53.99
13276,3276,276,2,54.99
13277,3277,277,3,55.99
13278,3278,278,4,56.99
13279,3279,279,5,57.99
13280,3280,280,1,58.99
13281,3281,281,2,59.99
13282,3282,282,3,60.99
13283,3283,283,4,61.99
13284,3284,284,5,62.99
13285,3285,285,1,63.99
13286,3286,286,2,64.99
13287,3287,287,3,65.99
13288,3288,288,4,66.99
13289,3289,289,5,67.99
13290,3290,290,1,68.99
13291,3291,291,2,69.99
13292,3292,292,3,70.99
13293,3293,293,4,71.99
13294,3294,294,5,72.99
13295,3295,295,1,73.99
13296,3296,296,2,74.99
13297,3297,297,3,75.99
13298,3298,298,4,76.99
13299,3299,299,5,77.99
13300,3300,300,1,78.99
13301,3301,301,2,79.99
13302,3302,302,3,80.99
13303,3303,303,4,81.99
13304,3304,304,5,82.99
13305,3305,305,1,83.99
13306,3306,306,2,84.99
13307,3307,307,3,85.99
13308,3308,308,4,86.99
13309,3309,309,5,87.99
13310,3310,310,1,88.99
13311,3311,311,2,89.99
13312,3312,312,3,90.99
13313,3313,313,4,91.99
13314,3314,314,5,92.99
13315,3315,315,1,93.99
13316,3316,316,2,94.99
13317,3317,317,3,95.99
13318,3318,318,4,96.99
13319,3319,319,5,97.99
13320,3320,320,1,98.99
13321,3321,321,2,9.99
13322,3322,322,3,10.99
13323,3323,323,4,11.99
13324,3324,324,5,12.99
13325,3325,325,1,13.99
13326,3326,326,2,14.99
13327,3327,327,3,15.99
13328,3328,328,4,16.99
13329,3329,329,5,17.99
13330,3330,330,1,18.99
13331,3331,331,2,19.99
13332,3332,332,3,20.99
13333,3333,333,4,21.99
13334,3334,334,5,22.99
13335,3335,335,1,23.99
13336,3336,336,2,24.99
13337,3337,337,3,25.99
13338,3338,338,4,26.99
13339,3339,339,5,27.99
13340,3340,340,1,28.99
13341,3341,341,2,29.99
13342,3342,342,3,30.99
13343,3343,343,4,31.99
13344,3344,344,5,32.99
13345,3345,345,1,33.99
13346,3346,346,2,34.99
13347,3347,347,3,35.99
13348,3348,348,4,36.99
13349,3349,349,5,37.99
13350,3350,350,1,38.99
13351,3351,351,2,39.99
13352,3352,352,3,40.99
13353,3353,353,4,41.99
13354,3354,354,5,42.99
13355,3355,355,1,43.99
13356,3356,356,2,44.99
13357,3357,357,3,45.99
13358,3358,358,4,46.99
13359,3359,359,5,47.99
13360,3360,360,1,48.99
13361,3361,361,2,49.99
13362,3362,362,3,50.99
13363,3363,363,4,51.99
13364,3364,364,5,52.99
13365,3365,365,1,53.99
13366,3366,366,2,54.99
13367,3367,367,3,55.99
13368,3368,368,4,56.99
13369,3369,369,5,57.99
13370,3370,370,1,58.99
13371,3371,371,2,59.99
13372,3372,372,3,60.99
13373,3373,373,4,61.99
13374,3374,374,5,62.99
13375,3375,375,1,63.99
13376,3376,376,2,64.99
13377,3377,377,3,65.99
13378,3378,378,4,66.99
13379,3379,379,5,67.99
13380,3380,380,1,68.99
13381,3381,381,2,69.99
13382,3382,382,3,70.99
13383,3383,383,4,71.99
13384,3384,384,5,72.99
13385,3385,385,1,73.99
13386,3386,386,2,74.99
13387,3387,387,3,75.99
13388,3388,388,4,76.99
13389,3389,389,5,77.99
13390,3390,390,1,78.99
13391,3391,391,2,79.99
13392,3392,392,3,80.99
13393,3393,393,4,81.99
13394,3394,394,5,82.99
13395,3395,395,1,83.99
13396,3396,396,2,84.99
13397,3397,397,3,85.99
13398,3398,398,4,86.99
13399,3399,399,5,87.99
13400,3400,400,1,88.99
13401,3401,401,2,89.99
13402,3402,402,3,90.99
13403,3403,403,4,91.99
13404,3404,404,5,92.99
13405,3405,405,1,93.99
13406,3406,406,2,94.99
13407,3407,407,3,95.99
13408,3408,408,4,96.99
13409,3409,409,5,97.99
13410,3410,410,1,98.99
13411,3411,411,2,9.99
13412,3412,412,3,10.99
13413,3413,413,4,11.99
13414,3414,414,5,12.99
13415,3415,415,1,13.99
13416,3416,416,2,14.99
13417,3417,417,3,15.99
13418,3418,418,4,16.99
13419,3419,419,5,17.99
13420,3420,420,1,18.99
13421,3421,421,2,19.99
13422,3422,422,3,20.99
13423,3423,423,4,21.99
13424,3424,424,5,22.99
13425,3425,425,1,23.99
13426,3426,426,2,24.99
13427,3427,427,3,25.99
13428,3428,428,4,26.99
13429,3429,429,5,27.99
13430,3430,430,1,28.99
13431,3431,431,2,29.99
13432,3432,432,3,30.99
13433,3433,433,4,31.99
13434,3434,434,5,32.99
13435,3435,435,1,33.99
13436,3436,436,2,34.99
13437,3437,437,3,35.99
13438,3438,438,4,36.99
13439,3439,439,5,37.99
13440,3440,440,1,38.99
13441,3441,441,2,39.99
13442,3442,442,3,40.99
13443,3443,443,4,41.99
13444,3444,444,5,42.99
13445,3445,445,1,43.99
13446,3446,446,2,44.99
13447,3447,447,3,45.99
13448,3448,448,4,46.99
13449,3449,449,5,47.99
13450,3450,450,1,48.99
13451,3451,451,2,49.99
13452,3452,452,3,50.99
13453,3453,453,4,51.99
13454,3454,454,5,52.99
13455,3455,455,1,53.99
13456,3456,456,2,54.99
13457,3457,457,3,55.99
13458,3458,458,4,56.99
13459,3459,459,5,57.99
13460,3460,460,1,58.99
13461,3461,461,2,59.99
13462,3462,462,3,60.99
13463,3463,463,4,61.99
13464,3464,464,5,62.99
13465,3465,465,1,63.99
13466,3466,466,2,64.99
13467,3467,467,3,65.99
13468,3468,468,4,66.99
13469,3469,469,5,67.99
13470,3470,470,1,68.99
13471,3471,471,2,69.99
13472,3472,472,3,70.99
13473,3473,473,4,71.99
13474,3474,474,5,72.99
13475,3475,475,1,73.99
13476,3476,476,2,74.99
13477,3477,477,3,75.99
13478,3478,478,4,76.99
13479,3479,479,5,77.99
13480,3480,480,1,78.99
13481,3481,481,2,79.99
13482,3482,482,3,80.99
13483,3483,483,4,81.99
13484,3484,484,5,82.99
13485,3485,485,1,83.99
13486,3486,486,2,84.99
13487,3487,487,3,85.99
13488,3488,488,4,86.99
13489,3489,489,5,87.99
13490,3490,490,1,88.99
13491,3491,491,2,89.99
13492,3492,492,3,90.99
13493,3493,493,4,91.99
13494,3494,494,5,92.99
13495,3495,495,1,93.99
13496,3496,496,2,94.99
13497,3497,497,3,95.99
13498,3498,498,4,96.99
13499,3499,499,5,97.99
13500,3500,500,1,98.99
13501,3501,1,2,9.99
13502,3502,2,3,10.99
13503,3503,3,4,11.99
13504,3504,4,5,12.99
13505,3505,5,1,13.99
13506,3506,6,2,14.99
13507,3507,7,3,15.99
13508,3508,8,4,16.99
13509,3509,9,5,17.99
13510,3510,10,1,18.99
13511,3511,11,2,19.99
13512,3512,12,3,20.99
13513,3513,13,4,21.99
13514,3514,14,5,22.99
13515,3515,15,1,23.99
13516,3516,16,2,24.99
13517,3517,17,3,25.99
13518,3518,18,4,26.99
13519,3519,19,5,27.99
13520,3520,20,1,28.99
13521,3521,21,2,29.99
13522,3522,22,3,30.99
13523,3523,23,4,31.99
13524,3524,24,5,32.99
13525,3525,25,1,33.99
13526,3526,26,2,34.99
13527,3527,27,3,35.99
13528,3528,28,4,36.99
13529,3529,29,5,37.99
13530,3530,30,1,38.99
13531,3531,31,2,39.99
13532,3532,32,3,40.99
13533,3533,33,4,41.99
13534,3534,34,5,42.99
13535,3535,35,1,43.99
13536,3536,36,2,44.99
13537,3537,37,3,45.99
13538,3538,38,4,46.99
13539,3539,39,5,47.99
13540,3540,40,1,48.99
13541,3541,41,2,49.99
13542,3542,42,3,50.99
13543,3543,43,4,51.99
13544,3544,44,5,52.99
13545,3545,45,1,53.99
13546,3546,46,2,54.99
13547,3547,47,3,55.99
13548,3548,48,4,56.99
13549,3549,49,5,57.99
13550,3550,50,1,58.99
13551,3551,51,2,59.99
13552,3552,52,3,60.99
13553,3553,53,4,61.99
13554,3554,54,5,62.99
13555,3555,55,1,63.99
13556,3556,56,2,64.99
13557,3557,57,3,65.99
13558,3558,58,4,66.99
13559,3559,59,5,67.99
13560,3560,60,1,68.99
13561,3561,61,2,69.99
13562,3562,62,3,70.99
13563,3563,63,4,71.99
13564,3564,64,5,72.99
13565,3565,65,1,73.99
13566,3566,66,2,74.99
13567,3567,67,3,75.99
13568,3568,68,4,76.99
13569,3569,69,5,77.99
13570,3570,70,1,78.99
13571,3571,71,2,79.99
13572,3572,72,3,80.99
13573,3573,73,4,81.99
13574,3574,74,5,82.99
13575,3575,75,1,83.99
13576,3576,76,2,84.99
13577,3577,77,3,85.99
13578,3578,78,4,86.99
13579,3579,79,5,87.99
13580,3580,80,1,88.99
13581,3581,81,2,89.99
13582,3582,82,3,90.99
13583,3583,83,4,91.99
13584,3584,84,5,92.99
13585,3585,85,1,93.99
13586,3586,86,2,94.99
13587,3587,87,3,95.99
13588,3588,88,4,96.99
13589,3589,89,5,97.99
13590,3590,90,1,98.99
13591,3591,91,2,9.99
13592,3592,92,3,10.99
13593,3593,93,4,11.99
13594,3594,94,5,12.99
13595,3595,95,1,13.99
13596,3596,96,2,14.99
13597,3597,97,3,15.99
13598,3598,98,4,16.99
13599,3599,99,5,17.99
13600,3600,100,1,18.99
13601,3601,101,2,19.99
13602,3602,102,3,20.99
13603,3603,103,4,21.99
13604,3604,104,5,22.99
13605,3605,105,1,23.99
13606,3606,106,2,24.99
13607,3607,107,3,25.99
13608,3608,108,4,26.99
13609,3609,109,5,27.99
13610,3610,110,1,28.99
13611,3611,111,2,29.99
13612,3612,112,3,30.99
13613,3613,113,4,31.99
13614,3614,114,5,32.99
13615,3615,115,1,33.99
13616,3616,116,2,34.99
13617,3617,117,3,35.99
13618,3618,118,4,36.99
13619,3619,119,5,37.99
13620,3620,120,1,38.99
13621,3621,121,2,39.99
13622,3622,122,3,40.99
13623,3623,123,4,41.99
13624,3624,124,5,42.99
13625,3625,125,1,43.99
13626,3626,126,2,44.99
13627,3627,127,3,45.99
13628,3628,128,4,46.99
13629,3629,129,5,47.99
13630,3630,130,1,48.99
13631,3631,131,2,49.99
13632,3632,132,3,50.99
13633,3633,133,4,51.99
13634,3634,134,5,52.99
13635,3635,135,1,53.99
13636,3636,136,2,54.99
13637,3637,137,3,55.99
13638,3638,138,4,56.99
13639,3639,139,5,57.99
13640,3640,140,1,58.99
13641,3641,141,2,59.99
13642,3642,142,3,60.99
13643,3643,143,4,61.99
13644,3644,144,5,62.99
13645,3645,145,1,63.99
13646,3646,146,2,64.99
13647,3647,147,3,65.99
13648,3648,148,4,66.99
13649,3649,149,5,67.99
13650,3650,150,1,68.99
13651,3651,151,2,69.99
13652,3652,152,3,70.99
13653,3653,153,4,71.99
13654,3654,154,5,72.99
13655,3655,155,1,73.99
13656,3656,156,2,74.99
13657,3657,157,3,75.99
13658,3658,158,4,76.99
13659,3659,159,5,77.99
13660,3660,160,1,78.99
13661,3661,161,2,79.99
13662,3662,162,3,80.99
13663,3663,163,4,81.99
13664,3664,164,5,82.99
13665,3665,165,1,83.99
13666,3666,166,2,84.99
13667,3667,167,3,85.99
13668,3668,168,4,86.99
13669,3669,169,5,87.99
13670,3670,170,1,88.99
13671,3671,171,2,89.99
13672,3672,172,3,90.99
13673,3673,173,4,91.99
13674,3674,174,5,92.99
13675,3675,175,1,93.99
13676,3676,176,2,94.99
13677,3677,177,3,95.99
13678,3678,178,4,96.99
13679,3679,179,5,97.99
13680,3680,180,1,98.99
13681,3681,181,2,9.99
13682,3682,182,3,10.99
13683,3683,183,4,11.99
13684,3684,184,5,12.99
13685,3685,185,1,13.99
13686,3686,186,2,14.99
13687,3687,187,3,15.99
13688,3688,188,4,16.99
13689,3689,189,5,17.99
13690,3690,190,1,18.99
13691,3691,191,2,19.99
13692,3692,192,3,20.99
13693,3693,193,4,21.99
13694,3694,194,5,22.99
13695,3695,195,1,23.99
13696,3696,196,2,24.99
13697,3697,197,3,25.99
13698,3698,198,4,26.99
13699,3699,199,5,27.99
13700,3700,200,1,28.99
13701,3701,201,2,29.99
13702,3702,202,3,30.99
13703,3703,203,4,31.99
13704,3704,204,5,32.99
13705,3705,205,1,33.99
13706,3706,206,2,34.99
13707,3707,207,3,35.99
13708,3708,208,4,36.99
13709,3709,209,5,37.99
13710,3710,210,1,38.99
13711,3711,211,2,39.99
13712,3712,212,3,40.99
13713,3713,213,4,41.99
13714,3714,214,5,42.99
13715,3715,215,1,43.99
13716,3716,216,2,44.99
13717,3717,217,3,45.99
13718,3718,218,4,46.99
13719,3719,219,5,47.99
13720,3720,220,1,48.99
13721,3721,221,2,49.99
13722,3722,222,3,50.99
13723,3723,223,4,51.99
13724,3724,224,5,52.99
13725,3725,225,1,53.99
13726,3726,226,2,54.99
13727,3727,227,3,55.99
13728,3728,228,4,56.99
13729,3729,229,5,57.99
13730,3730,230,1,58.99
13731,3731,231,2,59.99
13732,3732,232,3,60.99
13733,3733,233,4,61.99
13734,3734,234,5,62.99
13735,3735,235,1,63.99
13736,3736,236,2,64.99
13737,3737,237,3,65.99
13738,3738,238,4,66.99
13739,3739,239,5,67.99
13740,3740,240,1,68.99
13741,3741,241,2,69.99
13742,3742,242,3,70.99
13743,3743,243,4,71.99
13744,3744,244,5,72.99
13745,3745,245,1,73.99
13746,3746,246,2,74.99
13747,3747,247,3,75.99
13748,3748,248,4,76.99
13749,3749,249,5,77.99
13750,3750,250,1,78.99
13751,3751,251,2,79.99
13752,3752,252,3,80.99
13753,3753,253,4,81.99
13754,3754,254,5,82.99
13755,3755,255,1,83.99
13756,3756,256,2,84.99
13757,3757,257,3,85.99
13758,3758,258,4,86.99
13759,3759,259,5,87.99
13760,3760,260,1,88.99
13761,3761,261,2,89.99
13762,3762,262,3,90.99
13763,3763,263,4,91.99
13764,3764,264,5,92.99
13765,3765,265,1,93.99
13766,3766,266,2,94.99
13767,3767,267,3,95.99
13768,3768,268,4,96.99
13769,3769,269,5,97.99
13770,3770,270,1,98.99
13771,3771,271,2,9.99
13772,3772,272,3,10.99
13773,3773,273,4,11.99
13774,3774,274,5,12.99
13775,3775,275,1,13.99
13776,3776,276,2,14.99
13777,3777,277,3,15.99
13778,3778,278,4,16.99
13779,3779,279,5,17.99
13780,3780,280,1,18.99
13781,3781,281,2,19.99
13782,3782,282,3,20.99
13783,3783,283,4,21.99
13784,3784,284,5,22.99
13785,3785,285,1,23.99
13786,3786,286,2,24.99
13787,3787,287,3,25.99
13788,3788,288,4,26.99
13789,3789,289,5,27.99
13790,3790,290,1,28.99
13791,3791,291,2,29.99
13792,3792,292,3,30.99
13793,3793,293,4,31.99
13794,3794,294,5,32.99
13795,3795,295,1,33.99
13796,3796,296,2,34.99
13797,3797,297,3,35.99
13798,3798,298,4,36.99
13799,3799,299,5,37.99
13800,3800,300,1,38.99
13801,3801,301,2,39.99
13802,3802,302,3,40.99
13803,3803,303,4,41.99
13804,3804,304,5,42.99
13805,3805,305,1,43.99
13806,3806,306,2,44.99
13807,3807,307,3,45.99
13808,3808,308,4,46.99
13809,3809,309,5,47.99
13810,3810,310,1,48.99
13811,3811,311,2,49.99
13812,3812,312,3,50.99
13813,3813,313,4,51.99
13814,3814,314,5,52.99
13815,3815,315,1,53.99
13816,3816,316,2,54.99
13817,3817,317,3,55.99
13818,3818,318,4,56.99
13819,3819,319,5,57.99
13820,3820,320,1,58.99
13821,3821,321,2,59.99
13822,3822,322,3,60.99
13823,3823,323,4,61.99
13824,3824,324,5,62.99
13825,3825,325,1,63.99
13826,3826,326,2,64.99
13827,3827,327,3,65.99
13828,3828,328,4,66.99
13829,3829,329,5,67.99
13830,3830,330,1,68.99
13831,3831,331,2,69.99
13832,3832,332,3,70.99
13833,3833,333,4,71.99
13834,3834,334,5,72.99
13835,3835,335,1,73.99
13836,3836,336,2,74.99
13837,3837,337,3,75.99
13838,3838,338,4,76.99
13839,3839,339,5,77.99
13840,3840,340,1,78.99
13841,3841,341,2,79.99
13842,3842,342,3,80.99
13843,3843,343,4,81.99
13844,3844,344,5,82.99
13845,3845,345,1,83.99
13846,3846,346,2,84.99
13847,3847,347,3,85.99
13848,3848,348,4,86.99
13849,3849,349,5,87.99
13850,3850,350,1,88.99
13851,3851,351,2,89.99
13852,3852,352,3,90.99
13853,3853,353,4,91.99
13854,3854,354,5,92.99
13855,3855,355,1,93.99
13856,3856,356,2,94.99
13857,3857,357,3,95.99
13858,3858,358,4,96.99
13859,3859,359,5,97.99
13860,3860,360,1,98.99
13861,3861,361,2,9.99
13862,3862,362,3,10.99
13863,3863,363,4,11.99
13864,3864,364,5,12.99
13865,3865,365,1,13.99
13866,3866,366,2,14.99
13867,3867,367,3,15.99
13868,3868,368,4,16.99
13869,3869,369,5,17.99
13870,3870,370,1,18.99
13871,3871,371,2,19.99
13872,3872,372,3,20.99
13873,3873,373,4,21.99
13874,3874,374,5,22.99
13875,3875,375,1,23.99
13876,3876,376,2,24.99
13877,3877,377,3,25.99
13878,3878,378,4,26.99
13879,3879,379,5,27.99
13880,3880,380,1,28.99
13881,3881,381,2,29.99
13882,3882,382,3,30.99
13883,3883,383,4,31.99
13884,3884,384,5,32.99
13885,3885,385,1,33.99
13886,3886,386,2,34.99
13887,3887,387,3,35.99
13888,3888,388,4,36.99
13889,3889,389,5,37.99
13890,3890,390,1,38.99
13891,3891,391,2,39.99
13892,3892,392,3,40.99
13893,3893,393,4,41.99
13894,3894,394,5,42.99
13895,3895,395,1,43.99
13896,3896,396,2,44.99
13897,3897,397,3,45.99
13898,3898,398,4,46.99
13899,3899,399,5,47.99
13900,3900,400,1,48.99
13901,3901,401,2,49.99
13902,3902,402,3,50.99
13903,3903,403,4,51.99
13904,3904,404,5,52.99
13905,3905,405,1,53.99
13906,3906,406,2,54.99
13907,3907,407,3,55.99
13908,3908,408,4,56.99
13909,3909,409,5,57.99
13910,3910,410,1,58.99
13911,3911,411,2,59.99
13912,3912,412,3,60.99
13913,3913,413,4,61.99
13914,3914,414,5,62.99
13915,3915,415,1,63.99
13916,3916,416,2,64.99
13917,3917,417,3,65.99
13918,3918,418,4,66.99
13919,3919,419,5,67.99
13920,3920,420,1,68.99
13921,3921,421,2,69.99
13922,3922,422,3,70.99
13923,3923,423,4,71.99
13924,3924,424,5,72.99
13925,3925,425,1,73.99
13926,3926,426,2,74.99
13927,3927,427,3,75.99
13928,3928,428,4,76.99
13929,3929,429,5,77.99
13930,3930,430,1,78.99
13931,3931,431,2,79.99
13932,3932,432,3,80.99
13933,3933,433,4,81.99
13934,3934,434,5,82.99
13935,3935,435,1,83.99
13936,3936,436,2,84.99
13937,3937,437,3,85.99
13938,3938,438,4,86.99
13939,3939,439,5,87.99
13940,3940,440,1,88.99
13941,3941,441,2,89.99
13942,3942,442,3,90.99
13943,3943,443,4,91.99
13944,3944,444,5,92.99
13945,3945,445,1,93.99
13946,3946,446,2,94.99
13947,3947,447,3,95.99
13948,3948,448,4,96.99
13949,3949,449,5,97.99
13950,3950,450,1,98.99
13951,3951,451,2,9.99
13952,3952,452,3,10.99
13953,3953,453,4,11.99
13954,3954,454,5,12.99
13955,3955,455,1,13.99
13956,3956,456,2,14.99
13957,3957,457,3,15.99
13958,3958,458,4,16.99
13959,3959,459,5,17.99
13960,3960,460,1,18.99
13961,3961,461,2,19.99
13962,3962,462,3,20.99
13963,3963,463,4,21.99
13964,3964,464,5,22.99
13965,3965,465,1,23.99
13966,3966,466,2,24.99
13967,3967,467,3,25.99
13968,3968,468,4,26.99
13969,3969,469,5,27.99
13970,3970,470,1,28.99
13971,3971,471,2,29.99
13972,3972,472,3,30.99
13973,3973,473,4,31.99
13974,3974,474,5,32.99
13975,3975,475,1,33.99
13976,3976,476,2,34.99
13977,3977,477,3,35.99
13978,3978,478,4,36.99
13979,3979,479,5,37.99
13980,3980,480,1,38.99
13981,3981,481,2,39.99
13982,3982,482,3,40.99
13983,3983,483,4,41.99
13984,3984,484,5,42.99
13985,3985,485,1,43.99
13986,3986,486,2,44.99
13987,3987,487,3,45.99
13988,3988,488,4,46.99
13989,3989,489,5,47.99
13990,3990,490,1,48.99
13991,3991,491,2,49.99
13992,3992,492,3,50.99
13993,3993,493,4,51.99
13994,3994,494,5,52.99
13995,3995,495,1,53.99
13996,3996,496,2,54.99
13997,3997,497,3,55.99
13998,3998,498,4,56.99
13999,3999,499,5,57.99
14000,4000,500,1,58.99
14001,4001,1,2,59.99
14002,4002,2,3,60.99
14003,4003,3,4,61.99
14004,4004,4,5,62.99
14005,4005,5,1,63.99
14006,4006,6,2,64.99
14007,4007,7,3,65.99
14008,4008,8,4,66.99
14009,4009,9,5,67.99
14010,4010,10,1,68.99
14011,4011,11,2,69.99
14012,4012,12,3,70.99
14013,4013,13,4,71.99
14014,4014,14,5,72.99
14015,4015,15,1,73.99
14016,4016,16,2,74.99
14017,4017,17,3,75.99
14018,4018,18,4,76.99
14019,4019,19,5,77.99
14020,4020,20,1,78.99
14021,4021,21,2,79.99
14022,4022,22,3,80.99
14023,4023,23,4,81.99
14024,4024,24,5,82.99
14025,4025,25,1,83.99
14026,4026,26,2,84.99
14027,4027,27,3,85.99
14028,4028,28,4,86.99
14029,4029,29,5,87.99
14030,4030,30,1,88.99
14031,4031,31,2,89.99
14032,4032,32,3,90.99
14033,4033,33,4,91.99
14034,4034,34,5,92.99
14035,4035,35,1,93.99
14036,4036,36,2,94.99
14037,4037,37,3,95.99
14038,4038,38,4,96.99
14039,4039,39,5,97.99
14040,4040,40,1,98.99
14041,4041,41,2,9.99
14042,4042,42,3,10.99
14043,4043,43,4,11.99
14044,4044,44,5,12.99
14045,4045,45,1,13.99
14046,4046,46,2,14.99
14047,4047,47,3,15.99
14048,4048,48,4,16.99
14049,4049,49,5,17.99
14050,4050,50,1,18.99
14051,4051,51,2,19.99
14052,4052,52,3,20.99
14053,4053,53,4,21.99
14054,4054,54,5,22.99
14055,4055,55,1,23.99
14056,4056,56,2,24.99
14057,4057,57,3,25.99
14058,4058,58,4,26.99
14059,4059,59,5,27.99
14060,4060,60,1,28.99
14061,4061,61,2,29.99
14062,4062,62,3,30.99
14063,4063,63,4,31.99
14064,4064,64,5,32.99
14065,4065,65,1,33.99
14066,4066,66,2,34.99
14067,4067,67,3,35.99
14068,4068,68,4,36.99
14069,4069,69,5,37.99
14070,4070,70,1,38.99
14071,4071,71,2,39.99
14072,4072,72,3,40.99
14073,4073,73,4,41.99
14074,4074,74,5,42.99
14075,4075,75,1,43.99
14076,4076,76,2,44.99
14077,4077,77,3,45.99
14078,4078,78,4,46.99
14079,4079,79,5,47.99
14080,4080,80,1,48.99
14081,4081,81,2,49.99
14082,4082,82,3,50.99
14083,4083,83,4,51.99
14084,4084,84,5,52.99
14085,4085,85,1,53.99
14086,4086,86,2,54.99
14087,4087,87,3,55.99
14088,4088,88,4,56.99
14089,4089,89,5,57.99
14090,4090,90,1,58.99
14091,4091,91,2,59.99
14092,4092,92,3,60.99
14093,4093,93,4,61.99
14094,4094,94,5,62.99
14095,4095,95,1,63.99
14096,4096,96,2,64.99
14097,4097,97,3,65.99
14098,4098,98,4,66.99
14099,4099,99,5,67.99
14100,4100,100,1,68.99
14101,4101,101,2,69.99
14102,4102,102,3,70.99
14103,4103,103,4,71.99
14104,4104,104,5,72.99
14105,4105,105,1,73.99
14106,4106,106,2,74.99
14107,4107,107,3,75.99
14108,4108,108,4,76.99
14109,4109,109,5,77.99
14110,4110,110,1,78.99
14111,4111,111,2,79.99
14112,4112,112,3,80.99
14113,4113,113,4,81.99
14114,4114,114,5,82.99
14115,4115,115,1,83.99
14116,4116,116,2,84.99
14117,4117,117,3,85.99
14118,4118,118,4,86.99
14119,4119,119,5,87.99
14120,4120,120,1,88.99
14121,4121,121,2,89.99
14122,4122,122,3,90.99
14123,4123,123,4,91.99
14124,4124,124,5,92.99
14125,4125,125,1,93.99
14126,4126,126,2,94.99
14127,4127,127,3,95.99
14128,4128,128,4,96.99
14129,4129,129,5,97.99
14130,4130,130,1,98.99
14131,4131,131,2,9.99
14132,4132,132,3,10.99
14133,4133,133,4,11.99
14134,4134,134,5,12.99
14135,4135,135,1,13.99
14136,4136,136,2,14.99
14137,4137,137,3,15.99
14138,4138,138,4,16.99
14139,4139,139,5,17.99
14140,4140,140,1,18.99
14141,4141,141,2,19.99
14142,4142,142,3,20.99
14143,4143,143,4,21.99
14144,4144,144,5,22.99
14145,4145,145,1,23.99
14146,4146,146,2,24.99
14147,4147,147,3,25.99
14148,4148,148,4,26.99
14149,4149,149,5,27.99
14150,4150,150,1,28.99
14151,4151,151,2,29.99
14152,4152,152,3,30.99
14153,4153,153,4,31.99
14154,4154,154,5,32.99
14155,4155,155,1,33.99
14156,4156,156,2,34.99
14157,4157,157,3,35.99
14158,4158,158,4,36.99
14159,4159,159,5,37.99
14160,4160,160,1,38.99
14161,4161,161,2,39.99
14162,4162,162,3,40.99
14163,4163,163,4,41.99
14164,4164,164,5,42.99
14165,4165,165,1,43.99
14166,4166,166,2,44.99
14167,4167,167,3,45.99
14168,4168,168,4,46.99
14169,4169,169,5,47.99
14170,4170,170,1,48.99
14171,4171,171,2,49.99
14172,4172,172,3,50.99
14173,4173,173,4,51.99
14174,4174,174,5,52.99
14175,4175,175,1,53.99
14176,4176,176,2,54.99
14177,4177,177,3,55.99
14178,4178,178,4,56.99
14179,4179,179,5,57.99
14180,4180,180,1,58.99
14181,4181,181,2,59.99
14182,4182,182,3,60.99
14183,4183,183,4,61.99
14184,4184,184,5,62.99
14185,4185,185,1,63.99
14186,4186,186,2,64.99
14187,4187,187,3,65.99
14188,4188,188,4,66.99
14189,4189,189,5,67.99
14190,4190,190,1,68.99
14191,4191,191,2,69.99
14192,4192,192,3,70.99
14193,4193,193,4,71.99
14194,4194,194,5,72.99
14195,4195,195,1,73.99
14196,4196,196,2,74.99
14197,4197,197,3,75.99
14198,4198,198,4,76.99
14199,4199,199,5,77.99
14200,4200,200,1,78.99
14201,4201,201,2,79.99
14202,4202,202,3,80.99
14203,4203,203,4,81.99
14204,4204,204,5,82.99
14205,4205,205,1,83.99
14206,4206,206,2,84.99
14207,4207,207,3,85.99
14208,4208,208,4,86.99
14209,4209,209,5,87.99
14210,4210,210,1,88.99
14211,4211,211,2,89.99
14212,4212,212,3,90.99
14213,4213,213,4,91.99
14214,4214,214,5,92.99
14215,4215,215,1,93.99
14216,4216,216,2,94.99
14217,4217,217,3,95.99
14218,4218,218,4,96.99
14219,4219,219,5,97.99
14220,4220,220,1,98.99
14221,4221,221,2,9.99
14222,4222,222,3,10.99
14223,4223,223,4,11.99
14224,4224,224,5,12.99
14225,4225,225,1,13.99
14226,4226,226,2,14.99
14227,4227,227,3,15.99
14228,4228,228,4,16.99
14229,4229,229,5,17.99
14230,4230,230,1,18.99
14231,4231,231,2,19.99
14232,4232,232,3,20.99
14233,4233,233,4,21.99
14234,4234,234,5,22.99
14235,4235,235,1,23.99
14236,4236,236,2,24.99
14237,4237,237,3,25.99
14238,4238,238,4,26.99
14239,4239,239,5,27.99
14240,4240,240,1,28.99
14241,4241,241,2,29.99
14242,4242,242,3,30.99
14243,4243,243,4,31.99
14244,4244,244,5,32.99
14245,4245,245,1,33.99
14246,4246,246,2,34.99
14247,4247,247,3,35.99
14248,4248,248,4,36.99
14249,4249,249,5,37.99
14250,4250,250,1,38.99
14251,4251,251,2,39.99
14252,4252,252,3,40.99
14253,4253,253,4,41.99
14254,4254,254,5,42.99
14255,4255,255,1,43.99
14256,4256,256,2,44.99
14257,4257,257,3,45.99
14258,4258,258,4,46.99
14259,4259,259,5,47.99
14260,4260,260,1,48.99
14261,4261,261,2,49.99
14262,4262,262,3,50.99
14263,4263,263,4,51.99
14264,4264,264,5,52.99
14265,4265,265,1,53.99
14266,4266,266,2,54.99
14267,4267,267,3,55.99
14268,4268,268,4,56.99
14269,4269,269,5,57.99
14270,4270,270,1,58.99
14271,4271,271,2,59.99
14272,4272,272,3,60.99
14273,4273,273,4,61.99
14274,4274,274,5,62.99
14275,4275,275,1,63.99
14276,4276,276,2,64.99
14277,4277,277,3,65.99
14278,4278,278,4,66.99
14279,4279,279,5,67.99
14280,4280,280,1,68.99
14281,4281,281,2,69.99
14282,4282,282,3,70.99
14283,4283,283,4,71.99
14284,4284,284,5,72.99
14285,4285,285,1,73.99
14286,4286,286,2,74.99
14287,4287,287,3,75.99
14288,4288,288,4,76.99
14289,4289,289,5,77.99
14290,4290,290,1,78.99
14291,4291,291,2,79.99
14292,4292,292,3,80.99
14293,4293,293,4,81.99
14294,4294,294,5,82.99
14295,4295,295,1,83.99
14296,4296,296,2,84.99
14297,4297,297,3,85.99
14298,4298,298,4,86.99
14299,4299,299,5,87.99
14300,4300,300,1,88.99
14301,4301,301,2,89.99
14302,4302,302,3,90.99
14303,4303,303,4,91.99
14304,4304,304,5,92.99
14305,4305,305,1,93.99
14306,4306,306,2,94.99
14307,4307,307,3,95.99
14308,4308,308,4,96.99
14309,4309,309,5,97.99
14310,4310,310,1,98.99
14311,4311,311,2,9.99
14312,4312,312,3,10.99
14313,4313,313,4,11.99
14314,4314,314,5,12.99
14315,4315,315,1,13.99
14316,4316,316,2,14.99
14317,4317,317,3,15.99
14318,4318,318,4,16.99
14319,4319,319,5,17.99
14320,4320,320,1,18.99
14321,4321,321,2,19.99
14322,4322,322,3,20.99
14323,4323,323,4,21.99
14324,4324,324,5,22.99
14325,4325,325,1,23.99
14326,4326,326,2,24.99
14327,4327,327,3,25.99
14328,4328,328,4,26.99
14329,4329,329,5,27.99
14330,4330,330,1,28.99
14331,4331,331,2,29.99
14332,4332,332,3,30.99
14333,4333,333,4,31.99
14334,4334,334,5,32.99
14335,4335,335,1,33.99
14336,4336,336,2,34.99
14337,4337,337,3,35.99
14338,4338,338,4,36.99
14339,4339,339,5,37.99
14340,4340,340,1,38.99
14341,4341,341,2,39.99
14342,4342,342,3,40.99
14343,4343,343,4,41.99
14344,4344,344,5,42.99
14345,4345,345,1,43.99
14346,4346,346,2,44.99
14347,4347,347,3,45.99
14348,4348,348,4,46.99
14349,4349,349,5,47.99
14350,4350,350,1,48.99
14351,4351,351,2,49.99
14352,4352,352,3,50.99
14353,4353,353,4,51.99
14354,4354,354,5,52.99
14355,4355,355,1,53.99
14356,4356,356,2,54.99
14357,4357,357,3,55.99
14358,4358,358,4,56.99
14359,4359,359,5,57.99
14360,4360,360,1,58.99
14361,4361,361,2,59.99
14362,4362,362,3,60.99
14363,4363,363,4,61.99
14364,4364,364,5,62.99
14365,4365,365,1,63.99
14366,4366,366,2,64.99
14367,4367,367,3,65.99
14368,4368,368,4,66.99
14369,4369,369,5,67.99
14370,4370,370,1,68.99
14371,4371,371,2,69.99
14372,4372,372,3,70.99
14373,4373,373,4,71.99
14374,4374,374,5,72.99
14375,4375,375,1,73.99
14376,4376,376,2,74.99
14377,4377,377,3,75.99
14378,4378,378,4,76.99
14379,4379,379,5,77.99
14380,4380,380,1,78.99
14381,4381,381,2,79.99
14382,4382,382,3,80.99
14383,4383,383,4,81.99
14384,4384,384,5,82.99
14385,4385,385,1,83.99
14386,4386,386,2,84.99
14387,4387,387,3,85.99
14388,4388,388,4,86.99
14389,4389,389,5,87.99
14390,4390,390,1,88.99
14391,4391,391,2,89.99
14392,4392,392,3,90.99
14393,4393,393,4,91.99
14394,4394,394,5,92.99
14395,4395,395,1,93.99
14396,4396,396,2,94.99
14397,4397,397,3,95.99
14398,4398,398,4,96.99
14399,4399,399,5,97.99
14400,4400,400,1,98.99
14401,4401,401,2,9.99
14402,4402,402,3,10.99
14403,4403,403,4,11.99
14404,4404,404,5,12.99
14405,4405,405,1,13.99
14406,4406,406,2,14.99
14407,4407,407,3,15.99
14408,4408,408,4,16.99
14409,4409,409,5,17.99
14410,4410,410,1,18.99
14411,4411,411,2,19.99
14412,4412,412,3,20.99
14413,4413,413,4,21.99
14414,4414,414,5,22.99
14415,4415,415,1,23.99
14416,4416,416,2,24.99
14417,4417,417,3,25.99
14418,4418,418,4,26.99
14419,4419,419,5,27.99
14420,4420,420,1,28.99
14421,4421,421,2,29.99
14422,4422,422,3,30.99
14423,4423,423,4,31.99
14424,4424,424,5,32.99
14425,4425,425,1,33.99
14426,4426,426,2,34.99
14427,4427,427,3,35.99
14428,4428,428,4,36.99
14429,4429,429,5,37.99
14430,4430,430,1,38.99
14431,4431,431,2,39.99
14432,4432,432,3,40.99
14433,4433,433,4,41.99
14434,4434,434,5,42.99
14435,4435,435,1,43.99
14436,4436,436,2,44.99
14437,4437,437,3,45.99
14438,4438,438,4,46.99
14439,4439,439,5,47.99
14440,4440,440,1,48.99
14441,4441,441,2,49.99
14442,4442,442,3,50.99
14443,4443,443,4,51.99
14444,4444,444,5,52.99
14445,4445,445,1,53.99
14446,4446,446,2,54.99
14447,4447,447,3,55.99
14448,4448,448,4,56.99
14449,4449,449,5,57.99
14450,4450,450,1,58.99
14451,4451,451,2,59.99
14452,4452,452,3,60.99
14453,4453,453,4,61.99
14454,4454,454,5,62.99
14455,4455,455,1,63.99
14456,4456,456,2,64.99
14457,4457,457,3,65.99
14458,4458,458,4,66.99
14459,4459,459,5,67.99
14460,4460,460,1,68.99
14461,4461,461,2,69.99
14462,4462,462,3,70.99
14463,4463,463,4,71.99
14464,4464,464,5,72.99
14465,4465,465,1,73.99
14466,4466,466,2,74.99
14467,4467,467,3,75.99
14468,4468,468,4,76.99
14469,4469,469,5,77.99
14470,4470,470,1,78.99
14471,4471,471,2,79.99
14472,4472,472,3,80.99
14473,4473,473,4,81.99
14474,4474,474,5,82.99
14475,4475,475,1,83.99
14476,4476,476,2,84.99
14477,4477,477,3,85.99
14478,4478,478,4,86.99
14479,4479,479,5,87.99
14480,4480,480,1,88.99
14481,4481,481,2,89.99
14482,4482,482,3,90.99
14483,4483,483,4,91.99
14484,4484,484,5,92.99
14485,4485,485,1,93.99
14486,4486,486,2,94.99
14487,4487,487,3,95.99
14488,4488,488,4,96.99
14489,4489,489,5,97.99
14490,4490,490,1,98.99
14491,4491,491,2,9.99
14492,4492,492,3,10.99
14493,4493,493,4,11.99
14494,4494,494,5,12.99
14495,4495,495,1,13.99
14496,4496,496,2,14.99
14497,4497,497,3,15.99
14498,4498,498,4,16.99
14499,4499,499,5,17.99
14500,4500,500,1,18.99
14501,4501,1,2,19.99
14502,4502,2,3,20.99
14503,4503,3,4,21.99
14504,4504,4,5,22.99
14505,4505,5,1,23.99
14506,4506,6,2,24.99
14507,4507,7,3,25.99
14508,4508,8,4,26.99
14509,4509,9,5,27.99
14510,4510,10,1,28.99
14511,4511,11,2,29.99
14512,4512,12,3,30.99
14513,4513,13,4,31.99
14514,4514,14,5,32.99
14515,4515,15,1,33.99
14516,4516,16,2,34.99
14517,4517,17,3,35.99
14518,4518,18,4,36.99
14519,4519,19,5,37.99
14520,4520,20,1,38.99
14521,4521,21,2,39.99
14522,4522,22,3,40.99
14523,4523,23,4,41.99
14524,4524,24,5,42.99
14525,4525,25,1,43.99
14526,4526,26,2,44.99
14527,4527,27,3,45.99
14528,4528,28,4,46.99
14529,4529,29,5,47.99
14530,4530,30,1,48.99
14531,4531,31,2,49.99
14532,4532,32,3,50.99
14533,4533,33,4,51.99
14534,4534,34,5,52.99
14535,4535,35,1,53.99
14536,4536,36,2,54.99
14537,4537,37,3,55.99
14538,4538,38,4,56.99
14539,4539,39,5,57.99
14540,4540,40,1,58.99
14541,4541,41,2,59.99
14542,4542,42,3,60.99
14543,4543,43,4,61.99
14544,4544,44,5,62.99
14545,4545,45,1,63.99
14546,4546,46,2,64.99
14547,4547,47,3,65.99
14548,4548,48,4,66.99
14549,4549,49,5,67.99
14550,4550,50,1,68.99
14551,4551,51,2,69.99
14552,4552,52,3,70.99
14553,4553,53,4,71.99
14554,4554,54,5,72.99
14555,4555,55,1,73.99
14556,4556,56,2,74.99
14557,4557,57,3,75.99
14558,4558,58,4,76.99
14559,4559,59,5,77.99
14560,4560,60,1,78.99
14561,4561,61,2,79.99
14562,4562,62,3,80.99
14563,4563,63,4,81.99
14564,4564,64,5,82.99
14565,4565,65,1,83.99
14566,4566,66,2,84.99
14567,4567,67,3,85.99
14568,4568,68,4,86.99
14569,4569,69,5,87.99
14570,4570,70,1,88.99
14571,4571,71,2,89.99
14572,4572,72,3,90.99
14573,4573,73,4,91.99
14574,4574,74,5,92.99
14575,4575,75,1,93.99
14576,4576,76,2,94.99
14577,4577,77,3,95.99
14578,4578,78,4,96.99
14579,4579,79,5,97.99
14580,4580,80,1,98.99
14581,4581,81,2,9.99
14582,4582,82,3,10.99
14583,4583,83,4,11.99
14584,4584,84,5,12.99
14585,4585,85,1,13.99
14586,4586,86,2,14.99
14587,4587,87,3,15.99
14588,4588,88,4,16.99
14589,4589,89,5,17.99
14590,4590,90,1,18.99
14591,4591,91,2,19.99
14592,4592,92,3,20.99
14593,4593,93,4,21.99
14594,4594,94,5,22.99
14595,4595,95,1,23.99
14596,4596,96,2,24.99
14597,4597,97,3,25.99
14598,4598,98,4,26.99
14599,4599,99,5,27.99
14600,4600,100,1,28.99
14601,4601,101,2,29.99
14602,4602,102,3,30.99
14603,4603,103,4,31.99
14604,4604,104,5,32.99
14605,4605,105,1,33.99
14606,4606,106,2,34.99
14607,4607,107,3,35.99
14608,4608,108,4,36.99
14609,4609,109,5,37.99
14610,4610,110,1,38.99
14611,4611,111,2,39.99
14612,4612,112,3,40.99
14613,4613,113,4,41.99
14614,4614,114,5,42.99
14615,4615,115,1,43.99
14616,4616,116,2,44.99
14617,4617,117,3,45.99
14618,4618,118,4,46.99
14619,4619,119,5,47.99
14620,4620,120,1,48.99
14621,4621,121,2,49.99
14622,4622,122,3,50.99
14623,4623,123,4,51.99
14624,4624,124,5,52.99
14625,4625,125,1,53.99
14626,4626,126,2,54.99
14627,4627,127,3,55.99
14628,4628,128,4,56.99
14629,4629,129,5,57.99
14630,4630,130,1,58.99
14631,4631,131,2,59.99
14632,4632,132,3,60.99
14633,4633,133,4,61.99
14634,4634,134,5,62.99
14635,4635,135,1,63.99
14636,4636,136,2,64.99
14637,4637,137,3,65.99
14638,4638,138,4,66.99
14639,4639,139,5,67.99
14640,4640,140,1,68.99
14641,4641,141,2,69.99
14642,4642,142,3,70.99
14643,4643,143,4,71.99
14644,4644,144,5,72.99
14645,4645,145,1,73.99
14646,4646,146,2,74.99
14647,4647,147,3,75.99
14648,4648,148,4,76.99
14649,4649,149,5,77.99
14650,4650,150,1,78.99
14651,4651,151,2,79.99
14652,4652,152,3,80.99
14653,4653,153,4,81.99
14654,4654,154,5,82.99
14655,4655,155,1,83.99
14656,4656,156,2,84.99
14657,4657,157,3,85.99
14658,4658,158,4,86.99
14659,4659,159,5,87.99
14660,4660,160,1,88.99
14661,4661,161,2,89.99
14662,4662,162,3,90.99
14663,4663,163,4,91.99
14664,4664,164,5,92.99
14665,4665,165,1,93.99
14666,4666,166,2,94.99
14667,4667,167,3,95.99
14668,4668,168,4,96.99
14669,4669,169,5,97.99
14670,4670,170,1,98.99
14671,4671,171,2,9.99
14672,4672,172,3,10.99
14673,4673,173,4,11.99
14674,4674,174,5,12.99
14675,4675,175,1,13.99
14676,4676,176,2,14.99
14677,4677,177,3,15.99
14678,4678,178,4,16.99
14679,4679,179,5,17.99
14680,4680,180,1,18.99
14681,4681,181,2,19.99
14682,4682,182,3,20.99
14683,4683,183,4,21.99
14684,4684,184,5,22.99
14685,4685,185,1,23.99
14686,4686,186,2,24.99
14687,4687,187,3,25.99
14688,4688,188,4,26.99
14689,4689,189,5,27.99
14690,4690,190,1,28.99
14691,4691,191,2,29.99
14692,4692,192,3,30.99
14693,4693,193,4,31.99
14694,4694,194,5,32.99
14695,4695,195,1,33.99
14696,4696,196,2,34.99
14697,4697,197,3,35.99
14698,4698,198,4,36.99
14699,4699,199,5,37.99
14700,4700,200,1,38.99
14701,4701,201,2,39.99
14702,4702,202,3,40.99
14703,4703,203,4,41.99
14704,4704,204,5,42.99
14705,4705,205,1,43.99
14706,4706,206,2,44.99
14707,4707,207,3,45.99
14708,4708,208,4,46.99
14709,4709,209,5,47.99
14710,4710,210,1,48.99
14711,4711,211,2,49.99
14712,4712,212,3,50.99
14713,4713,213,4,51.99
14714,4714,214,5,52.99
14715,4715,215,1,53.99
14716,4716,216,2,54.99
14717,4717,217,3,55.99
14718,4718,218,4,56.99
14719,4719,219,5,57.99
14720,4720,220,1,58.99
14721,4721,221,2,59.99
14722,4722,222,3,60.99
14723,4723,223,4,61.99
14724,4724,224,5,62.99
14725,4725,225,1,63.99
14726,4726,226,2,64.99
14727,4727,227,3,65.99
14728,4728,228,4,66.99
14729,4729,229,5,67.99
14730,4730,230,1,68.99
14731,4731,231,2,69.99
14732,4732,232,3,70.99
14733,4733,233,4,71.99
14734,4734,234,5,72.99
14735,4735,235,1,73.99
14736,4736,236,2,74.99
14737,4737,237,3,75.99
14738,4738,238,4,76.99
14739,4739,239,5,77.99
14740,4740,240,1,78.99
14741,4741,241,2,79.99
14742,4742,242,3,80.99
14743,4743,243,4,81.99
14744,4744,244,5,82.99
14745,4745,245,1,83.99
14746,4746,246,2,84.99
14747,4747,247,3,85.99
14748,4748,248,4,86.99
14749,4749,249,5,87.99
14750,4750,250,1,88.99
14751,4751,251,2,89.99
14752,4752,252,3,90.99
14753,4753,253,4,91.99
14754,4754,254,5,92.99
14755,4755,255,1,93.99
14756,4756,256,2,94.99
14757,4757,257,3,95.99
14758,4758,258,4,96.99
14759,4759,259,5,97.99
14760,4760,260,1,98.99
14761,4761,261,2,9.99
14762,4762,262,3,10.99
14763,4763,263,4,11.99
14764,4764,264,5,12.99
14765,4765,265,1,13.99
14766,4766,266,2,14.99
14767,4767,267,3,15.99
14768,4768,268,4,16.99
14769,4769,269,5,17.99
14770,4770,270,1,18.99
14771,4771,271,2,19.99
14772,4772,272,3,20.99
14773,4773,273,4,21.99
14774,4774,274,5,22.99
14775,4775,275,1,23.99
14776,4776,276,2,24.99
14777,4777,277,3,25.99
14778,4778,278,4,26.99
14779,4779,279,5,27.99
14780,4780,280,1,28.99
14781,4781,281,2,29.99
14782,4782,282,3,30.99
14783,4783,283,4,31.99
14784,4784,284,5,32.99
14785,4785,285,1,33.99
14786,4786,286,2,34.99
14787,4787,287,3,35.99
14788,4788,288,4,36.99
14789,4789,289,5,37.99
14790,4790,290,1,38.99
14791,4791,291,2,39.99
14792,4792,292,3,40.99
14793,4793,293,4,41.99
14794,4794,294,5,42.99
14795,4795,295,1,43.99
14796,4796,296,2,44.99
14797,4797,297,3,45.99
14798,4798,298,4,46.99
14799,4799,299,5,47.99
14800,4800,300,1,48.99
14801,4801,301,2,49.99
14802,4802,302,3,50.99
14803,4803,303,4,51.99
14804,4804,304,5,52.99
14805,4805,305,1,53.99
14806,4806,306,2,54.99
14807,4807,307,3,55.99
14808,4808,308,4,56.99
14809,4809,309,5,57.99
14810,4810,310,1,58.99
14811,4811,311,2,59.99
14812,4812,312,3,60.99
14813,4813,313,4,61.99
14814,4814,314,5,62.99
14815,4815,315,1,63.99
14816,4816,316,2,64.99
14817,4817,317,3,65.99
14818,4818,318,4,66.99
14819,4819,319,5,67.99
14820,4820,320,1,68.99
14821,4821,321,2,69.99
14822,4822,322,3,70.99
14823,4823,323,4,71.99
14824,4824,324,5,72.99
14825,4825,325,1,73.99
14826,4826,326,2,74.99
14827,4827,327,3,75.99
14828,4828,328,4,76.99
14829,4829,329,5,77.99
14830,4830,330,1,78.99
14831,4831,331,2,79.99
14832,4832,332,3,80.99
14833,4833,333,4,81.99
14834,4834,334,5,82.99
14835,4835,335,1,83.99
14836,4836,336,2,84.99
14837,4837,337,3,85.99
14838,4838,338,4,86.99
14839,4839,339,5,87.99
14840,4840,340,1,88.99
14841,4841,341,2,89.99
14842,4842,342,3,90.99
14843,4843,343,4,91.99
14844,4844,344,5,92.99
14845,4845,345,1,93.99
14846,4846,346,2,94.99
14847,4847,347,3,95.99
14848,4848,348,4,96.99
14849,4849,349,5,97.99
14850,4850,350,1,98.99
14851,4851,351,2,9.99
14852,4852,352,3,10.99
14853,4853,353,4,11.99
14854,4854,354,5,12.99
14855,4855,355,1,13.99
14856,4856,356,2,14.99
14857,4857,357,3,15.99
14858,4858,358,4,16.99
14859,4859,359,5,17.99
14860,4860,360,1,18.99
14861,4861,361,2,19.99
14862,4862,362,3,20.99
14863,4863,363,4,21.99
14864,4864,364,5,22.99
14865,4865,365,1,23.99
14866,4866,366,2,24.99
14867,4867,367,3,25.99
14868,4868,368,4,26.99
14869,4869,369,5,27.99
14870,4870,370,1,28.99
14871,4871,371,2,29.99
14872,4872,372,3,30.99
14873,4873,373,4,31.99
14874,4874,374,5,32.99
14875,4875,375,1,33.99
14876,4876,376,2,34.99
14877,4877,377,3,35.99
14878,4878,378,4,36.99
14879,4879,379,5,37.99
14880,4880,380,1,38.99
14881,4881,381,2,39.99
14882,4882,382,3,40.99
14883,4883,383,4,41.99
14884,4884,384,5,42.99
14885,4885,385,1,43.99
14886,4886,386,2,44.99
14887,4887,387,3,45.99
14888,4888,388,4,46.99
14889,4889,389,5,47.99
14890,4890,390,1,48.99
14891,4891,391,2,49.99
14892,4892,392,3,50.99
14893,4893,393,4,51.99
14894,4894,394,5,52.99
14895,4895,395,1,53.99
14896,4896,396,2,54.99
14897,4897,397,3,55.99
14898,4898,398,4,56.99
14899,4899,399,5,57.99
14900,4900,400,1,58.99
14901,4901,401,2,59.99
14902,4902,402,3,60.99
14903,4903,403,4,61.99
14904,4904,404,5,62.99
14905,4905,405,1,63.99
14906,4906,406,2,64.99
14907,4907,407,3,65.99
14908,4908,408,4,66.99
14909,4909,409,5,67.99
14910,4910,410,1,68.99
14911,4911,411,2,69.99
14912,4912,412,3,70.99
14913,4913,413,4,71.99
14914,4914,414,5,72.99
14915,4915,415,1,73.99
14916,4916,416,2,74.99
14917,4917,417,3,75.99
14918,4918,418,4,76.99
14919,4919,419,5,77.99
14920,4920,420,1,78.99
14921,4921,421,2,79.99
14922,4922,422,3,80.99
14923,4923,423,4,81.99
14924,4924,424,5,82.99
14925,4925,425,1,83.99
14926,4926,426,2,84.99
14927,4927,427,3,85.99
14928,4928,428,4,86.99
14929,4929,429,5,87.99
14930,4930,430,1,88.99
14931,4931,431,2,89.99
14932,4932,432,3,90.99
14933,4933,433,4,91.99
14934,4934,434,5,92.99
14935,4935,435,1,93.99
14936,4936,436,2,94.99
14937,4937,437,3,95.99
14938,4938,438,4,96.99
14939,4939,439,5,97.99
14940,4940,440,1,98.99
14941,4941,441,2,9.99
14942,4942,442,3,10.99
14943,4943,443,4,11.99
14944,4944,444,5,12.99
14945,4945,445,1,13.99
14946,4946,446,2,14.99
14947,4947,447,3,15.99
14948,4948,448,4,16.99
14949,4949,449,5,17.99
14950,4950,450,1,18.99
14951,4951,451,2,19.99
14952,4952,452,3,20.99
14953,4953,453,4,21.99
14954,4954,454,5,22.99
14955,4955,455,1,23.99
14956,4956,456,2,24.99
14957,4957,457,3,25.99
14958,4958,458,4,26.99
14959,4959,459,5,27.99
14960,4960,460,1,28.99
14961,4961,461,2,29.99
14962,4962,462,3,30.99
14963,4963,463,4,31.99
14964,4964,464,5,32.99
14965,4965,465,1,33.99
14966,4966,466,2,34.99
14967,4967,467,3,35.99
14968,4968,468,4,36.99
14969,4969,469,5,37.99
14970,4970,470,1,38.99
14971,4971,471,2,39.99
14972,4972,472,3,40.99
14973,4973,473,4,41.99
14974,4974,474,5,42.99
14975,4975,475,1,43.99
14976,4976,476,2,44.99
14977,4977,477,3,45.99
14978,4978,478,4,46.99
14979,4979,479,5,47.99
14980,4980,480,1,48.99
14981,4981,481,2,49.99
14982,4982,482,3,50.99
14983,4983,483,4,51.99
14984,4984,484,5,52.99
14985,4985,485,1,53.99
14986,4986,486,2,54.99
14987,4987,487,3,55.99
14988,4988,488,4,56.99
14989,4989,489,5,57.99
14990,4990,490,1,58.99
14991,4991,491,2,59.99
14992,4992,492,3,60.99
14993,4993,493,4,61.99
14994,4994,494,5,62.99
14995,4995,495,1,63.99
14996,4996,496,2,64.99
14997,4997,497,3,65.99
14998,4998,498,4,66.99
14999,4999,499,5,67.99
15000,5000,500,1,68.99
